Początek okresu raportowania,Koniec okresu raportowania,Nazwa kampanii,Wyświetlenia w kampanii,Wyniki,Wskaźnik wyników,Koszt wyników,Budżet zestawu reklam,Typ budżetu zestawu reklam,Wydana kwota (USD),Wyświetlenia,Zasięg,Zakończenie,Ustawienie atrybucji
2026-07-31,2026-07-31,Leads Agency PL,inactive,,,,10,Dzienny,5.26,860,747,W toku,Kliknięcia z 7 dni lub wyświetlenia z 1 dnia
2026-07-31,2026-07-31,Pracownik Magazynowy PL/ RU/ ENG Leads,inactive,1,actions:leadgen.other,15.07,15,Dzienny,15.07,900,759,W toku,Kliknięcia z 7 dni lub wyświetlenia z 1 dnia
2026-07-31,2026-07-31,Leads RU Mrozek 100 eur,inactive,,,,10,Dzienny,0,0,0,W toku,Kliknięcia z 7 dni lub wyświetlenia z 1 dnia
2026-07-31,2026-07-31,Leads PL Dyspozytor Poltrakt,inactive,,,,10,Dzienny,0,0,0,W toku,Kliknięcia z 7 dni lub wyświetlenia z 1 dnia
2026-07-31,2026-07-31,Leads PL Dyspozytor Poltrakt,inactive,,,,10,Dzienny,0,0,0,W toku,Kliknięcia z 7 dni lub wyświetlenia z 1 dnia
2026-07-31,2026-07-31,PL Agency Ads,inactive,,,,10,Dzienny,0,0,0,W toku,Kliknięcia z 7 dni lub wyświetlenia z 1 dnia
2026-07-31,2026-07-31,RU Leads Poltrakt CE PL S/F Start 20.06.2026,inactive,,,,30,Dzienny,0,0,0,W toku,Kliknięcia z 7 dni lub wyświetlenia z 1 dnia
2026-07-31,2026-07-31,Leads RU Mrozek 100 eur,inactive,,,,10,Dzienny,0,0,0,W toku,Kliknięcia z 7 dni lub wyświetlenia z 1 dnia
2026-07-31,2026-07-31,Leads ENG Poltrakt Week/Cadence Poland,inactive,8,actions:leadgen.other,1.45625,20,Dzienny,11.65,3272,2552,W toku,Kliknięcia z 7 dni lub wyświetlenia z 1 dnia
2026-07-31,2026-07-31,PL Agency Ads Start 14.05.2026,inactive,,,,10,Dzienny,0,0,0,W toku,Kliknięcia z 7 dni lub wyświetlenia z 1 dnia
2026-07-31,2026-07-31,Poltrakt PL Magazynier,inactive,,,,5,Dzienny,0,0,0,W toku,Kliknięcia z 7 dni lub wyświetlenia z 1 dnia
2026-07-31,2026-07-31,Poltrakt Drivers CE Week/Full,inactive,,,,Użycie budżetu zestawu reklam,0,0,0,0,W toku,Kliknięcia z 7 dni lub wyświetlenia z 1 dnia
2026-07-31,2026-07-31,Poltrakt PL CE Italy/ pol leads,inactive,,,,11,Dzienny,0,0,0,W toku,Kliknięcia z 7 dni lub wyświetlenia z 1 dnia
2026-07-31,2026-07-31,Poltrakt PL CE Pol Leads,inactive,,,,7,Dzienny,0,0,0,W toku,Kliknięcia z 7 dni lub wyświetlenia z 1 dnia
2026-07-30,2026-07-30,Leads Agency PL,inactive,2,actions:leadgen.other,5.935,10,Dzienny,11.87,1922,1412,W toku,Kliknięcia z 7 dni lub wyświetlenia z 1 dnia
2026-07-30,2026-07-30,Pracownik Magazynowy PL/ RU/ ENG Leads,inactive,3,actions:leadgen.other,6.89333333,15,Dzienny,20.68,1494,1214,W toku,Kliknięcia z 7 dni lub wyświetlenia z 1 dnia
2026-07-30,2026-07-30,Leads RU Mrozek 100 eur,inactive,,,,10,Dzienny,0,0,0,W toku,Kliknięcia z 7 dni lub wyświetlenia z 1 dnia
2026-07-30,2026-07-30,Leads PL Dyspozytor Poltrakt,inactive,,,,10,Dzienny,0,0,0,W toku,Kliknięcia z 7 dni lub wyświetlenia z 1 dnia
2026-07-30,2026-07-30,Leads PL Dyspozytor Poltrakt,inactive,,,,10,Dzienny,0,0,0,W toku,Kliknięcia z 7 dni lub wyświetlenia z 1 dnia
2026-07-30,2026-07-30,PL Agency Ads,inactive,,,,10,Dzienny,0,0,0,W toku,Kliknięcia z 7 dni lub wyświetlenia z 1 dnia
2026-07-30,2026-07-30,RU Leads Poltrakt CE PL S/F Start 20.06.2026,inactive,,,,30,Dzienny,0,0,0,W toku,Kliknięcia z 7 dni lub wyświetlenia z 1 dnia
2026-07-30,2026-07-30,Leads RU Mrozek 100 eur,inactive,,,,10,Dzienny,0,0,0,W toku,Kliknięcia z 7 dni lub wyświetlenia z 1 dnia
2026-07-30,2026-07-30,Leads ENG Poltrakt Week/Cadence Poland,inactive,12,actions:leadgen.other,1.53833333,20,Dzienny,18.46,5116,3384,W toku,Kliknięcia z 7 dni lub wyświetlenia z 1 dnia
2026-07-30,2026-07-30,PL Agency Ads Start 14.05.2026,inactive,,,,10,Dzienny,0,0,0,W toku,Kliknięcia z 7 dni lub wyświetlenia z 1 dnia
2026-07-30,2026-07-30,Poltrakt PL Magazynier,inactive,,,,5,Dzienny,0,0,0,W toku,Kliknięcia z 7 dni lub wyświetlenia z 1 dnia
2026-07-30,2026-07-30,Poltrakt Drivers CE Week/Full,inactive,,,,Użycie budżetu zestawu reklam,0,0,0,0,W toku,Kliknięcia z 7 dni lub wyświetlenia z 1 dnia
2026-07-30,2026-07-30,Poltrakt PL CE Italy/ pol leads,inactive,,,,11,Dzienny,0,0,0,W toku,Kliknięcia z 7 dni lub wyświetlenia z 1 dnia
2026-07-30,2026-07-30,Poltrakt PL CE Pol Leads,inactive,,,,7,Dzienny,0,0,0,W toku,Kliknięcia z 7 dni lub wyświetlenia z 1 dnia
2026-07-29,2026-07-29,Leads Agency PL,inactive,,,,10,Dzienny,10.75,1520,1115,W toku,Kliknięcia z 7 dni lub wyświetlenia z 1 dnia
2026-07-29,2026-07-29,Pracownik Magazynowy PL/ RU/ ENG Leads,inactive,2,actions:leadgen.other,8.47,15,Dzienny,16.94,1582,1311,W toku,Kliknięcia z 7 dni lub wyświetlenia z 1 dnia
2026-07-29,2026-07-29,Leads RU Mrozek 100 eur,inactive,,,,10,Dzienny,0,0,0,W toku,Kliknięcia z 7 dni lub wyświetlenia z 1 dnia
2026-07-29,2026-07-29,Leads PL Dyspozytor Poltrakt,inactive,,,,10,Dzienny,0,0,0,W toku,Kliknięcia z 7 dni lub wyświetlenia z 1 dnia
2026-07-29,2026-07-29,Leads PL Dyspozytor Poltrakt,inactive,,,,10,Dzienny,0,0,0,W toku,Kliknięcia z 7 dni lub wyświetlenia z 1 dnia
2026-07-29,2026-07-29,PL Agency Ads,inactive,,,,10,Dzienny,0,0,0,W toku,Kliknięcia z 7 dni lub wyświetlenia z 1 dnia
2026-07-29,2026-07-29,RU Leads Poltrakt CE PL S/F Start 20.06.2026,inactive,,,,30,Dzienny,0,0,0,W toku,Kliknięcia z 7 dni lub wyświetlenia z 1 dnia
2026-07-29,2026-07-29,Leads RU Mrozek 100 eur,inactive,,,,10,Dzienny,0,0,0,W toku,Kliknięcia z 7 dni lub wyświetlenia z 1 dnia
2026-07-29,2026-07-29,Leads ENG Poltrakt Week/Cadence Poland,inactive,10,actions:leadgen.other,1.871,20,Dzienny,18.71,5493,3999,W toku,Kliknięcia z 7 dni lub wyświetlenia z 1 dnia
2026-07-29,2026-07-29,PL Agency Ads Start 14.05.2026,inactive,,,,10,Dzienny,0,0,0,W toku,Kliknięcia z 7 dni lub wyświetlenia z 1 dnia
2026-07-29,2026-07-29,Poltrakt PL Magazynier,inactive,,,,5,Dzienny,0,0,0,W toku,Kliknięcia z 7 dni lub wyświetlenia z 1 dnia
2026-07-29,2026-07-29,Poltrakt Drivers CE Week/Full,inactive,,,,Użycie budżetu zestawu reklam,0,0,0,0,W toku,Kliknięcia z 7 dni lub wyświetlenia z 1 dnia
2026-07-29,2026-07-29,Poltrakt PL CE Italy/ pol leads,inactive,,,,11,Dzienny,0,0,0,W toku,Kliknięcia z 7 dni lub wyświetlenia z 1 dnia
2026-07-29,2026-07-29,Poltrakt PL CE Pol Leads,inactive,,,,7,Dzienny,0,0,0,W toku,Kliknięcia z 7 dni lub wyświetlenia z 1 dnia
2026-07-28,2026-07-28,Leads Agency PL,inactive,2,actions:leadgen.other,4.335,10,Dzienny,8.67,1528,1029,W toku,Kliknięcia z 7 dni lub wyświetlenia z 1 dnia
2026-07-28,2026-07-28,Pracownik Magazynowy PL/ RU/ ENG Leads,inactive,,,,15,Dzienny,0.57,72,66,W toku,Kliknięcia z 7 dni lub wyświetlenia z 1 dnia
2026-07-28,2026-07-28,Leads RU Mrozek 100 eur,inactive,,,,10,Dzienny,0,0,0,W toku,Kliknięcia z 7 dni lub wyświetlenia z 1 dnia
2026-07-28,2026-07-28,Leads PL Dyspozytor Poltrakt,inactive,,,,10,Dzienny,0,0,0,W toku,Kliknięcia z 7 dni lub wyświetlenia z 1 dnia
2026-07-28,2026-07-28,Leads PL Dyspozytor Poltrakt,inactive,,,,10,Dzienny,0,0,0,W toku,Kliknięcia z 7 dni lub wyświetlenia z 1 dnia
2026-07-28,2026-07-28,PL Agency Ads,inactive,,,,10,Dzienny,0,0,0,W toku,Kliknięcia z 7 dni lub wyświetlenia z 1 dnia
2026-07-28,2026-07-28,RU Leads Poltrakt CE PL S/F Start 20.06.2026,inactive,,,,30,Dzienny,0,0,0,W toku,Kliknięcia z 7 dni lub wyświetlenia z 1 dnia
2026-07-28,2026-07-28,Leads RU Mrozek 100 eur,inactive,,,,10,Dzienny,0,0,0,W toku,Kliknięcia z 7 dni lub wyświetlenia z 1 dnia
2026-07-28,2026-07-28,Leads ENG Poltrakt Week/Cadence Poland,inactive,16,actions:leadgen.other,1.251875,20,Dzienny,20.03,6255,4591,W toku,Kliknięcia z 7 dni lub wyświetlenia z 1 dnia
2026-07-28,2026-07-28,PL Agency Ads Start 14.05.2026,inactive,,,,10,Dzienny,0,0,0,W toku,Kliknięcia z 7 dni lub wyświetlenia z 1 dnia
2026-07-28,2026-07-28,Poltrakt PL Magazynier,inactive,,,,5,Dzienny,0,0,0,W toku,Kliknięcia z 7 dni lub wyświetlenia z 1 dnia
2026-07-28,2026-07-28,Poltrakt Drivers CE Week/Full,inactive,,,,Użycie budżetu zestawu reklam,0,0,0,0,W toku,Kliknięcia z 7 dni lub wyświetlenia z 1 dnia
2026-07-28,2026-07-28,Poltrakt PL CE Italy/ pol leads,inactive,,,,11,Dzienny,0,0,0,W toku,Kliknięcia z 7 dni lub wyświetlenia z 1 dnia
2026-07-28,2026-07-28,Poltrakt PL CE Pol Leads,inactive,,,,7,Dzienny,0,0,0,W toku,Kliknięcia z 7 dni lub wyświetlenia z 1 dnia
2026-07-27,2026-07-27,Leads Agency PL,inactive,,,,10,Dzienny,3.17,638,456,W toku,Kliknięcia z 7 dni lub wyświetlenia z 1 dnia
2026-07-27,2026-07-27,Pracownik Magazynowy PL/ RU/ ENG Leads,inactive,12,actions:leadgen.other,0.37416667,15,Dzienny,4.49,1428,1266,W toku,Kliknięcia z 7 dni lub wyświetlenia z 1 dnia
2026-07-27,2026-07-27,Leads RU Mrozek 100 eur,inactive,,,,10,Dzienny,0,0,0,W toku,Kliknięcia z 7 dni lub wyświetlenia z 1 dnia
2026-07-27,2026-07-27,Leads PL Dyspozytor Poltrakt,inactive,,,,10,Dzienny,0,0,0,W toku,Kliknięcia z 7 dni lub wyświetlenia z 1 dnia
2026-07-27,2026-07-27,Leads PL Dyspozytor Poltrakt,inactive,,,,10,Dzienny,0,0,0,W toku,Kliknięcia z 7 dni lub wyświetlenia z 1 dnia
2026-07-27,2026-07-27,PL Agency Ads,inactive,,,,10,Dzienny,0,0,0,W toku,Kliknięcia z 7 dni lub wyświetlenia z 1 dnia
2026-07-27,2026-07-27,RU Leads Poltrakt CE PL S/F Start 20.06.2026,inactive,,,,30,Dzienny,0,0,0,W toku,Kliknięcia z 7 dni lub wyświetlenia z 1 dnia
2026-07-27,2026-07-27,Leads RU Mrozek 100 eur,inactive,,,,10,Dzienny,0,0,0,W toku,Kliknięcia z 7 dni lub wyświetlenia z 1 dnia
2026-07-27,2026-07-27,Leads ENG Poltrakt Week/Cadence Poland,inactive,8,actions:leadgen.other,2.52625,20,Dzienny,20.21,6276,4176,W toku,Kliknięcia z 7 dni lub wyświetlenia z 1 dnia
2026-07-27,2026-07-27,PL Agency Ads Start 14.05.2026,inactive,,,,10,Dzienny,0,0,0,W toku,Kliknięcia z 7 dni lub wyświetlenia z 1 dnia
2026-07-27,2026-07-27,Poltrakt PL Magazynier,inactive,,,,5,Dzienny,0,0,0,W toku,Kliknięcia z 7 dni lub wyświetlenia z 1 dnia
2026-07-27,2026-07-27,Poltrakt Drivers CE Week/Full,inactive,,,,Użycie budżetu zestawu reklam,0,0,0,0,W toku,Kliknięcia z 7 dni lub wyświetlenia z 1 dnia
2026-07-27,2026-07-27,Poltrakt PL CE Italy/ pol leads,inactive,,,,11,Dzienny,0,0,0,W toku,Kliknięcia z 7 dni lub wyświetlenia z 1 dnia
2026-07-27,2026-07-27,Poltrakt PL CE Pol Leads,inactive,,,,7,Dzienny,0,0,0,W toku,Kliknięcia z 7 dni lub wyświetlenia z 1 dnia
2026-07-26,2026-07-26,Leads Agency PL,inactive,,,,10,Dzienny,0,0,0,W toku,Kliknięcia z 7 dni lub wyświetlenia z 1 dnia
2026-07-26,2026-07-26,Pracownik Magazynowy PL/ RU/ ENG Leads,inactive,23,actions:leadgen.other,0.61217391,15,Dzienny,14.08,4253,3347,W toku,Kliknięcia z 7 dni lub wyświetlenia z 1 dnia
2026-07-26,2026-07-26,Leads RU Mrozek 100 eur,inactive,,,,10,Dzienny,0,0,0,W toku,Kliknięcia z 7 dni lub wyświetlenia z 1 dnia
2026-07-26,2026-07-26,Leads PL Dyspozytor Poltrakt,inactive,,,,10,Dzienny,0,0,0,W toku,Kliknięcia z 7 dni lub wyświetlenia z 1 dnia
2026-07-26,2026-07-26,Leads PL Dyspozytor Poltrakt,inactive,,,,10,Dzienny,0,0,0,W toku,Kliknięcia z 7 dni lub wyświetlenia z 1 dnia
2026-07-26,2026-07-26,PL Agency Ads,inactive,,,,10,Dzienny,0,0,0,W toku,Kliknięcia z 7 dni lub wyświetlenia z 1 dnia
2026-07-26,2026-07-26,RU Leads Poltrakt CE PL S/F Start 20.06.2026,inactive,,,,30,Dzienny,0,0,0,W toku,Kliknięcia z 7 dni lub wyświetlenia z 1 dnia
2026-07-26,2026-07-26,Leads RU Mrozek 100 eur,inactive,,,,10,Dzienny,0,0,0,W toku,Kliknięcia z 7 dni lub wyświetlenia z 1 dnia
2026-07-26,2026-07-26,Leads ENG Poltrakt Week/Cadence Poland,inactive,10,actions:leadgen.other,2.106,20,Dzienny,21.06,6465,4161,W toku,Kliknięcia z 7 dni lub wyświetlenia z 1 dnia
2026-07-26,2026-07-26,PL Agency Ads Start 14.05.2026,inactive,,,,10,Dzienny,0,0,0,W toku,Kliknięcia z 7 dni lub wyświetlenia z 1 dnia
2026-07-26,2026-07-26,Poltrakt PL Magazynier,inactive,,,,5,Dzienny,0,0,0,W toku,Kliknięcia z 7 dni lub wyświetlenia z 1 dnia
2026-07-26,2026-07-26,Poltrakt Drivers CE Week/Full,inactive,,,,Użycie budżetu zestawu reklam,0,0,0,0,W toku,Kliknięcia z 7 dni lub wyświetlenia z 1 dnia
2026-07-26,2026-07-26,Poltrakt PL CE Italy/ pol leads,inactive,,,,11,Dzienny,0,0,0,W toku,Kliknięcia z 7 dni lub wyświetlenia z 1 dnia
2026-07-26,2026-07-26,Poltrakt PL CE Pol Leads,inactive,,,,7,Dzienny,0,0,0,W toku,Kliknięcia z 7 dni lub wyświetlenia z 1 dnia
2026-07-25,2026-07-25,Leads Agency PL,inactive,,,,10,Dzienny,0,0,0,W toku,Kliknięcia z 7 dni lub wyświetlenia z 1 dnia
2026-07-25,2026-07-25,Pracownik Magazynowy PL/ RU/ ENG Leads,inactive,32,actions:leadgen.other,0.4465625,15,Dzienny,14.29,4345,3433,W toku,Kliknięcia z 7 dni lub wyświetlenia z 1 dnia
2026-07-25,2026-07-25,Leads RU Mrozek 100 eur,inactive,,,,10,Dzienny,0,0,0,W toku,Kliknięcia z 7 dni lub wyświetlenia z 1 dnia
2026-07-25,2026-07-25,Leads PL Dyspozytor Poltrakt,inactive,,,,10,Dzienny,7.54,1185,936,W toku,Kliknięcia z 7 dni lub wyświetlenia z 1 dnia
2026-07-25,2026-07-25,Leads PL Dyspozytor Poltrakt,inactive,,,,10,Dzienny,0,0,0,W toku,Kliknięcia z 7 dni lub wyświetlenia z 1 dnia
2026-07-25,2026-07-25,PL Agency Ads,inactive,,,,10,Dzienny,0,0,0,W toku,Kliknięcia z 7 dni lub wyświetlenia z 1 dnia
2026-07-25,2026-07-25,RU Leads Poltrakt CE PL S/F Start 20.06.2026,inactive,,,,30,Dzienny,0,0,0,W toku,Kliknięcia z 7 dni lub wyświetlenia z 1 dnia
2026-07-25,2026-07-25,Leads RU Mrozek 100 eur,inactive,,,,10,Dzienny,0,0,0,W toku,Kliknięcia z 7 dni lub wyświetlenia z 1 dnia
2026-07-25,2026-07-25,Leads ENG Poltrakt Week/Cadence Poland,inactive,8,actions:leadgen.other,2.25625,20,Dzienny,18.05,5478,3668,W toku,Kliknięcia z 7 dni lub wyświetlenia z 1 dnia
2026-07-25,2026-07-25,PL Agency Ads Start 14.05.2026,inactive,,,,10,Dzienny,0,0,0,W toku,Kliknięcia z 7 dni lub wyświetlenia z 1 dnia
2026-07-25,2026-07-25,Poltrakt PL Magazynier,inactive,,,,5,Dzienny,0,0,0,W toku,Kliknięcia z 7 dni lub wyświetlenia z 1 dnia
2026-07-25,2026-07-25,Poltrakt Drivers CE Week/Full,inactive,,,,Użycie budżetu zestawu reklam,0,0,0,0,W toku,Kliknięcia z 7 dni lub wyświetlenia z 1 dnia
2026-07-25,2026-07-25,Poltrakt PL CE Italy/ pol leads,inactive,,,,11,Dzienny,0,0,0,W toku,Kliknięcia z 7 dni lub wyświetlenia z 1 dnia
2026-07-25,2026-07-25,Poltrakt PL CE Pol Leads,inactive,,,,7,Dzienny,0,0,0,W toku,Kliknięcia z 7 dni lub wyświetlenia z 1 dnia
2026-07-24,2026-07-24,Leads Agency PL,inactive,,,,10,Dzienny,0,0,0,W toku,Kliknięcia z 7 dni lub wyświetlenia z 1 dnia
2026-07-24,2026-07-24,Pracownik Magazynowy PL/ RU/ ENG Leads,inactive,43,actions:leadgen.other,0.29627907,15,Dzienny,12.74,3569,2609,W toku,Kliknięcia z 7 dni lub wyświetlenia z 1 dnia
2026-07-24,2026-07-24,Leads RU Mrozek 100 eur,inactive,,,,10,Dzienny,4.67,93,84,W toku,Kliknięcia z 7 dni lub wyświetlenia z 1 dnia
2026-07-24,2026-07-24,Leads PL Dyspozytor Poltrakt,inactive,,,,10,Dzienny,8.86,1665,1366,W toku,Kliknięcia z 7 dni lub wyświetlenia z 1 dnia
2026-07-24,2026-07-24,Leads PL Dyspozytor Poltrakt,inactive,,,,10,Dzienny,0,0,0,W toku,Kliknięcia z 7 dni lub wyświetlenia z 1 dnia
2026-07-24,2026-07-24,PL Agency Ads,inactive,,,,10,Dzienny,0,0,0,W toku,Kliknięcia z 7 dni lub wyświetlenia z 1 dnia
2026-07-24,2026-07-24,RU Leads Poltrakt CE PL S/F Start 20.06.2026,inactive,,,,30,Dzienny,0,0,0,W toku,Kliknięcia z 7 dni lub wyświetlenia z 1 dnia
2026-07-24,2026-07-24,Leads RU Mrozek 100 eur,inactive,,,,10,Dzienny,0,0,0,W toku,Kliknięcia z 7 dni lub wyświetlenia z 1 dnia
2026-07-24,2026-07-24,Leads ENG Poltrakt Week/Cadence Poland,inactive,10,actions:leadgen.other,1.926,20,Dzienny,19.26,6339,4230,W toku,Kliknięcia z 7 dni lub wyświetlenia z 1 dnia
2026-07-24,2026-07-24,PL Agency Ads Start 14.05.2026,inactive,,,,10,Dzienny,0,0,0,W toku,Kliknięcia z 7 dni lub wyświetlenia z 1 dnia
2026-07-24,2026-07-24,Poltrakt PL Magazynier,inactive,,,,5,Dzienny,0,0,0,W toku,Kliknięcia z 7 dni lub wyświetlenia z 1 dnia
2026-07-24,2026-07-24,Poltrakt Drivers CE Week/Full,inactive,,,,Użycie budżetu zestawu reklam,0,0,0,0,W toku,Kliknięcia z 7 dni lub wyświetlenia z 1 dnia
2026-07-24,2026-07-24,Poltrakt PL CE Italy/ pol leads,inactive,,,,11,Dzienny,0,0,0,W toku,Kliknięcia z 7 dni lub wyświetlenia z 1 dnia
2026-07-24,2026-07-24,Poltrakt PL CE Pol Leads,inactive,,,,7,Dzienny,0,0,0,W toku,Kliknięcia z 7 dni lub wyświetlenia z 1 dnia
2026-07-23,2026-07-23,Leads Agency PL,inactive,,,,10,Dzienny,0,0,0,W toku,Kliknięcia z 7 dni lub wyświetlenia z 1 dnia
2026-07-23,2026-07-23,Pracownik Magazynowy PL/ RU/ ENG Leads,inactive,20,actions:leadgen.other,0.3935,15,Dzienny,7.87,2062,1714,W toku,Kliknięcia z 7 dni lub wyświetlenia z 1 dnia
2026-07-23,2026-07-23,Leads RU Mrozek 100 eur,inactive,,,,10,Dzienny,10.42,200,192,W toku,Kliknięcia z 7 dni lub wyświetlenia z 1 dnia
2026-07-23,2026-07-23,Leads PL Dyspozytor Poltrakt,inactive,,,,10,Dzienny,9.58,1878,1552,W toku,Kliknięcia z 7 dni lub wyświetlenia z 1 dnia
2026-07-23,2026-07-23,Leads PL Dyspozytor Poltrakt,inactive,,,,10,Dzienny,0,0,0,W toku,Kliknięcia z 7 dni lub wyświetlenia z 1 dnia
2026-07-23,2026-07-23,PL Agency Ads,inactive,,,,10,Dzienny,0,0,0,W toku,Kliknięcia z 7 dni lub wyświetlenia z 1 dnia
2026-07-23,2026-07-23,RU Leads Poltrakt CE PL S/F Start 20.06.2026,inactive,,,,30,Dzienny,0,0,0,W toku,Kliknięcia z 7 dni lub wyświetlenia z 1 dnia
2026-07-23,2026-07-23,Leads RU Mrozek 100 eur,inactive,,,,10,Dzienny,0,0,0,W toku,Kliknięcia z 7 dni lub wyświetlenia z 1 dnia
2026-07-23,2026-07-23,Leads ENG Poltrakt Week/Cadence Poland,inactive,12,actions:leadgen.other,1.57583333,20,Dzienny,18.91,5989,3890,W toku,Kliknięcia z 7 dni lub wyświetlenia z 1 dnia
2026-07-23,2026-07-23,PL Agency Ads Start 14.05.2026,inactive,,,,10,Dzienny,0,0,0,W toku,Kliknięcia z 7 dni lub wyświetlenia z 1 dnia
2026-07-23,2026-07-23,Poltrakt PL Magazynier,inactive,,,,5,Dzienny,0,0,0,W toku,Kliknięcia z 7 dni lub wyświetlenia z 1 dnia
2026-07-23,2026-07-23,Poltrakt Drivers CE Week/Full,inactive,,,,Użycie budżetu zestawu reklam,0,0,0,0,W toku,Kliknięcia z 7 dni lub wyświetlenia z 1 dnia
2026-07-23,2026-07-23,Poltrakt PL CE Italy/ pol leads,inactive,,,,11,Dzienny,0,0,0,W toku,Kliknięcia z 7 dni lub wyświetlenia z 1 dnia
2026-07-23,2026-07-23,Poltrakt PL CE Pol Leads,inactive,,,,7,Dzienny,0,0,0,W toku,Kliknięcia z 7 dni lub wyświetlenia z 1 dnia
2026-07-22,2026-07-22,Leads Agency PL,inactive,,,,10,Dzienny,0,0,0,W toku,Kliknięcia z 7 dni lub wyświetlenia z 1 dnia
2026-07-22,2026-07-22,Pracownik Magazynowy PL/ RU/ ENG Leads,inactive,,,,15,Dzienny,0,0,0,W toku,Kliknięcia z 7 dni lub wyświetlenia z 1 dnia
2026-07-22,2026-07-22,Leads RU Mrozek 100 eur,inactive,1,actions:leadgen.other,9.8,10,Dzienny,9.8,219,193,W toku,Kliknięcia z 7 dni lub wyświetlenia z 1 dnia
2026-07-22,2026-07-22,Leads PL Dyspozytor Poltrakt,inactive,,,,10,Dzienny,9.32,1946,1539,W toku,Kliknięcia z 7 dni lub wyświetlenia z 1 dnia
2026-07-22,2026-07-22,Leads PL Dyspozytor Poltrakt,inactive,,,,10,Dzienny,0,0,0,W toku,Kliknięcia z 7 dni lub wyświetlenia z 1 dnia
2026-07-22,2026-07-22,PL Agency Ads,inactive,,,,10,Dzienny,0,0,0,W toku,Kliknięcia z 7 dni lub wyświetlenia z 1 dnia
2026-07-22,2026-07-22,RU Leads Poltrakt CE PL S/F Start 20.06.2026,inactive,,,,30,Dzienny,0,0,0,W toku,Kliknięcia z 7 dni lub wyświetlenia z 1 dnia
2026-07-22,2026-07-22,Leads RU Mrozek 100 eur,inactive,,,,10,Dzienny,0,0,0,W toku,Kliknięcia z 7 dni lub wyświetlenia z 1 dnia
2026-07-22,2026-07-22,Leads ENG Poltrakt Week/Cadence Poland,inactive,11,actions:leadgen.other,1.70363636,20,Dzienny,18.74,6404,3999,W toku,Kliknięcia z 7 dni lub wyświetlenia z 1 dnia
2026-07-22,2026-07-22,PL Agency Ads Start 14.05.2026,inactive,,,,10,Dzienny,0,0,0,W toku,Kliknięcia z 7 dni lub wyświetlenia z 1 dnia
2026-07-22,2026-07-22,Poltrakt PL Magazynier,inactive,,,,5,Dzienny,0,0,0,W toku,Kliknięcia z 7 dni lub wyświetlenia z 1 dnia
2026-07-22,2026-07-22,Poltrakt Drivers CE Week/Full,inactive,,,,Użycie budżetu zestawu reklam,0,0,0,0,W toku,Kliknięcia z 7 dni lub wyświetlenia z 1 dnia
2026-07-22,2026-07-22,Poltrakt PL CE Italy/ pol leads,inactive,,,,11,Dzienny,0,0,0,W toku,Kliknięcia z 7 dni lub wyświetlenia z 1 dnia
2026-07-22,2026-07-22,Poltrakt PL CE Pol Leads,inactive,,,,7,Dzienny,0,0,0,W toku,Kliknięcia z 7 dni lub wyświetlenia z 1 dnia
2026-07-21,2026-07-21,Leads Agency PL,inactive,,,,10,Dzienny,0,0,0,W toku,Kliknięcia z 7 dni lub wyświetlenia z 1 dnia
2026-07-21,2026-07-21,Pracownik Magazynowy PL/ RU/ ENG Leads,inactive,,,,15,Dzienny,0,0,0,W toku,Kliknięcia z 7 dni lub wyświetlenia z 1 dnia
2026-07-21,2026-07-21,Leads RU Mrozek 100 eur,inactive,,,,10,Dzienny,10.71,256,215,W toku,Kliknięcia z 7 dni lub wyświetlenia z 1 dnia
2026-07-21,2026-07-21,Leads PL Dyspozytor Poltrakt,inactive,1,actions:leadgen.other,10.94,10,Dzienny,10.94,2420,1867,W toku,Kliknięcia z 7 dni lub wyświetlenia z 1 dnia
2026-07-21,2026-07-21,Leads PL Dyspozytor Poltrakt,inactive,,,,10,Dzienny,0,0,0,W toku,Kliknięcia z 7 dni lub wyświetlenia z 1 dnia
2026-07-21,2026-07-21,PL Agency Ads,inactive,,,,10,Dzienny,0,0,0,W toku,Kliknięcia z 7 dni lub wyświetlenia z 1 dnia
2026-07-21,2026-07-21,RU Leads Poltrakt CE PL S/F Start 20.06.2026,inactive,,,,30,Dzienny,0,0,0,W toku,Kliknięcia z 7 dni lub wyświetlenia z 1 dnia
2026-07-21,2026-07-21,Leads RU Mrozek 100 eur,inactive,,,,10,Dzienny,0,0,0,W toku,Kliknięcia z 7 dni lub wyświetlenia z 1 dnia
2026-07-21,2026-07-21,Leads ENG Poltrakt Week/Cadence Poland,inactive,11,actions:leadgen.other,1.75,20,Dzienny,19.25,5323,3136,W toku,Kliknięcia z 7 dni lub wyświetlenia z 1 dnia
2026-07-21,2026-07-21,PL Agency Ads Start 14.05.2026,inactive,,,,10,Dzienny,0,0,0,W toku,Kliknięcia z 7 dni lub wyświetlenia z 1 dnia
2026-07-21,2026-07-21,Poltrakt PL Magazynier,inactive,,,,5,Dzienny,0,0,0,W toku,Kliknięcia z 7 dni lub wyświetlenia z 1 dnia
2026-07-21,2026-07-21,Poltrakt Drivers CE Week/Full,inactive,,,,Użycie budżetu zestawu reklam,0,0,0,0,W toku,Kliknięcia z 7 dni lub wyświetlenia z 1 dnia
2026-07-21,2026-07-21,Poltrakt PL CE Italy/ pol leads,inactive,,,,11,Dzienny,0,0,0,W toku,Kliknięcia z 7 dni lub wyświetlenia z 1 dnia
2026-07-21,2026-07-21,Poltrakt PL CE Pol Leads,inactive,,,,7,Dzienny,0,0,0,W toku,Kliknięcia z 7 dni lub wyświetlenia z 1 dnia
2026-07-20,2026-07-20,Leads Agency PL,inactive,,,,10,Dzienny,0,0,0,W toku,Kliknięcia z 7 dni lub wyświetlenia z 1 dnia
2026-07-20,2026-07-20,Pracownik Magazynowy PL/ RU/ ENG Leads,inactive,,,,15,Dzienny,0,0,0,W toku,Kliknięcia z 7 dni lub wyświetlenia z 1 dnia
2026-07-20,2026-07-20,Leads RU Mrozek 100 eur,inactive,1,actions:leadgen.other,11.72,10,Dzienny,11.72,256,228,W toku,Kliknięcia z 7 dni lub wyświetlenia z 1 dnia
2026-07-20,2026-07-20,Leads PL Dyspozytor Poltrakt,inactive,2,actions:leadgen.other,5.355,10,Dzienny,10.71,2140,1648,W toku,Kliknięcia z 7 dni lub wyświetlenia z 1 dnia
2026-07-20,2026-07-20,Leads PL Dyspozytor Poltrakt,inactive,,,,10,Dzienny,0,0,0,W toku,Kliknięcia z 7 dni lub wyświetlenia z 1 dnia
2026-07-20,2026-07-20,PL Agency Ads,inactive,,,,10,Dzienny,0,0,0,W toku,Kliknięcia z 7 dni lub wyświetlenia z 1 dnia
2026-07-20,2026-07-20,RU Leads Poltrakt CE PL S/F Start 20.06.2026,inactive,,,,30,Dzienny,0,0,0,W toku,Kliknięcia z 7 dni lub wyświetlenia z 1 dnia
2026-07-20,2026-07-20,Leads RU Mrozek 100 eur,inactive,,,,10,Dzienny,0,0,0,W toku,Kliknięcia z 7 dni lub wyświetlenia z 1 dnia
2026-07-20,2026-07-20,Leads ENG Poltrakt Week/Cadence Poland,inactive,14,actions:leadgen.other,1.38785714,20,Dzienny,19.43,5292,2968,W toku,Kliknięcia z 7 dni lub wyświetlenia z 1 dnia
2026-07-20,2026-07-20,PL Agency Ads Start 14.05.2026,inactive,,,,10,Dzienny,0,0,0,W toku,Kliknięcia z 7 dni lub wyświetlenia z 1 dnia
2026-07-20,2026-07-20,Poltrakt PL Magazynier,inactive,,,,5,Dzienny,0,0,0,W toku,Kliknięcia z 7 dni lub wyświetlenia z 1 dnia
2026-07-20,2026-07-20,Poltrakt Drivers CE Week/Full,inactive,,,,Użycie budżetu zestawu reklam,0,0,0,0,W toku,Kliknięcia z 7 dni lub wyświetlenia z 1 dnia
2026-07-20,2026-07-20,Poltrakt PL CE Italy/ pol leads,inactive,,,,11,Dzienny,0,0,0,W toku,Kliknięcia z 7 dni lub wyświetlenia z 1 dnia
2026-07-20,2026-07-20,Poltrakt PL CE Pol Leads,inactive,,,,7,Dzienny,0,0,0,W toku,Kliknięcia z 7 dni lub wyświetlenia z 1 dnia
2026-07-19,2026-07-19,Leads Agency PL,inactive,,,,10,Dzienny,0,0,0,W toku,Kliknięcia z 7 dni lub wyświetlenia z 1 dnia
2026-07-19,2026-07-19,Pracownik Magazynowy PL/ RU/ ENG Leads,inactive,,,,15,Dzienny,0,0,0,W toku,Kliknięcia z 7 dni lub wyświetlenia z 1 dnia
2026-07-19,2026-07-19,Leads RU Mrozek 100 eur,inactive,2,actions:leadgen.other,6.46,10,Dzienny,12.92,249,223,W toku,Kliknięcia z 7 dni lub wyświetlenia z 1 dnia
2026-07-19,2026-07-19,Leads PL Dyspozytor Poltrakt,inactive,1,actions:leadgen.other,11.8,10,Dzienny,11.8,2128,1711,W toku,Kliknięcia z 7 dni lub wyświetlenia z 1 dnia
2026-07-19,2026-07-19,Leads PL Dyspozytor Poltrakt,inactive,,,,10,Dzienny,0,0,0,W toku,Kliknięcia z 7 dni lub wyświetlenia z 1 dnia
2026-07-19,2026-07-19,PL Agency Ads,inactive,,,,10,Dzienny,0,0,0,W toku,Kliknięcia z 7 dni lub wyświetlenia z 1 dnia
2026-07-19,2026-07-19,RU Leads Poltrakt CE PL S/F Start 20.06.2026,inactive,,,,30,Dzienny,0,0,0,W toku,Kliknięcia z 7 dni lub wyświetlenia z 1 dnia
2026-07-19,2026-07-19,Leads RU Mrozek 100 eur,inactive,,,,10,Dzienny,0,0,0,W toku,Kliknięcia z 7 dni lub wyświetlenia z 1 dnia
2026-07-19,2026-07-19,Leads ENG Poltrakt Week/Cadence Poland,inactive,14,actions:leadgen.other,1.87785714,20,Dzienny,26.29,6098,2860,W toku,Kliknięcia z 7 dni lub wyświetlenia z 1 dnia
2026-07-19,2026-07-19,PL Agency Ads Start 14.05.2026,inactive,,,,10,Dzienny,0,0,0,W toku,Kliknięcia z 7 dni lub wyświetlenia z 1 dnia
2026-07-19,2026-07-19,Poltrakt PL Magazynier,inactive,,,,5,Dzienny,0,0,0,W toku,Kliknięcia z 7 dni lub wyświetlenia z 1 dnia
2026-07-19,2026-07-19,Poltrakt Drivers CE Week/Full,inactive,,,,Użycie budżetu zestawu reklam,0,0,0,0,W toku,Kliknięcia z 7 dni lub wyświetlenia z 1 dnia
2026-07-19,2026-07-19,Poltrakt PL CE Italy/ pol leads,inactive,,,,11,Dzienny,0,0,0,W toku,Kliknięcia z 7 dni lub wyświetlenia z 1 dnia
2026-07-19,2026-07-19,Poltrakt PL CE Pol Leads,inactive,,,,7,Dzienny,0,0,0,W toku,Kliknięcia z 7 dni lub wyświetlenia z 1 dnia
2026-07-18,2026-07-18,Leads Agency PL,inactive,,,,10,Dzienny,0,0,0,W toku,Kliknięcia z 7 dni lub wyświetlenia z 1 dnia
2026-07-18,2026-07-18,Pracownik Magazynowy PL/ RU/ ENG Leads,inactive,,,,15,Dzienny,0,0,0,W toku,Kliknięcia z 7 dni lub wyświetlenia z 1 dnia
2026-07-18,2026-07-18,Leads RU Mrozek 100 eur,inactive,,,,10,Dzienny,17.33,365,301,W toku,Kliknięcia z 7 dni lub wyświetlenia z 1 dnia
2026-07-18,2026-07-18,Leads PL Dyspozytor Poltrakt,inactive,2,actions:leadgen.other,8.485,10,Dzienny,16.97,2827,2175,W toku,Kliknięcia z 7 dni lub wyświetlenia z 1 dnia
2026-07-18,2026-07-18,Leads PL Dyspozytor Poltrakt,inactive,,,,10,Dzienny,0,0,0,W toku,Kliknięcia z 7 dni lub wyświetlenia z 1 dnia
2026-07-18,2026-07-18,PL Agency Ads,inactive,,,,10,Dzienny,0,0,0,W toku,Kliknięcia z 7 dni lub wyświetlenia z 1 dnia
2026-07-18,2026-07-18,RU Leads Poltrakt CE PL S/F Start 20.06.2026,inactive,,,,30,Dzienny,0,0,0,W toku,Kliknięcia z 7 dni lub wyświetlenia z 1 dnia
2026-07-18,2026-07-18,Leads RU Mrozek 100 eur,inactive,,,,10,Dzienny,0,0,0,W toku,Kliknięcia z 7 dni lub wyświetlenia z 1 dnia
2026-07-18,2026-07-18,Leads ENG Poltrakt Week/Cadence Poland,inactive,22,actions:leadgen.other,1.55136364,20,Dzienny,34.13,6670,3337,W toku,Kliknięcia z 7 dni lub wyświetlenia z 1 dnia
2026-07-18,2026-07-18,PL Agency Ads Start 14.05.2026,inactive,,,,10,Dzienny,0,0,0,W toku,Kliknięcia z 7 dni lub wyświetlenia z 1 dnia
2026-07-18,2026-07-18,Poltrakt PL Magazynier,inactive,,,,5,Dzienny,0,0,0,W toku,Kliknięcia z 7 dni lub wyświetlenia z 1 dnia
2026-07-18,2026-07-18,Poltrakt Drivers CE Week/Full,inactive,,,,Użycie budżetu zestawu reklam,0,0,0,0,W toku,Kliknięcia z 7 dni lub wyświetlenia z 1 dnia
2026-07-18,2026-07-18,Poltrakt PL CE Italy/ pol leads,inactive,,,,11,Dzienny,0,0,0,W toku,Kliknięcia z 7 dni lub wyświetlenia z 1 dnia
2026-07-18,2026-07-18,Poltrakt PL CE Pol Leads,inactive,,,,7,Dzienny,0,0,0,W toku,Kliknięcia z 7 dni lub wyświetlenia z 1 dnia
2026-07-17,2026-07-17,Leads Agency PL,inactive,,,,10,Dzienny,0,0,0,W toku,Kliknięcia z 7 dni lub wyświetlenia z 1 dnia
2026-07-17,2026-07-17,Pracownik Magazynowy PL/ RU/ ENG Leads,inactive,,,,15,Dzienny,0,0,0,W toku,Kliknięcia z 7 dni lub wyświetlenia z 1 dnia
2026-07-17,2026-07-17,Leads RU Mrozek 100 eur,inactive,1,actions:leadgen.other,9.33,10,Dzienny,9.33,207,182,W toku,Kliknięcia z 7 dni lub wyświetlenia z 1 dnia
2026-07-17,2026-07-17,Leads PL Dyspozytor Poltrakt,inactive,,,,10,Dzienny,10.96,2016,1673,W toku,Kliknięcia z 7 dni lub wyświetlenia z 1 dnia
2026-07-17,2026-07-17,Leads PL Dyspozytor Poltrakt,inactive,,,,10,Dzienny,0,0,0,W toku,Kliknięcia z 7 dni lub wyświetlenia z 1 dnia
2026-07-17,2026-07-17,PL Agency Ads,inactive,,,,10,Dzienny,0,0,0,W toku,Kliknięcia z 7 dni lub wyświetlenia z 1 dnia
2026-07-17,2026-07-17,RU Leads Poltrakt CE PL S/F Start 20.06.2026,inactive,,,,30,Dzienny,0,0,0,W toku,Kliknięcia z 7 dni lub wyświetlenia z 1 dnia
2026-07-17,2026-07-17,Leads RU Mrozek 100 eur,inactive,,,,10,Dzienny,0,0,0,W toku,Kliknięcia z 7 dni lub wyświetlenia z 1 dnia
2026-07-17,2026-07-17,Leads ENG Poltrakt Week/Cadence Poland,inactive,9,actions:leadgen.other,2.30222222,20,Dzienny,20.72,4486,3188,W toku,Kliknięcia z 7 dni lub wyświetlenia z 1 dnia
2026-07-17,2026-07-17,PL Agency Ads Start 14.05.2026,inactive,,,,10,Dzienny,0,0,0,W toku,Kliknięcia z 7 dni lub wyświetlenia z 1 dnia
2026-07-17,2026-07-17,Poltrakt PL Magazynier,inactive,,,,5,Dzienny,0,0,0,W toku,Kliknięcia z 7 dni lub wyświetlenia z 1 dnia
2026-07-17,2026-07-17,Poltrakt Drivers CE Week/Full,inactive,,,,Użycie budżetu zestawu reklam,0,0,0,0,W toku,Kliknięcia z 7 dni lub wyświetlenia z 1 dnia
2026-07-17,2026-07-17,Poltrakt PL CE Italy/ pol leads,inactive,,,,11,Dzienny,0,0,0,W toku,Kliknięcia z 7 dni lub wyświetlenia z 1 dnia
2026-07-17,2026-07-17,Poltrakt PL CE Pol Leads,inactive,,,,7,Dzienny,0,0,0,W toku,Kliknięcia z 7 dni lub wyświetlenia z 1 dnia
2026-07-16,2026-07-16,Leads Agency PL,inactive,,,,10,Dzienny,0,0,0,W toku,Kliknięcia z 7 dni lub wyświetlenia z 1 dnia
2026-07-16,2026-07-16,Pracownik Magazynowy PL/ RU/ ENG Leads,inactive,,,,15,Dzienny,0,0,0,W toku,Kliknięcia z 7 dni lub wyświetlenia z 1 dnia
2026-07-16,2026-07-16,Leads RU Mrozek 100 eur,inactive,,,,10,Dzienny,0,0,0,W toku,Kliknięcia z 7 dni lub wyświetlenia z 1 dnia
2026-07-16,2026-07-16,Leads PL Dyspozytor Poltrakt,inactive,,,,10,Dzienny,0,0,0,W toku,Kliknięcia z 7 dni lub wyświetlenia z 1 dnia
2026-07-16,2026-07-16,Leads PL Dyspozytor Poltrakt,inactive,,,,10,Dzienny,0,0,0,W toku,Kliknięcia z 7 dni lub wyświetlenia z 1 dnia
2026-07-16,2026-07-16,PL Agency Ads,inactive,,,,10,Dzienny,0,0,0,W toku,Kliknięcia z 7 dni lub wyświetlenia z 1 dnia
2026-07-16,2026-07-16,RU Leads Poltrakt CE PL S/F Start 20.06.2026,inactive,,,,30,Dzienny,0,0,0,W toku,Kliknięcia z 7 dni lub wyświetlenia z 1 dnia
2026-07-16,2026-07-16,Leads RU Mrozek 100 eur,inactive,,,,10,Dzienny,0,0,0,W toku,Kliknięcia z 7 dni lub wyświetlenia z 1 dnia
2026-07-16,2026-07-16,Leads ENG Poltrakt Week/Cadence Poland,inactive,,,,20,Dzienny,0,0,0,W toku,Kliknięcia z 7 dni lub wyświetlenia z 1 dnia
2026-07-16,2026-07-16,PL Agency Ads Start 14.05.2026,inactive,,,,10,Dzienny,0,0,0,W toku,Kliknięcia z 7 dni lub wyświetlenia z 1 dnia
2026-07-16,2026-07-16,Poltrakt PL Magazynier,inactive,,,,5,Dzienny,0,0,0,W toku,Kliknięcia z 7 dni lub wyświetlenia z 1 dnia
2026-07-16,2026-07-16,Poltrakt Drivers CE Week/Full,inactive,,,,Użycie budżetu zestawu reklam,0,0,0,0,W toku,Kliknięcia z 7 dni lub wyświetlenia z 1 dnia
2026-07-16,2026-07-16,Poltrakt PL CE Italy/ pol leads,inactive,,,,11,Dzienny,0,0,0,W toku,Kliknięcia z 7 dni lub wyświetlenia z 1 dnia
2026-07-16,2026-07-16,Poltrakt PL CE Pol Leads,inactive,,,,7,Dzienny,0,0,0,W toku,Kliknięcia z 7 dni lub wyświetlenia z 1 dnia
2026-07-15,2026-07-15,Leads Agency PL,inactive,,,,10,Dzienny,0,0,0,W toku,Kliknięcia z 7 dni lub wyświetlenia z 1 dnia
2026-07-15,2026-07-15,Pracownik Magazynowy PL/ RU/ ENG Leads,inactive,,,,15,Dzienny,0,0,0,W toku,Kliknięcia z 7 dni lub wyświetlenia z 1 dnia
2026-07-15,2026-07-15,Leads RU Mrozek 100 eur,inactive,,,,10,Dzienny,0,0,0,W toku,Kliknięcia z 7 dni lub wyświetlenia z 1 dnia
2026-07-15,2026-07-15,Leads PL Dyspozytor Poltrakt,inactive,,,,10,Dzienny,0,0,0,W toku,Kliknięcia z 7 dni lub wyświetlenia z 1 dnia
2026-07-15,2026-07-15,Leads PL Dyspozytor Poltrakt,inactive,,,,10,Dzienny,0,0,0,W toku,Kliknięcia z 7 dni lub wyświetlenia z 1 dnia
2026-07-15,2026-07-15,PL Agency Ads,inactive,,,,10,Dzienny,0,1,1,W toku,Kliknięcia z 7 dni lub wyświetlenia z 1 dnia
2026-07-15,2026-07-15,RU Leads Poltrakt CE PL S/F Start 20.06.2026,inactive,,,,30,Dzienny,0,0,0,W toku,Kliknięcia z 7 dni lub wyświetlenia z 1 dnia
2026-07-15,2026-07-15,Leads RU Mrozek 100 eur,inactive,,,,10,Dzienny,0,0,0,W toku,Kliknięcia z 7 dni lub wyświetlenia z 1 dnia
2026-07-15,2026-07-15,Leads ENG Poltrakt Week/Cadence Poland,inactive,,,,20,Dzienny,2.2,277,264,W toku,Kliknięcia z 7 dni lub wyświetlenia z 1 dnia
2026-07-15,2026-07-15,PL Agency Ads Start 14.05.2026,inactive,,,,10,Dzienny,0,0,0,W toku,Kliknięcia z 7 dni lub wyświetlenia z 1 dnia
2026-07-15,2026-07-15,Poltrakt PL Magazynier,inactive,,,,5,Dzienny,0,0,0,W toku,Kliknięcia z 7 dni lub wyświetlenia z 1 dnia
2026-07-15,2026-07-15,Poltrakt Drivers CE Week/Full,inactive,,,,Użycie budżetu zestawu reklam,0,0,0,0,W toku,Kliknięcia z 7 dni lub wyświetlenia z 1 dnia
2026-07-15,2026-07-15,Poltrakt PL CE Italy/ pol leads,inactive,,,,11,Dzienny,0,0,0,W toku,Kliknięcia z 7 dni lub wyświetlenia z 1 dnia
2026-07-15,2026-07-15,Poltrakt PL CE Pol Leads,inactive,,,,7,Dzienny,0,0,0,W toku,Kliknięcia z 7 dni lub wyświetlenia z 1 dnia
2026-07-14,2026-07-14,Leads Agency PL,inactive,,,,10,Dzienny,0,0,0,W toku,Kliknięcia z 7 dni lub wyświetlenia z 1 dnia
2026-07-14,2026-07-14,Pracownik Magazynowy PL/ RU/ ENG Leads,inactive,,,,15,Dzienny,0,0,0,W toku,Kliknięcia z 7 dni lub wyświetlenia z 1 dnia
2026-07-14,2026-07-14,Leads RU Mrozek 100 eur,inactive,,,,10,Dzienny,0,0,0,W toku,Kliknięcia z 7 dni lub wyświetlenia z 1 dnia
2026-07-14,2026-07-14,Leads PL Dyspozytor Poltrakt,inactive,,,,10,Dzienny,0,0,0,W toku,Kliknięcia z 7 dni lub wyświetlenia z 1 dnia
2026-07-14,2026-07-14,Leads PL Dyspozytor Poltrakt,inactive,,,,10,Dzienny,0,0,0,W toku,Kliknięcia z 7 dni lub wyświetlenia z 1 dnia
2026-07-14,2026-07-14,PL Agency Ads,inactive,,,,10,Dzienny,0,0,0,W toku,Kliknięcia z 7 dni lub wyświetlenia z 1 dnia
2026-07-14,2026-07-14,RU Leads Poltrakt CE PL S/F Start 20.06.2026,inactive,,,,30,Dzienny,0,0,0,W toku,Kliknięcia z 7 dni lub wyświetlenia z 1 dnia
2026-07-14,2026-07-14,Leads RU Mrozek 100 eur,inactive,,,,10,Dzienny,0,0,0,W toku,Kliknięcia z 7 dni lub wyświetlenia z 1 dnia
2026-07-14,2026-07-14,Leads ENG Poltrakt Week/Cadence Poland,inactive,,,,20,Dzienny,0,0,0,W toku,Kliknięcia z 7 dni lub wyświetlenia z 1 dnia
2026-07-14,2026-07-14,PL Agency Ads Start 14.05.2026,inactive,,,,10,Dzienny,0,0,0,W toku,Kliknięcia z 7 dni lub wyświetlenia z 1 dnia
2026-07-14,2026-07-14,Poltrakt PL Magazynier,inactive,,,,5,Dzienny,0,0,0,W toku,Kliknięcia z 7 dni lub wyświetlenia z 1 dnia
2026-07-14,2026-07-14,Poltrakt Drivers CE Week/Full,inactive,,,,Użycie budżetu zestawu reklam,0,0,0,0,W toku,Kliknięcia z 7 dni lub wyświetlenia z 1 dnia
2026-07-14,2026-07-14,Poltrakt PL CE Italy/ pol leads,inactive,,,,11,Dzienny,0,0,0,W toku,Kliknięcia z 7 dni lub wyświetlenia z 1 dnia
2026-07-14,2026-07-14,Poltrakt PL CE Pol Leads,inactive,,,,7,Dzienny,0,0,0,W toku,Kliknięcia z 7 dni lub wyświetlenia z 1 dnia
2026-07-13,2026-07-13,Leads Agency PL,inactive,,,,10,Dzienny,0,0,0,W toku,Kliknięcia z 7 dni lub wyświetlenia z 1 dnia
2026-07-13,2026-07-13,Pracownik Magazynowy PL/ RU/ ENG Leads,inactive,,,,15,Dzienny,0,0,0,W toku,Kliknięcia z 7 dni lub wyświetlenia z 1 dnia
2026-07-13,2026-07-13,Leads RU Mrozek 100 eur,inactive,,,,10,Dzienny,0,0,0,W toku,Kliknięcia z 7 dni lub wyświetlenia z 1 dnia
2026-07-13,2026-07-13,Leads PL Dyspozytor Poltrakt,inactive,,,,10,Dzienny,0,0,0,W toku,Kliknięcia z 7 dni lub wyświetlenia z 1 dnia
2026-07-13,2026-07-13,Leads PL Dyspozytor Poltrakt,inactive,,,,10,Dzienny,0,0,0,W toku,Kliknięcia z 7 dni lub wyświetlenia z 1 dnia
2026-07-13,2026-07-13,PL Agency Ads,inactive,,,,10,Dzienny,0,0,0,W toku,Kliknięcia z 7 dni lub wyświetlenia z 1 dnia
2026-07-13,2026-07-13,RU Leads Poltrakt CE PL S/F Start 20.06.2026,inactive,,,,30,Dzienny,0,0,0,W toku,Kliknięcia z 7 dni lub wyświetlenia z 1 dnia
2026-07-13,2026-07-13,Leads RU Mrozek 100 eur,inactive,,,,10,Dzienny,0,0,0,W toku,Kliknięcia z 7 dni lub wyświetlenia z 1 dnia
2026-07-13,2026-07-13,Leads ENG Poltrakt Week/Cadence Poland,inactive,,,,20,Dzienny,0,0,0,W toku,Kliknięcia z 7 dni lub wyświetlenia z 1 dnia
2026-07-13,2026-07-13,PL Agency Ads Start 14.05.2026,inactive,,,,10,Dzienny,0,0,0,W toku,Kliknięcia z 7 dni lub wyświetlenia z 1 dnia
2026-07-13,2026-07-13,Poltrakt PL Magazynier,inactive,,,,5,Dzienny,0,0,0,W toku,Kliknięcia z 7 dni lub wyświetlenia z 1 dnia
2026-07-13,2026-07-13,Poltrakt Drivers CE Week/Full,inactive,,,,Użycie budżetu zestawu reklam,0,0,0,0,W toku,Kliknięcia z 7 dni lub wyświetlenia z 1 dnia
2026-07-13,2026-07-13,Poltrakt PL CE Italy/ pol leads,inactive,,,,11,Dzienny,0,0,0,W toku,Kliknięcia z 7 dni lub wyświetlenia z 1 dnia
2026-07-13,2026-07-13,Poltrakt PL CE Pol Leads,inactive,,,,7,Dzienny,0,0,0,W toku,Kliknięcia z 7 dni lub wyświetlenia z 1 dnia
2026-07-12,2026-07-12,Leads Agency PL,inactive,,,,10,Dzienny,0,0,0,W toku,Kliknięcia z 7 dni lub wyświetlenia z 1 dnia
2026-07-12,2026-07-12,Pracownik Magazynowy PL/ RU/ ENG Leads,inactive,,,,15,Dzienny,0,0,0,W toku,Kliknięcia z 7 dni lub wyświetlenia z 1 dnia
2026-07-12,2026-07-12,Leads RU Mrozek 100 eur,inactive,,,,10,Dzienny,10.57,180,163,W toku,Kliknięcia z 7 dni lub wyświetlenia z 1 dnia
2026-07-12,2026-07-12,Leads PL Dyspozytor Poltrakt,inactive,,,,10,Dzienny,10.67,2061,1730,W toku,Kliknięcia z 7 dni lub wyświetlenia z 1 dnia
2026-07-12,2026-07-12,Leads PL Dyspozytor Poltrakt,inactive,,,,10,Dzienny,0,0,0,W toku,Kliknięcia z 7 dni lub wyświetlenia z 1 dnia
2026-07-12,2026-07-12,PL Agency Ads,inactive,,,,10,Dzienny,10.3,556,490,W toku,Kliknięcia z 7 dni lub wyświetlenia z 1 dnia
2026-07-12,2026-07-12,RU Leads Poltrakt CE PL S/F Start 20.06.2026,inactive,3,actions:leadgen.other,11.32666667,30,Dzienny,33.98,6281,4333,W toku,Kliknięcia z 7 dni lub wyświetlenia z 1 dnia
2026-07-12,2026-07-12,Leads RU Mrozek 100 eur,inactive,,,,10,Dzienny,0,0,0,W toku,Kliknięcia z 7 dni lub wyświetlenia z 1 dnia
2026-07-12,2026-07-12,Leads ENG Poltrakt Week/Cadence Poland,inactive,,,,20,Dzienny,0,0,0,W toku,Kliknięcia z 7 dni lub wyświetlenia z 1 dnia
2026-07-12,2026-07-12,PL Agency Ads Start 14.05.2026,inactive,,,,10,Dzienny,0,0,0,W toku,Kliknięcia z 7 dni lub wyświetlenia z 1 dnia
2026-07-12,2026-07-12,Poltrakt PL Magazynier,inactive,,,,5,Dzienny,0,0,0,W toku,Kliknięcia z 7 dni lub wyświetlenia z 1 dnia
2026-07-12,2026-07-12,Poltrakt Drivers CE Week/Full,inactive,,,,Użycie budżetu zestawu reklam,0,0,0,0,W toku,Kliknięcia z 7 dni lub wyświetlenia z 1 dnia
2026-07-12,2026-07-12,Poltrakt PL CE Italy/ pol leads,inactive,,,,11,Dzienny,0,0,0,W toku,Kliknięcia z 7 dni lub wyświetlenia z 1 dnia
2026-07-12,2026-07-12,Poltrakt PL CE Pol Leads,inactive,,,,7,Dzienny,0,0,0,W toku,Kliknięcia z 7 dni lub wyświetlenia z 1 dnia
2026-07-11,2026-07-11,Leads Agency PL,inactive,,,,10,Dzienny,0,0,0,W toku,Kliknięcia z 7 dni lub wyświetlenia z 1 dnia
2026-07-11,2026-07-11,Pracownik Magazynowy PL/ RU/ ENG Leads,inactive,,,,15,Dzienny,0,0,0,W toku,Kliknięcia z 7 dni lub wyświetlenia z 1 dnia
2026-07-11,2026-07-11,Leads RU Mrozek 100 eur,inactive,,,,10,Dzienny,5.63,127,119,W toku,Kliknięcia z 7 dni lub wyświetlenia z 1 dnia
2026-07-11,2026-07-11,Leads PL Dyspozytor Poltrakt,inactive,,,,10,Dzienny,8.66,1943,1617,W toku,Kliknięcia z 7 dni lub wyświetlenia z 1 dnia
2026-07-11,2026-07-11,Leads PL Dyspozytor Poltrakt,inactive,,,,10,Dzienny,0,0,0,W toku,Kliknięcia z 7 dni lub wyświetlenia z 1 dnia
2026-07-11,2026-07-11,PL Agency Ads,inactive,,,,10,Dzienny,7.3,513,461,W toku,Kliknięcia z 7 dni lub wyświetlenia z 1 dnia
2026-07-11,2026-07-11,RU Leads Poltrakt CE PL S/F Start 20.06.2026,inactive,5,actions:leadgen.other,5.466,30,Dzienny,27.33,6220,4862,W toku,Kliknięcia z 7 dni lub wyświetlenia z 1 dnia
2026-07-11,2026-07-11,Leads RU Mrozek 100 eur,inactive,,,,10,Dzienny,0,0,0,W toku,Kliknięcia z 7 dni lub wyświetlenia z 1 dnia
2026-07-11,2026-07-11,Leads ENG Poltrakt Week/Cadence Poland,inactive,,,,20,Dzienny,0,0,0,W toku,Kliknięcia z 7 dni lub wyświetlenia z 1 dnia
2026-07-11,2026-07-11,PL Agency Ads Start 14.05.2026,inactive,,,,10,Dzienny,0,0,0,W toku,Kliknięcia z 7 dni lub wyświetlenia z 1 dnia
2026-07-11,2026-07-11,Poltrakt PL Magazynier,inactive,,,,5,Dzienny,0,0,0,W toku,Kliknięcia z 7 dni lub wyświetlenia z 1 dnia
2026-07-11,2026-07-11,Poltrakt Drivers CE Week/Full,inactive,,,,Użycie budżetu zestawu reklam,0,0,0,0,W toku,Kliknięcia z 7 dni lub wyświetlenia z 1 dnia
2026-07-11,2026-07-11,Poltrakt PL CE Italy/ pol leads,inactive,,,,11,Dzienny,0,0,0,W toku,Kliknięcia z 7 dni lub wyświetlenia z 1 dnia
2026-07-11,2026-07-11,Poltrakt PL CE Pol Leads,inactive,,,,7,Dzienny,0,0,0,W toku,Kliknięcia z 7 dni lub wyświetlenia z 1 dnia
2026-07-10,2026-07-10,Leads Agency PL,inactive,,,,10,Dzienny,0,0,0,W toku,Kliknięcia z 7 dni lub wyświetlenia z 1 dnia
2026-07-10,2026-07-10,Pracownik Magazynowy PL/ RU/ ENG Leads,inactive,,,,15,Dzienny,0,0,0,W toku,Kliknięcia z 7 dni lub wyświetlenia z 1 dnia
2026-07-10,2026-07-10,Leads RU Mrozek 100 eur,inactive,1,actions:leadgen.other,7.8,10,Dzienny,7.8,186,174,W toku,Kliknięcia z 7 dni lub wyświetlenia z 1 dnia
2026-07-10,2026-07-10,Leads PL Dyspozytor Poltrakt,inactive,1,actions:leadgen.other,9.89,10,Dzienny,9.89,2552,2103,W toku,Kliknięcia z 7 dni lub wyświetlenia z 1 dnia
2026-07-10,2026-07-10,Leads PL Dyspozytor Poltrakt,inactive,,,,10,Dzienny,0,0,0,W toku,Kliknięcia z 7 dni lub wyświetlenia z 1 dnia
2026-07-10,2026-07-10,PL Agency Ads,inactive,,,,10,Dzienny,8.75,547,483,W toku,Kliknięcia z 7 dni lub wyświetlenia z 1 dnia
2026-07-10,2026-07-10,RU Leads Poltrakt CE PL S/F Start 20.06.2026,inactive,7,actions:leadgen.other,3.85428571,30,Dzienny,26.98,5148,3912,W toku,Kliknięcia z 7 dni lub wyświetlenia z 1 dnia
2026-07-10,2026-07-10,Leads RU Mrozek 100 eur,inactive,,,,10,Dzienny,0,0,0,W toku,Kliknięcia z 7 dni lub wyświetlenia z 1 dnia
2026-07-10,2026-07-10,Leads ENG Poltrakt Week/Cadence Poland,inactive,,,,20,Dzienny,0,0,0,W toku,Kliknięcia z 7 dni lub wyświetlenia z 1 dnia
2026-07-10,2026-07-10,PL Agency Ads Start 14.05.2026,inactive,,,,10,Dzienny,0,0,0,W toku,Kliknięcia z 7 dni lub wyświetlenia z 1 dnia
2026-07-10,2026-07-10,Poltrakt PL Magazynier,inactive,,,,5,Dzienny,0,0,0,W toku,Kliknięcia z 7 dni lub wyświetlenia z 1 dnia
2026-07-10,2026-07-10,Poltrakt Drivers CE Week/Full,inactive,,,,Użycie budżetu zestawu reklam,0,0,0,0,W toku,Kliknięcia z 7 dni lub wyświetlenia z 1 dnia
2026-07-10,2026-07-10,Poltrakt PL CE Italy/ pol leads,inactive,,,,11,Dzienny,0,0,0,W toku,Kliknięcia z 7 dni lub wyświetlenia z 1 dnia
2026-07-10,2026-07-10,Poltrakt PL CE Pol Leads,inactive,,,,7,Dzienny,0,0,0,W toku,Kliknięcia z 7 dni lub wyświetlenia z 1 dnia
2026-07-09,2026-07-09,Leads Agency PL,inactive,,,,10,Dzienny,0,0,0,W toku,Kliknięcia z 7 dni lub wyświetlenia z 1 dnia
2026-07-09,2026-07-09,Pracownik Magazynowy PL/ RU/ ENG Leads,inactive,,,,15,Dzienny,0,0,0,W toku,Kliknięcia z 7 dni lub wyświetlenia z 1 dnia
2026-07-09,2026-07-09,Leads RU Mrozek 100 eur,inactive,1,actions:leadgen.other,10.47,10,Dzienny,10.47,186,169,W toku,Kliknięcia z 7 dni lub wyświetlenia z 1 dnia
2026-07-09,2026-07-09,Leads PL Dyspozytor Poltrakt,inactive,2,actions:leadgen.other,5.725,10,Dzienny,11.45,3524,2886,W toku,Kliknięcia z 7 dni lub wyświetlenia z 1 dnia
2026-07-09,2026-07-09,Leads PL Dyspozytor Poltrakt,inactive,,,,10,Dzienny,0,0,0,W toku,Kliknięcia z 7 dni lub wyświetlenia z 1 dnia
2026-07-09,2026-07-09,PL Agency Ads,inactive,,,,10,Dzienny,9.29,761,697,W toku,Kliknięcia z 7 dni lub wyświetlenia z 1 dnia
2026-07-09,2026-07-09,RU Leads Poltrakt CE PL S/F Start 20.06.2026,inactive,7,actions:leadgen.other,4.02285714,30,Dzienny,28.16,5507,4090,W toku,Kliknięcia z 7 dni lub wyświetlenia z 1 dnia
2026-07-09,2026-07-09,Leads RU Mrozek 100 eur,inactive,,,,10,Dzienny,0,0,0,W toku,Kliknięcia z 7 dni lub wyświetlenia z 1 dnia
2026-07-09,2026-07-09,Leads ENG Poltrakt Week/Cadence Poland,inactive,,,,20,Dzienny,0,0,0,W toku,Kliknięcia z 7 dni lub wyświetlenia z 1 dnia
2026-07-09,2026-07-09,PL Agency Ads Start 14.05.2026,inactive,,,,10,Dzienny,0,0,0,W toku,Kliknięcia z 7 dni lub wyświetlenia z 1 dnia
2026-07-09,2026-07-09,Poltrakt PL Magazynier,inactive,,,,5,Dzienny,0,0,0,W toku,Kliknięcia z 7 dni lub wyświetlenia z 1 dnia
2026-07-09,2026-07-09,Poltrakt Drivers CE Week/Full,inactive,,,,Użycie budżetu zestawu reklam,0,0,0,0,W toku,Kliknięcia z 7 dni lub wyświetlenia z 1 dnia
2026-07-09,2026-07-09,Poltrakt PL CE Italy/ pol leads,inactive,,,,11,Dzienny,0,0,0,W toku,Kliknięcia z 7 dni lub wyświetlenia z 1 dnia
2026-07-09,2026-07-09,Poltrakt PL CE Pol Leads,inactive,,,,7,Dzienny,0,0,0,W toku,Kliknięcia z 7 dni lub wyświetlenia z 1 dnia
2026-07-08,2026-07-08,Leads Agency PL,inactive,,,,10,Dzienny,0,0,0,W toku,Kliknięcia z 7 dni lub wyświetlenia z 1 dnia
2026-07-08,2026-07-08,Pracownik Magazynowy PL/ RU/ ENG Leads,inactive,,,,15,Dzienny,0,0,0,W toku,Kliknięcia z 7 dni lub wyświetlenia z 1 dnia
2026-07-08,2026-07-08,Leads RU Mrozek 100 eur,inactive,,,,10,Dzienny,07.05,205,179,W toku,Kliknięcia z 7 dni lub wyświetlenia z 1 dnia
2026-07-08,2026-07-08,Leads PL Dyspozytor Poltrakt,inactive,2,actions:leadgen.other,5.065,10,Dzienny,10.13,2083,1617,W toku,Kliknięcia z 7 dni lub wyświetlenia z 1 dnia
2026-07-08,2026-07-08,Leads PL Dyspozytor Poltrakt,inactive,,,,10,Dzienny,0,0,0,W toku,Kliknięcia z 7 dni lub wyświetlenia z 1 dnia
2026-07-08,2026-07-08,PL Agency Ads,inactive,,,,10,Dzienny,10.08,828,744,W toku,Kliknięcia z 7 dni lub wyświetlenia z 1 dnia
2026-07-08,2026-07-08,RU Leads Poltrakt CE PL S/F Start 20.06.2026,inactive,5,actions:leadgen.other,5.792,30,Dzienny,28.96,5705,4048,W toku,Kliknięcia z 7 dni lub wyświetlenia z 1 dnia
2026-07-08,2026-07-08,Leads RU Mrozek 100 eur,inactive,,,,10,Dzienny,0,0,0,W toku,Kliknięcia z 7 dni lub wyświetlenia z 1 dnia
2026-07-08,2026-07-08,Leads ENG Poltrakt Week/Cadence Poland,inactive,,,,20,Dzienny,0,0,0,W toku,Kliknięcia z 7 dni lub wyświetlenia z 1 dnia
2026-07-08,2026-07-08,PL Agency Ads Start 14.05.2026,inactive,,,,10,Dzienny,0,0,0,W toku,Kliknięcia z 7 dni lub wyświetlenia z 1 dnia
2026-07-08,2026-07-08,Poltrakt PL Magazynier,inactive,,,,5,Dzienny,0,0,0,W toku,Kliknięcia z 7 dni lub wyświetlenia z 1 dnia
2026-07-08,2026-07-08,Poltrakt Drivers CE Week/Full,inactive,,,,Użycie budżetu zestawu reklam,0,0,0,0,W toku,Kliknięcia z 7 dni lub wyświetlenia z 1 dnia
2026-07-08,2026-07-08,Poltrakt PL CE Italy/ pol leads,inactive,,,,11,Dzienny,0,0,0,W toku,Kliknięcia z 7 dni lub wyświetlenia z 1 dnia
2026-07-08,2026-07-08,Poltrakt PL CE Pol Leads,inactive,,,,7,Dzienny,0,0,0,W toku,Kliknięcia z 7 dni lub wyświetlenia z 1 dnia
2026-07-07,2026-07-07,Leads Agency PL,inactive,,,,10,Dzienny,0,0,0,W toku,Kliknięcia z 7 dni lub wyświetlenia z 1 dnia
2026-07-07,2026-07-07,Pracownik Magazynowy PL/ RU/ ENG Leads,inactive,,,,15,Dzienny,0,0,0,W toku,Kliknięcia z 7 dni lub wyświetlenia z 1 dnia
2026-07-07,2026-07-07,Leads RU Mrozek 100 eur,inactive,,,,10,Dzienny,10.8,257,208,W toku,Kliknięcia z 7 dni lub wyświetlenia z 1 dnia
2026-07-07,2026-07-07,Leads PL Dyspozytor Poltrakt,inactive,2,actions:leadgen.other,3.745,10,Dzienny,7.49,1621,1284,W toku,Kliknięcia z 7 dni lub wyświetlenia z 1 dnia
2026-07-07,2026-07-07,Leads PL Dyspozytor Poltrakt,inactive,,,,10,Dzienny,0,0,0,W toku,Kliknięcia z 7 dni lub wyświetlenia z 1 dnia
2026-07-07,2026-07-07,PL Agency Ads,inactive,,,,10,Dzienny,10.8,958,817,W toku,Kliknięcia z 7 dni lub wyświetlenia z 1 dnia
2026-07-07,2026-07-07,RU Leads Poltrakt CE PL S/F Start 20.06.2026,inactive,10,actions:leadgen.other,3.249,30,Dzienny,32.49,5954,4315,W toku,Kliknięcia z 7 dni lub wyświetlenia z 1 dnia
2026-07-07,2026-07-07,Leads RU Mrozek 100 eur,inactive,,,,10,Dzienny,0,0,0,W toku,Kliknięcia z 7 dni lub wyświetlenia z 1 dnia
2026-07-07,2026-07-07,Leads ENG Poltrakt Week/Cadence Poland,inactive,,,,20,Dzienny,0,0,0,W toku,Kliknięcia z 7 dni lub wyświetlenia z 1 dnia
2026-07-07,2026-07-07,PL Agency Ads Start 14.05.2026,inactive,,,,10,Dzienny,0,0,0,W toku,Kliknięcia z 7 dni lub wyświetlenia z 1 dnia
2026-07-07,2026-07-07,Poltrakt PL Magazynier,inactive,,,,5,Dzienny,0,0,0,W toku,Kliknięcia z 7 dni lub wyświetlenia z 1 dnia
2026-07-07,2026-07-07,Poltrakt Drivers CE Week/Full,inactive,,,,Użycie budżetu zestawu reklam,0,0,0,0,W toku,Kliknięcia z 7 dni lub wyświetlenia z 1 dnia
2026-07-07,2026-07-07,Poltrakt PL CE Italy/ pol leads,inactive,,,,11,Dzienny,0,0,0,W toku,Kliknięcia z 7 dni lub wyświetlenia z 1 dnia
2026-07-07,2026-07-07,Poltrakt PL CE Pol Leads,inactive,,,,7,Dzienny,0,0,0,W toku,Kliknięcia z 7 dni lub wyświetlenia z 1 dnia
2026-07-06,2026-07-06,Leads Agency PL,inactive,,,,10,Dzienny,0,0,0,W toku,Kliknięcia z 7 dni lub wyświetlenia z 1 dnia
2026-07-06,2026-07-06,Pracownik Magazynowy PL/ RU/ ENG Leads,inactive,,,,15,Dzienny,0,0,0,W toku,Kliknięcia z 7 dni lub wyświetlenia z 1 dnia
2026-07-06,2026-07-06,Leads RU Mrozek 100 eur,inactive,2,actions:leadgen.other,7.79,10,Dzienny,15.58,321,245,W toku,Kliknięcia z 7 dni lub wyświetlenia z 1 dnia
2026-07-06,2026-07-06,Leads PL Dyspozytor Poltrakt,inactive,1,actions:leadgen.other,8.81,10,Dzienny,8.81,1872,1408,W toku,Kliknięcia z 7 dni lub wyświetlenia z 1 dnia
2026-07-06,2026-07-06,Leads PL Dyspozytor Poltrakt,inactive,,,,10,Dzienny,0,0,0,W toku,Kliknięcia z 7 dni lub wyświetlenia z 1 dnia
2026-07-06,2026-07-06,PL Agency Ads,inactive,1,actions:leadgen.other,12.23,10,Dzienny,12.23,1011,860,W toku,Kliknięcia z 7 dni lub wyświetlenia z 1 dnia
2026-07-06,2026-07-06,RU Leads Poltrakt CE PL S/F Start 20.06.2026,inactive,6,actions:leadgen.other,5.40166667,30,Dzienny,32.41,5869,4028,W toku,Kliknięcia z 7 dni lub wyświetlenia z 1 dnia
2026-07-06,2026-07-06,Leads RU Mrozek 100 eur,inactive,,,,10,Dzienny,0,0,0,W toku,Kliknięcia z 7 dni lub wyświetlenia z 1 dnia
2026-07-06,2026-07-06,Leads ENG Poltrakt Week/Cadence Poland,inactive,,,,20,Dzienny,0,0,0,W toku,Kliknięcia z 7 dni lub wyświetlenia z 1 dnia
2026-07-06,2026-07-06,PL Agency Ads Start 14.05.2026,inactive,,,,10,Dzienny,0,0,0,W toku,Kliknięcia z 7 dni lub wyświetlenia z 1 dnia
2026-07-06,2026-07-06,Poltrakt PL Magazynier,inactive,,,,5,Dzienny,0,0,0,W toku,Kliknięcia z 7 dni lub wyświetlenia z 1 dnia
2026-07-06,2026-07-06,Poltrakt Drivers CE Week/Full,inactive,,,,Użycie budżetu zestawu reklam,0,0,0,0,W toku,Kliknięcia z 7 dni lub wyświetlenia z 1 dnia
2026-07-06,2026-07-06,Poltrakt PL CE Italy/ pol leads,inactive,,,,11,Dzienny,0,0,0,W toku,Kliknięcia z 7 dni lub wyświetlenia z 1 dnia
2026-07-06,2026-07-06,Poltrakt PL CE Pol Leads,inactive,,,,7,Dzienny,0,0,0,W toku,Kliknięcia z 7 dni lub wyświetlenia z 1 dnia
2026-07-05,2026-07-05,Leads Agency PL,inactive,,,,10,Dzienny,0,0,0,W toku,Kliknięcia z 7 dni lub wyświetlenia z 1 dnia
2026-07-05,2026-07-05,Pracownik Magazynowy PL/ RU/ ENG Leads,inactive,,,,15,Dzienny,0,0,0,W toku,Kliknięcia z 7 dni lub wyświetlenia z 1 dnia
2026-07-05,2026-07-05,Leads RU Mrozek 100 eur,inactive,,,,10,Dzienny,5.69,118,96,W toku,Kliknięcia z 7 dni lub wyświetlenia z 1 dnia
2026-07-05,2026-07-05,Leads PL Dyspozytor Poltrakt,inactive,4,actions:leadgen.other,3.3625,10,Dzienny,13.45,2791,1922,W toku,Kliknięcia z 7 dni lub wyświetlenia z 1 dnia
2026-07-05,2026-07-05,Leads PL Dyspozytor Poltrakt,inactive,,,,10,Dzienny,0,0,0,W toku,Kliknięcia z 7 dni lub wyświetlenia z 1 dnia
2026-07-05,2026-07-05,PL Agency Ads,inactive,,,,10,Dzienny,11.43,835,690,W toku,Kliknięcia z 7 dni lub wyświetlenia z 1 dnia
2026-07-05,2026-07-05,RU Leads Poltrakt CE PL S/F Start 20.06.2026,inactive,5,actions:leadgen.other,6.714,30,Dzienny,33.57,5773,3996,W toku,Kliknięcia z 7 dni lub wyświetlenia z 1 dnia
2026-07-05,2026-07-05,Leads RU Mrozek 100 eur,inactive,,,,10,Dzienny,0,0,0,W toku,Kliknięcia z 7 dni lub wyświetlenia z 1 dnia
2026-07-05,2026-07-05,Leads ENG Poltrakt Week/Cadence Poland,inactive,,,,20,Dzienny,0,0,0,W toku,Kliknięcia z 7 dni lub wyświetlenia z 1 dnia
2026-07-05,2026-07-05,PL Agency Ads Start 14.05.2026,inactive,,,,10,Dzienny,0,0,0,W toku,Kliknięcia z 7 dni lub wyświetlenia z 1 dnia
2026-07-05,2026-07-05,Poltrakt PL Magazynier,inactive,,,,5,Dzienny,0,0,0,W toku,Kliknięcia z 7 dni lub wyświetlenia z 1 dnia
2026-07-05,2026-07-05,Poltrakt Drivers CE Week/Full,inactive,,,,Użycie budżetu zestawu reklam,0,0,0,0,W toku,Kliknięcia z 7 dni lub wyświetlenia z 1 dnia
2026-07-05,2026-07-05,Poltrakt PL CE Italy/ pol leads,inactive,,,,11,Dzienny,0,0,0,W toku,Kliknięcia z 7 dni lub wyświetlenia z 1 dnia
2026-07-05,2026-07-05,Poltrakt PL CE Pol Leads,inactive,,,,7,Dzienny,0,0,0,W toku,Kliknięcia z 7 dni lub wyświetlenia z 1 dnia
2026-07-04,2026-07-04,Leads Agency PL,inactive,,,,10,Dzienny,0,0,0,W toku,Kliknięcia z 7 dni lub wyświetlenia z 1 dnia
2026-07-04,2026-07-04,Pracownik Magazynowy PL/ RU/ ENG Leads,inactive,,,,15,Dzienny,0,0,0,W toku,Kliknięcia z 7 dni lub wyświetlenia z 1 dnia
2026-07-04,2026-07-04,Leads RU Mrozek 100 eur,inactive,,,,10,Dzienny,0,0,0,W toku,Kliknięcia z 7 dni lub wyświetlenia z 1 dnia
2026-07-04,2026-07-04,Leads PL Dyspozytor Poltrakt,inactive,3,actions:leadgen.other,2.71333333,10,Dzienny,8.14,1427,1003,W toku,Kliknięcia z 7 dni lub wyświetlenia z 1 dnia
2026-07-04,2026-07-04,Leads PL Dyspozytor Poltrakt,inactive,,,,10,Dzienny,0,0,0,W toku,Kliknięcia z 7 dni lub wyświetlenia z 1 dnia
2026-07-04,2026-07-04,PL Agency Ads,inactive,,,,10,Dzienny,6.41,483,450,W toku,Kliknięcia z 7 dni lub wyświetlenia z 1 dnia
2026-07-04,2026-07-04,RU Leads Poltrakt CE PL S/F Start 20.06.2026,inactive,4,actions:leadgen.other,6.9725,30,Dzienny,27.89,4329,3276,W toku,Kliknięcia z 7 dni lub wyświetlenia z 1 dnia
2026-07-04,2026-07-04,Leads RU Mrozek 100 eur,inactive,,,,10,Dzienny,04.01,388,341,W toku,Kliknięcia z 7 dni lub wyświetlenia z 1 dnia
2026-07-04,2026-07-04,Leads ENG Poltrakt Week/Cadence Poland,inactive,,,,20,Dzienny,0,0,0,W toku,Kliknięcia z 7 dni lub wyświetlenia z 1 dnia
2026-07-04,2026-07-04,PL Agency Ads Start 14.05.2026,inactive,,,,10,Dzienny,0,0,0,W toku,Kliknięcia z 7 dni lub wyświetlenia z 1 dnia
2026-07-04,2026-07-04,Poltrakt PL Magazynier,inactive,,,,5,Dzienny,0,0,0,W toku,Kliknięcia z 7 dni lub wyświetlenia z 1 dnia
2026-07-04,2026-07-04,Poltrakt Drivers CE Week/Full,inactive,,,,Użycie budżetu zestawu reklam,0,0,0,0,W toku,Kliknięcia z 7 dni lub wyświetlenia z 1 dnia
2026-07-04,2026-07-04,Poltrakt PL CE Italy/ pol leads,inactive,,,,11,Dzienny,0,0,0,W toku,Kliknięcia z 7 dni lub wyświetlenia z 1 dnia
2026-07-04,2026-07-04,Poltrakt PL CE Pol Leads,inactive,,,,7,Dzienny,0,0,0,W toku,Kliknięcia z 7 dni lub wyświetlenia z 1 dnia
2026-07-03,2026-07-03,Leads Agency PL,inactive,,,,10,Dzienny,0,0,0,W toku,Kliknięcia z 7 dni lub wyświetlenia z 1 dnia
2026-07-03,2026-07-03,Pracownik Magazynowy PL/ RU/ ENG Leads,inactive,,,,15,Dzienny,0,0,0,W toku,Kliknięcia z 7 dni lub wyświetlenia z 1 dnia
2026-07-03,2026-07-03,Leads RU Mrozek 100 eur,inactive,,,,10,Dzienny,0,0,0,W toku,Kliknięcia z 7 dni lub wyświetlenia z 1 dnia
2026-07-03,2026-07-03,Leads PL Dyspozytor Poltrakt,inactive,2,actions:leadgen.other,2.16,10,Dzienny,4.32,656,530,W toku,Kliknięcia z 7 dni lub wyświetlenia z 1 dnia
2026-07-03,2026-07-03,Leads PL Dyspozytor Poltrakt,inactive,7,actions:leadgen.other,0.56,10,Dzienny,3.92,1396,1282,W toku,Kliknięcia z 7 dni lub wyświetlenia z 1 dnia
2026-07-03,2026-07-03,PL Agency Ads,inactive,2,actions:leadgen.other,4.315,10,Dzienny,8.63,722,624,W toku,Kliknięcia z 7 dni lub wyświetlenia z 1 dnia
2026-07-03,2026-07-03,RU Leads Poltrakt CE PL S/F Start 20.06.2026,inactive,4,actions:leadgen.other,7.0575,30,Dzienny,28.23,5181,4050,W toku,Kliknięcia z 7 dni lub wyświetlenia z 1 dnia
2026-07-03,2026-07-03,Leads RU Mrozek 100 eur,inactive,1,actions:leadgen.other,8.5,10,Dzienny,8.5,858,686,W toku,Kliknięcia z 7 dni lub wyświetlenia z 1 dnia
2026-07-03,2026-07-03,Leads ENG Poltrakt Week/Cadence Poland,inactive,,,,20,Dzienny,0,0,0,W toku,Kliknięcia z 7 dni lub wyświetlenia z 1 dnia
2026-07-03,2026-07-03,PL Agency Ads Start 14.05.2026,inactive,,,,10,Dzienny,0,0,0,W toku,Kliknięcia z 7 dni lub wyświetlenia z 1 dnia
2026-07-03,2026-07-03,Poltrakt PL Magazynier,inactive,,,,5,Dzienny,0,0,0,W toku,Kliknięcia z 7 dni lub wyświetlenia z 1 dnia
2026-07-03,2026-07-03,Poltrakt Drivers CE Week/Full,inactive,,,,Użycie budżetu zestawu reklam,0,0,0,0,W toku,Kliknięcia z 7 dni lub wyświetlenia z 1 dnia
2026-07-03,2026-07-03,Poltrakt PL CE Italy/ pol leads,inactive,,,,11,Dzienny,0,0,0,W toku,Kliknięcia z 7 dni lub wyświetlenia z 1 dnia
2026-07-03,2026-07-03,Poltrakt PL CE Pol Leads,inactive,,,,7,Dzienny,0,0,0,W toku,Kliknięcia z 7 dni lub wyświetlenia z 1 dnia
2026-07-02,2026-07-02,Leads Agency PL,inactive,,,,10,Dzienny,0,0,0,W toku,Kliknięcia z 7 dni lub wyświetlenia z 1 dnia
2026-07-02,2026-07-02,Pracownik Magazynowy PL/ RU/ ENG Leads,inactive,,,,15,Dzienny,0,0,0,W toku,Kliknięcia z 7 dni lub wyświetlenia z 1 dnia
2026-07-02,2026-07-02,Leads RU Mrozek 100 eur,inactive,,,,10,Dzienny,0,0,0,W toku,Kliknięcia z 7 dni lub wyświetlenia z 1 dnia
2026-07-02,2026-07-02,Leads PL Dyspozytor Poltrakt,inactive,,,,10,Dzienny,0,0,0,W toku,Kliknięcia z 7 dni lub wyświetlenia z 1 dnia
2026-07-02,2026-07-02,Leads PL Dyspozytor Poltrakt,inactive,7,actions:leadgen.other,1.10285714,10,Dzienny,7.72,3354,2665,W toku,Kliknięcia z 7 dni lub wyświetlenia z 1 dnia
2026-07-02,2026-07-02,PL Agency Ads,inactive,,,,10,Dzienny,09.05,699,601,W toku,Kliknięcia z 7 dni lub wyświetlenia z 1 dnia
2026-07-02,2026-07-02,RU Leads Poltrakt CE PL S/F Start 20.06.2026,inactive,5,actions:leadgen.other,5.358,30,Dzienny,26.79,4478,3478,W toku,Kliknięcia z 7 dni lub wyświetlenia z 1 dnia
2026-07-02,2026-07-02,Leads RU Mrozek 100 eur,inactive,2,actions:leadgen.other,05.09,10,Dzienny,10.18,659,551,W toku,Kliknięcia z 7 dni lub wyświetlenia z 1 dnia
2026-07-02,2026-07-02,Leads ENG Poltrakt Week/Cadence Poland,inactive,,,,20,Dzienny,0,0,0,W toku,Kliknięcia z 7 dni lub wyświetlenia z 1 dnia
2026-07-02,2026-07-02,PL Agency Ads Start 14.05.2026,inactive,,,,10,Dzienny,0,0,0,W toku,Kliknięcia z 7 dni lub wyświetlenia z 1 dnia
2026-07-02,2026-07-02,Poltrakt PL Magazynier,inactive,,,,5,Dzienny,0,0,0,W toku,Kliknięcia z 7 dni lub wyświetlenia z 1 dnia
2026-07-02,2026-07-02,Poltrakt Drivers CE Week/Full,inactive,,,,Użycie budżetu zestawu reklam,0,0,0,0,W toku,Kliknięcia z 7 dni lub wyświetlenia z 1 dnia
2026-07-02,2026-07-02,Poltrakt PL CE Italy/ pol leads,inactive,,,,11,Dzienny,0,0,0,W toku,Kliknięcia z 7 dni lub wyświetlenia z 1 dnia
2026-07-02,2026-07-02,Poltrakt PL CE Pol Leads,inactive,,,,7,Dzienny,0,0,0,W toku,Kliknięcia z 7 dni lub wyświetlenia z 1 dnia
2026-07-01,2026-07-01,Leads Agency PL,inactive,,,,10,Dzienny,0,0,0,W toku,Kliknięcia z 7 dni lub wyświetlenia z 1 dnia
2026-07-01,2026-07-01,Pracownik Magazynowy PL/ RU/ ENG Leads,inactive,,,,15,Dzienny,0,0,0,W toku,Kliknięcia z 7 dni lub wyświetlenia z 1 dnia
2026-07-01,2026-07-01,Leads RU Mrozek 100 eur,inactive,,,,10,Dzienny,0,0,0,W toku,Kliknięcia z 7 dni lub wyświetlenia z 1 dnia
2026-07-01,2026-07-01,Leads PL Dyspozytor Poltrakt,inactive,,,,10,Dzienny,0,0,0,W toku,Kliknięcia z 7 dni lub wyświetlenia z 1 dnia
2026-07-01,2026-07-01,Leads PL Dyspozytor Poltrakt,inactive,8,actions:leadgen.other,1.10875,10,Dzienny,8.87,3768,2940,W toku,Kliknięcia z 7 dni lub wyświetlenia z 1 dnia
2026-07-01,2026-07-01,PL Agency Ads,inactive,,,,10,Dzienny,10.49,812,696,W toku,Kliknięcia z 7 dni lub wyświetlenia z 1 dnia
2026-07-01,2026-07-01,RU Leads Poltrakt CE PL S/F Start 20.06.2026,inactive,2,actions:leadgen.other,13.855,30,Dzienny,27.71,5974,4512,W toku,Kliknięcia z 7 dni lub wyświetlenia z 1 dnia
2026-07-01,2026-07-01,Leads RU Mrozek 100 eur,inactive,2,actions:leadgen.other,5.605,10,Dzienny,11.21,1195,953,W toku,Kliknięcia z 7 dni lub wyświetlenia z 1 dnia
2026-07-01,2026-07-01,Leads ENG Poltrakt Week/Cadence Poland,inactive,,,,20,Dzienny,0,0,0,W toku,Kliknięcia z 7 dni lub wyświetlenia z 1 dnia
2026-07-01,2026-07-01,PL Agency Ads Start 14.05.2026,inactive,,,,10,Dzienny,0,0,0,W toku,Kliknięcia z 7 dni lub wyświetlenia z 1 dnia
2026-07-01,2026-07-01,Poltrakt PL Magazynier,inactive,,,,5,Dzienny,0,0,0,W toku,Kliknięcia z 7 dni lub wyświetlenia z 1 dnia
2026-07-01,2026-07-01,Poltrakt Drivers CE Week/Full,inactive,,,,Użycie budżetu zestawu reklam,0,0,0,0,W toku,Kliknięcia z 7 dni lub wyświetlenia z 1 dnia
2026-07-01,2026-07-01,Poltrakt PL CE Italy/ pol leads,inactive,,,,11,Dzienny,0,0,0,W toku,Kliknięcia z 7 dni lub wyświetlenia z 1 dnia
2026-07-01,2026-07-01,Poltrakt PL CE Pol Leads,inactive,,,,7,Dzienny,0,0,0,W toku,Kliknięcia z 7 dni lub wyświetlenia z 1 dnia
2026-06-30,2026-06-30,Leads Agency PL,inactive,,,,10,Dzienny,0,0,0,W toku,Kliknięcia z 7 dni lub wyświetlenia z 1 dnia
2026-06-30,2026-06-30,Pracownik Magazynowy PL/ RU/ ENG Leads,inactive,,,,15,Dzienny,0,0,0,W toku,Kliknięcia z 7 dni lub wyświetlenia z 1 dnia
2026-06-30,2026-06-30,Leads RU Mrozek 100 eur,inactive,,,,10,Dzienny,0,0,0,W toku,Kliknięcia z 7 dni lub wyświetlenia z 1 dnia
2026-06-30,2026-06-30,Leads PL Dyspozytor Poltrakt,inactive,,,,10,Dzienny,0,0,0,W toku,Kliknięcia z 7 dni lub wyświetlenia z 1 dnia
2026-06-30,2026-06-30,Leads PL Dyspozytor Poltrakt,inactive,14,actions:leadgen.other,1.00714286,10,Dzienny,14.1,4175,2905,W toku,Kliknięcia z 7 dni lub wyświetlenia z 1 dnia
2026-06-30,2026-06-30,PL Agency Ads,inactive,,,,10,Dzienny,10.79,718,620,W toku,Kliknięcia z 7 dni lub wyświetlenia z 1 dnia
2026-06-30,2026-06-30,RU Leads Poltrakt CE PL S/F Start 20.06.2026,inactive,5,actions:leadgen.other,6.98,30,Dzienny,34.9,6150,4507,W toku,Kliknięcia z 7 dni lub wyświetlenia z 1 dnia
2026-06-30,2026-06-30,Leads RU Mrozek 100 eur,inactive,1,actions:leadgen.other,10.77,10,Dzienny,10.77,887,686,W toku,Kliknięcia z 7 dni lub wyświetlenia z 1 dnia
2026-06-30,2026-06-30,Leads ENG Poltrakt Week/Cadence Poland,inactive,,,,20,Dzienny,0,0,0,W toku,Kliknięcia z 7 dni lub wyświetlenia z 1 dnia
2026-06-30,2026-06-30,PL Agency Ads Start 14.05.2026,inactive,,,,10,Dzienny,0,0,0,W toku,Kliknięcia z 7 dni lub wyświetlenia z 1 dnia
2026-06-30,2026-06-30,Poltrakt PL Magazynier,inactive,,,,5,Dzienny,0,0,0,W toku,Kliknięcia z 7 dni lub wyświetlenia z 1 dnia
2026-06-30,2026-06-30,Poltrakt Drivers CE Week/Full,inactive,,,,Użycie budżetu zestawu reklam,0,0,0,0,W toku,Kliknięcia z 7 dni lub wyświetlenia z 1 dnia
2026-06-30,2026-06-30,Poltrakt PL CE Italy/ pol leads,inactive,,,,11,Dzienny,0,0,0,W toku,Kliknięcia z 7 dni lub wyświetlenia z 1 dnia
2026-06-30,2026-06-30,Poltrakt PL CE Pol Leads,inactive,,,,7,Dzienny,0,0,0,W toku,Kliknięcia z 7 dni lub wyświetlenia z 1 dnia
2026-06-29,2026-06-29,Leads Agency PL,inactive,,,,10,Dzienny,0,0,0,W toku,Kliknięcia z 7 dni lub wyświetlenia z 1 dnia
2026-06-29,2026-06-29,Pracownik Magazynowy PL/ RU/ ENG Leads,inactive,,,,15,Dzienny,0,0,0,W toku,Kliknięcia z 7 dni lub wyświetlenia z 1 dnia
2026-06-29,2026-06-29,Leads RU Mrozek 100 eur,inactive,,,,10,Dzienny,0,0,0,W toku,Kliknięcia z 7 dni lub wyświetlenia z 1 dnia
2026-06-29,2026-06-29,Leads PL Dyspozytor Poltrakt,inactive,,,,10,Dzienny,0,0,0,W toku,Kliknięcia z 7 dni lub wyświetlenia z 1 dnia
2026-06-29,2026-06-29,Leads PL Dyspozytor Poltrakt,inactive,6,actions:leadgen.other,1.23166667,10,Dzienny,7.39,1753,1364,W toku,Kliknięcia z 7 dni lub wyświetlenia z 1 dnia
2026-06-29,2026-06-29,PL Agency Ads,inactive,1,actions:leadgen.other,11.39,10,Dzienny,11.39,945,797,W toku,Kliknięcia z 7 dni lub wyświetlenia z 1 dnia
2026-06-29,2026-06-29,RU Leads Poltrakt CE PL S/F Start 20.06.2026,inactive,3,actions:leadgen.other,9.26333333,30,Dzienny,27.79,5359,3871,W toku,Kliknięcia z 7 dni lub wyświetlenia z 1 dnia
2026-06-29,2026-06-29,Leads RU Mrozek 100 eur,inactive,3,actions:leadgen.other,3.78666667,10,Dzienny,11.36,1026,766,W toku,Kliknięcia z 7 dni lub wyświetlenia z 1 dnia
2026-06-29,2026-06-29,Leads ENG Poltrakt Week/Cadence Poland,inactive,,,,20,Dzienny,0,0,0,W toku,Kliknięcia z 7 dni lub wyświetlenia z 1 dnia
2026-06-29,2026-06-29,PL Agency Ads Start 14.05.2026,inactive,,,,10,Dzienny,0,0,0,W toku,Kliknięcia z 7 dni lub wyświetlenia z 1 dnia
2026-06-29,2026-06-29,Poltrakt PL Magazynier,inactive,,,,5,Dzienny,0,0,0,W toku,Kliknięcia z 7 dni lub wyświetlenia z 1 dnia
2026-06-29,2026-06-29,Poltrakt Drivers CE Week/Full,inactive,,,,Użycie budżetu zestawu reklam,0,0,0,0,W toku,Kliknięcia z 7 dni lub wyświetlenia z 1 dnia
2026-06-29,2026-06-29,Poltrakt PL CE Italy/ pol leads,inactive,,,,11,Dzienny,0,0,0,W toku,Kliknięcia z 7 dni lub wyświetlenia z 1 dnia
2026-06-29,2026-06-29,Poltrakt PL CE Pol Leads,inactive,,,,7,Dzienny,0,0,0,W toku,Kliknięcia z 7 dni lub wyświetlenia z 1 dnia
2026-06-28,2026-06-28,Leads Agency PL,inactive,,,,10,Dzienny,0,0,0,W toku,Kliknięcia z 7 dni lub wyświetlenia z 1 dnia
2026-06-28,2026-06-28,Pracownik Magazynowy PL/ RU/ ENG Leads,inactive,,,,15,Dzienny,0,0,0,W toku,Kliknięcia z 7 dni lub wyświetlenia z 1 dnia
2026-06-28,2026-06-28,Leads RU Mrozek 100 eur,inactive,,,,10,Dzienny,0,0,0,W toku,Kliknięcia z 7 dni lub wyświetlenia z 1 dnia
2026-06-28,2026-06-28,Leads PL Dyspozytor Poltrakt,inactive,,,,10,Dzienny,0,0,0,W toku,Kliknięcia z 7 dni lub wyświetlenia z 1 dnia
2026-06-28,2026-06-28,Leads PL Dyspozytor Poltrakt,inactive,,,,10,Dzienny,0,0,0,W toku,Kliknięcia z 7 dni lub wyświetlenia z 1 dnia
2026-06-28,2026-06-28,PL Agency Ads,inactive,2,actions:leadgen.other,6.585,10,Dzienny,13.17,921,783,W toku,Kliknięcia z 7 dni lub wyświetlenia z 1 dnia
2026-06-28,2026-06-28,RU Leads Poltrakt CE PL S/F Start 20.06.2026,inactive,10,actions:leadgen.other,3.643,30,Dzienny,36.43,6803,4595,W toku,Kliknięcia z 7 dni lub wyświetlenia z 1 dnia
2026-06-28,2026-06-28,Leads RU Mrozek 100 eur,inactive,1,actions:leadgen.other,12.03,10,Dzienny,12.03,1357,985,W toku,Kliknięcia z 7 dni lub wyświetlenia z 1 dnia
2026-06-28,2026-06-28,Leads ENG Poltrakt Week/Cadence Poland,inactive,,,,20,Dzienny,0,0,0,W toku,Kliknięcia z 7 dni lub wyświetlenia z 1 dnia
2026-06-28,2026-06-28,PL Agency Ads Start 14.05.2026,inactive,,,,10,Dzienny,0,0,0,W toku,Kliknięcia z 7 dni lub wyświetlenia z 1 dnia
2026-06-28,2026-06-28,Poltrakt PL Magazynier,inactive,,,,5,Dzienny,0,0,0,W toku,Kliknięcia z 7 dni lub wyświetlenia z 1 dnia
2026-06-28,2026-06-28,Poltrakt Drivers CE Week/Full,inactive,,,,Użycie budżetu zestawu reklam,0,0,0,0,W toku,Kliknięcia z 7 dni lub wyświetlenia z 1 dnia
2026-06-28,2026-06-28,Poltrakt PL CE Italy/ pol leads,inactive,,,,11,Dzienny,0,0,0,W toku,Kliknięcia z 7 dni lub wyświetlenia z 1 dnia
2026-06-28,2026-06-28,Poltrakt PL CE Pol Leads,inactive,,,,7,Dzienny,0,0,0,W toku,Kliknięcia z 7 dni lub wyświetlenia z 1 dnia
2026-06-27,2026-06-27,Leads Agency PL,inactive,,,,10,Dzienny,0,0,0,W toku,Kliknięcia z 7 dni lub wyświetlenia z 1 dnia
2026-06-27,2026-06-27,Pracownik Magazynowy PL/ RU/ ENG Leads,inactive,,,,15,Dzienny,0,0,0,W toku,Kliknięcia z 7 dni lub wyświetlenia z 1 dnia
2026-06-27,2026-06-27,Leads RU Mrozek 100 eur,inactive,,,,10,Dzienny,0,0,0,W toku,Kliknięcia z 7 dni lub wyświetlenia z 1 dnia
2026-06-27,2026-06-27,Leads PL Dyspozytor Poltrakt,inactive,,,,10,Dzienny,0,0,0,W toku,Kliknięcia z 7 dni lub wyświetlenia z 1 dnia
2026-06-27,2026-06-27,Leads PL Dyspozytor Poltrakt,inactive,,,,10,Dzienny,0,0,0,W toku,Kliknięcia z 7 dni lub wyświetlenia z 1 dnia
2026-06-27,2026-06-27,PL Agency Ads,inactive,,,,10,Dzienny,8.81,582,486,W toku,Kliknięcia z 7 dni lub wyświetlenia z 1 dnia
2026-06-27,2026-06-27,RU Leads Poltrakt CE PL S/F Start 20.06.2026,inactive,7,actions:leadgen.other,4.17571429,30,Dzienny,29.23,4890,3564,W toku,Kliknięcia z 7 dni lub wyświetlenia z 1 dnia
2026-06-27,2026-06-27,Leads RU Mrozek 100 eur,inactive,1,actions:leadgen.other,6.97,10,Dzienny,6.97,616,481,W toku,Kliknięcia z 7 dni lub wyświetlenia z 1 dnia
2026-06-27,2026-06-27,Leads ENG Poltrakt Week/Cadence Poland,inactive,,,,20,Dzienny,0,0,0,W toku,Kliknięcia z 7 dni lub wyświetlenia z 1 dnia
2026-06-27,2026-06-27,PL Agency Ads Start 14.05.2026,inactive,,,,10,Dzienny,0,0,0,W toku,Kliknięcia z 7 dni lub wyświetlenia z 1 dnia
2026-06-27,2026-06-27,Poltrakt PL Magazynier,inactive,,,,5,Dzienny,0,0,0,W toku,Kliknięcia z 7 dni lub wyświetlenia z 1 dnia
2026-06-27,2026-06-27,Poltrakt Drivers CE Week/Full,inactive,,,,Użycie budżetu zestawu reklam,0,0,0,0,W toku,Kliknięcia z 7 dni lub wyświetlenia z 1 dnia
2026-06-27,2026-06-27,Poltrakt PL CE Italy/ pol leads,inactive,,,,11,Dzienny,0,0,0,W toku,Kliknięcia z 7 dni lub wyświetlenia z 1 dnia
2026-06-27,2026-06-27,Poltrakt PL CE Pol Leads,inactive,,,,7,Dzienny,0,0,0,W toku,Kliknięcia z 7 dni lub wyświetlenia z 1 dnia
2026-06-26,2026-06-26,Leads Agency PL,inactive,,,,10,Dzienny,0,0,0,W toku,Kliknięcia z 7 dni lub wyświetlenia z 1 dnia
2026-06-26,2026-06-26,Pracownik Magazynowy PL/ RU/ ENG Leads,inactive,,,,15,Dzienny,0,0,0,W toku,Kliknięcia z 7 dni lub wyświetlenia z 1 dnia
2026-06-26,2026-06-26,Leads RU Mrozek 100 eur,inactive,,,,10,Dzienny,0,0,0,W toku,Kliknięcia z 7 dni lub wyświetlenia z 1 dnia
2026-06-26,2026-06-26,Leads PL Dyspozytor Poltrakt,inactive,,,,10,Dzienny,0,0,0,W toku,Kliknięcia z 7 dni lub wyświetlenia z 1 dnia
2026-06-26,2026-06-26,Leads PL Dyspozytor Poltrakt,inactive,,,,10,Dzienny,0,0,0,W toku,Kliknięcia z 7 dni lub wyświetlenia z 1 dnia
2026-06-26,2026-06-26,PL Agency Ads,inactive,,,,10,Dzienny,10.08,502,422,W toku,Kliknięcia z 7 dni lub wyświetlenia z 1 dnia
2026-06-26,2026-06-26,RU Leads Poltrakt CE PL S/F Start 20.06.2026,inactive,6,actions:leadgen.other,5.895,30,Dzienny,35.37,4504,3193,W toku,Kliknięcia z 7 dni lub wyświetlenia z 1 dnia
2026-06-26,2026-06-26,Leads RU Mrozek 100 eur,inactive,1,actions:leadgen.other,08.05,10,Dzienny,08.05,812,645,W toku,Kliknięcia z 7 dni lub wyświetlenia z 1 dnia
2026-06-26,2026-06-26,Leads ENG Poltrakt Week/Cadence Poland,inactive,,,,20,Dzienny,0,0,0,W toku,Kliknięcia z 7 dni lub wyświetlenia z 1 dnia
2026-06-26,2026-06-26,PL Agency Ads Start 14.05.2026,inactive,,,,10,Dzienny,0,0,0,W toku,Kliknięcia z 7 dni lub wyświetlenia z 1 dnia
2026-06-26,2026-06-26,Poltrakt PL Magazynier,inactive,,,,5,Dzienny,0,0,0,W toku,Kliknięcia z 7 dni lub wyświetlenia z 1 dnia
2026-06-26,2026-06-26,Poltrakt Drivers CE Week/Full,inactive,,,,Użycie budżetu zestawu reklam,0,0,0,0,W toku,Kliknięcia z 7 dni lub wyświetlenia z 1 dnia
2026-06-26,2026-06-26,Poltrakt PL CE Italy/ pol leads,inactive,,,,11,Dzienny,0,0,0,W toku,Kliknięcia z 7 dni lub wyświetlenia z 1 dnia
2026-06-26,2026-06-26,Poltrakt PL CE Pol Leads,inactive,,,,7,Dzienny,0,0,0,W toku,Kliknięcia z 7 dni lub wyświetlenia z 1 dnia
2026-06-25,2026-06-25,Leads Agency PL,inactive,,,,10,Dzienny,0,0,0,W toku,Kliknięcia z 7 dni lub wyświetlenia z 1 dnia
2026-06-25,2026-06-25,Pracownik Magazynowy PL/ RU/ ENG Leads,inactive,,,,15,Dzienny,0,0,0,W toku,Kliknięcia z 7 dni lub wyświetlenia z 1 dnia
2026-06-25,2026-06-25,Leads RU Mrozek 100 eur,inactive,,,,10,Dzienny,0,0,0,W toku,Kliknięcia z 7 dni lub wyświetlenia z 1 dnia
2026-06-25,2026-06-25,Leads PL Dyspozytor Poltrakt,inactive,,,,10,Dzienny,0,0,0,W toku,Kliknięcia z 7 dni lub wyświetlenia z 1 dnia
2026-06-25,2026-06-25,Leads PL Dyspozytor Poltrakt,inactive,,,,10,Dzienny,0,0,0,W toku,Kliknięcia z 7 dni lub wyświetlenia z 1 dnia
2026-06-25,2026-06-25,PL Agency Ads,inactive,,,,10,Dzienny,9.39,719,608,W toku,Kliknięcia z 7 dni lub wyświetlenia z 1 dnia
2026-06-25,2026-06-25,RU Leads Poltrakt CE PL S/F Start 20.06.2026,inactive,2,actions:leadgen.other,12.895,30,Dzienny,25.79,3524,2626,W toku,Kliknięcia z 7 dni lub wyświetlenia z 1 dnia
2026-06-25,2026-06-25,Leads RU Mrozek 100 eur,inactive,2,actions:leadgen.other,4.53,10,Dzienny,09.06,543,443,W toku,Kliknięcia z 7 dni lub wyświetlenia z 1 dnia
2026-06-25,2026-06-25,Leads ENG Poltrakt Week/Cadence Poland,inactive,,,,20,Dzienny,0,0,0,W toku,Kliknięcia z 7 dni lub wyświetlenia z 1 dnia
2026-06-25,2026-06-25,PL Agency Ads Start 14.05.2026,inactive,,,,10,Dzienny,0,0,0,W toku,Kliknięcia z 7 dni lub wyświetlenia z 1 dnia
2026-06-25,2026-06-25,Poltrakt PL Magazynier,inactive,,,,5,Dzienny,0,0,0,W toku,Kliknięcia z 7 dni lub wyświetlenia z 1 dnia
2026-06-25,2026-06-25,Poltrakt Drivers CE Week/Full,inactive,,,,Użycie budżetu zestawu reklam,0,0,0,0,W toku,Kliknięcia z 7 dni lub wyświetlenia z 1 dnia
2026-06-25,2026-06-25,Poltrakt PL CE Italy/ pol leads,inactive,,,,11,Dzienny,0,0,0,W toku,Kliknięcia z 7 dni lub wyświetlenia z 1 dnia
2026-06-25,2026-06-25,Poltrakt PL CE Pol Leads,inactive,,,,7,Dzienny,0,0,0,W toku,Kliknięcia z 7 dni lub wyświetlenia z 1 dnia
2026-06-24,2026-06-24,Leads Agency PL,inactive,,,,10,Dzienny,0,0,0,W toku,Kliknięcia z 7 dni lub wyświetlenia z 1 dnia
2026-06-24,2026-06-24,Pracownik Magazynowy PL/ RU/ ENG Leads,inactive,,,,15,Dzienny,0,0,0,W toku,Kliknięcia z 7 dni lub wyświetlenia z 1 dnia
2026-06-24,2026-06-24,Leads RU Mrozek 100 eur,inactive,,,,10,Dzienny,0,0,0,W toku,Kliknięcia z 7 dni lub wyświetlenia z 1 dnia
2026-06-24,2026-06-24,Leads PL Dyspozytor Poltrakt,inactive,,,,10,Dzienny,0,0,0,W toku,Kliknięcia z 7 dni lub wyświetlenia z 1 dnia
2026-06-24,2026-06-24,Leads PL Dyspozytor Poltrakt,inactive,,,,10,Dzienny,0,0,0,W toku,Kliknięcia z 7 dni lub wyświetlenia z 1 dnia
2026-06-24,2026-06-24,PL Agency Ads,inactive,,,,10,Dzienny,10.9,776,658,W toku,Kliknięcia z 7 dni lub wyświetlenia z 1 dnia
2026-06-24,2026-06-24,RU Leads Poltrakt CE PL S/F Start 20.06.2026,inactive,4,actions:leadgen.other,7.045,30,Dzienny,28.18,4748,3295,W toku,Kliknięcia z 7 dni lub wyświetlenia z 1 dnia
2026-06-24,2026-06-24,Leads RU Mrozek 100 eur,inactive,3,actions:leadgen.other,4.1,10,Dzienny,12.3,939,741,W toku,Kliknięcia z 7 dni lub wyświetlenia z 1 dnia
2026-06-24,2026-06-24,Leads ENG Poltrakt Week/Cadence Poland,inactive,,,,20,Dzienny,0,0,0,W toku,Kliknięcia z 7 dni lub wyświetlenia z 1 dnia
2026-06-24,2026-06-24,PL Agency Ads Start 14.05.2026,inactive,,,,10,Dzienny,0,0,0,W toku,Kliknięcia z 7 dni lub wyświetlenia z 1 dnia
2026-06-24,2026-06-24,Poltrakt PL Magazynier,inactive,,,,5,Dzienny,0,0,0,W toku,Kliknięcia z 7 dni lub wyświetlenia z 1 dnia
2026-06-24,2026-06-24,Poltrakt Drivers CE Week/Full,inactive,,,,Użycie budżetu zestawu reklam,0,0,0,0,W toku,Kliknięcia z 7 dni lub wyświetlenia z 1 dnia
2026-06-24,2026-06-24,Poltrakt PL CE Italy/ pol leads,inactive,,,,11,Dzienny,0,0,0,W toku,Kliknięcia z 7 dni lub wyświetlenia z 1 dnia
2026-06-24,2026-06-24,Poltrakt PL CE Pol Leads,inactive,,,,7,Dzienny,0,0,0,W toku,Kliknięcia z 7 dni lub wyświetlenia z 1 dnia
2026-06-23,2026-06-23,Leads Agency PL,inactive,,,,10,Dzienny,0,0,0,W toku,Kliknięcia z 7 dni lub wyświetlenia z 1 dnia
2026-06-23,2026-06-23,Pracownik Magazynowy PL/ RU/ ENG Leads,inactive,,,,15,Dzienny,0,0,0,W toku,Kliknięcia z 7 dni lub wyświetlenia z 1 dnia
2026-06-23,2026-06-23,Leads RU Mrozek 100 eur,inactive,,,,10,Dzienny,0,0,0,W toku,Kliknięcia z 7 dni lub wyświetlenia z 1 dnia
2026-06-23,2026-06-23,Leads PL Dyspozytor Poltrakt,inactive,,,,10,Dzienny,0,0,0,W toku,Kliknięcia z 7 dni lub wyświetlenia z 1 dnia
2026-06-23,2026-06-23,Leads PL Dyspozytor Poltrakt,inactive,,,,10,Dzienny,0,0,0,W toku,Kliknięcia z 7 dni lub wyświetlenia z 1 dnia
2026-06-23,2026-06-23,PL Agency Ads,inactive,2,actions:leadgen.other,5.99,10,Dzienny,11.98,864,743,W toku,Kliknięcia z 7 dni lub wyświetlenia z 1 dnia
2026-06-23,2026-06-23,RU Leads Poltrakt CE PL S/F Start 20.06.2026,inactive,4,actions:leadgen.other,6.7575,30,Dzienny,27.03,4168,2690,W toku,Kliknięcia z 7 dni lub wyświetlenia z 1 dnia
2026-06-23,2026-06-23,Leads RU Mrozek 100 eur,inactive,2,actions:leadgen.other,05.05,10,Dzienny,10.1,912,700,W toku,Kliknięcia z 7 dni lub wyświetlenia z 1 dnia
2026-06-23,2026-06-23,Leads ENG Poltrakt Week/Cadence Poland,inactive,,,,20,Dzienny,0,0,0,W toku,Kliknięcia z 7 dni lub wyświetlenia z 1 dnia
2026-06-23,2026-06-23,PL Agency Ads Start 14.05.2026,inactive,,,,10,Dzienny,0,0,0,W toku,Kliknięcia z 7 dni lub wyświetlenia z 1 dnia
2026-06-23,2026-06-23,Poltrakt PL Magazynier,inactive,,,,5,Dzienny,0,0,0,W toku,Kliknięcia z 7 dni lub wyświetlenia z 1 dnia
2026-06-23,2026-06-23,Poltrakt Drivers CE Week/Full,inactive,,,,Użycie budżetu zestawu reklam,0,0,0,0,W toku,Kliknięcia z 7 dni lub wyświetlenia z 1 dnia
2026-06-23,2026-06-23,Poltrakt PL CE Italy/ pol leads,inactive,,,,11,Dzienny,0,0,0,W toku,Kliknięcia z 7 dni lub wyświetlenia z 1 dnia
2026-06-23,2026-06-23,Poltrakt PL CE Pol Leads,inactive,,,,7,Dzienny,0,0,0,W toku,Kliknięcia z 7 dni lub wyświetlenia z 1 dnia
2026-06-22,2026-06-22,Leads Agency PL,inactive,,,,10,Dzienny,0,0,0,W toku,Kliknięcia z 7 dni lub wyświetlenia z 1 dnia
2026-06-22,2026-06-22,Pracownik Magazynowy PL/ RU/ ENG Leads,inactive,,,,15,Dzienny,0,0,0,W toku,Kliknięcia z 7 dni lub wyświetlenia z 1 dnia
2026-06-22,2026-06-22,Leads RU Mrozek 100 eur,inactive,,,,10,Dzienny,0,0,0,W toku,Kliknięcia z 7 dni lub wyświetlenia z 1 dnia
2026-06-22,2026-06-22,Leads PL Dyspozytor Poltrakt,inactive,,,,10,Dzienny,0,0,0,W toku,Kliknięcia z 7 dni lub wyświetlenia z 1 dnia
2026-06-22,2026-06-22,Leads PL Dyspozytor Poltrakt,inactive,,,,10,Dzienny,0,0,0,W toku,Kliknięcia z 7 dni lub wyświetlenia z 1 dnia
2026-06-22,2026-06-22,PL Agency Ads,inactive,,,,10,Dzienny,07.04,507,393,W toku,Kliknięcia z 7 dni lub wyświetlenia z 1 dnia
2026-06-22,2026-06-22,RU Leads Poltrakt CE PL S/F Start 20.06.2026,inactive,4,actions:leadgen.other,7.2,30,Dzienny,28.8,4301,2717,W toku,Kliknięcia z 7 dni lub wyświetlenia z 1 dnia
2026-06-22,2026-06-22,Leads RU Mrozek 100 eur,inactive,2,actions:leadgen.other,5.26,10,Dzienny,10.52,1043,828,W toku,Kliknięcia z 7 dni lub wyświetlenia z 1 dnia
2026-06-22,2026-06-22,Leads ENG Poltrakt Week/Cadence Poland,inactive,,,,20,Dzienny,0,0,0,W toku,Kliknięcia z 7 dni lub wyświetlenia z 1 dnia
2026-06-22,2026-06-22,PL Agency Ads Start 14.05.2026,inactive,,,,10,Dzienny,0,0,0,W toku,Kliknięcia z 7 dni lub wyświetlenia z 1 dnia
2026-06-22,2026-06-22,Poltrakt PL Magazynier,inactive,,,,5,Dzienny,0,0,0,W toku,Kliknięcia z 7 dni lub wyświetlenia z 1 dnia
2026-06-22,2026-06-22,Poltrakt Drivers CE Week/Full,inactive,,,,Użycie budżetu zestawu reklam,0,0,0,0,W toku,Kliknięcia z 7 dni lub wyświetlenia z 1 dnia
2026-06-22,2026-06-22,Poltrakt PL CE Italy/ pol leads,inactive,,,,11,Dzienny,0,0,0,W toku,Kliknięcia z 7 dni lub wyświetlenia z 1 dnia
2026-06-22,2026-06-22,Poltrakt PL CE Pol Leads,inactive,,,,7,Dzienny,0,0,0,W toku,Kliknięcia z 7 dni lub wyświetlenia z 1 dnia
2026-06-21,2026-06-21,Leads Agency PL,inactive,,,,10,Dzienny,0,0,0,W toku,Kliknięcia z 7 dni lub wyświetlenia z 1 dnia
2026-06-21,2026-06-21,Pracownik Magazynowy PL/ RU/ ENG Leads,inactive,,,,15,Dzienny,0,0,0,W toku,Kliknięcia z 7 dni lub wyświetlenia z 1 dnia
2026-06-21,2026-06-21,Leads RU Mrozek 100 eur,inactive,,,,10,Dzienny,0,0,0,W toku,Kliknięcia z 7 dni lub wyświetlenia z 1 dnia
2026-06-21,2026-06-21,Leads PL Dyspozytor Poltrakt,inactive,,,,10,Dzienny,0,0,0,W toku,Kliknięcia z 7 dni lub wyświetlenia z 1 dnia
2026-06-21,2026-06-21,Leads PL Dyspozytor Poltrakt,inactive,,,,10,Dzienny,0,0,0,W toku,Kliknięcia z 7 dni lub wyświetlenia z 1 dnia
2026-06-21,2026-06-21,PL Agency Ads,inactive,,,,10,Dzienny,6.9,540,438,W toku,Kliknięcia z 7 dni lub wyświetlenia z 1 dnia
2026-06-21,2026-06-21,RU Leads Poltrakt CE PL S/F Start 20.06.2026,inactive,9,actions:leadgen.other,3.94888889,30,Dzienny,35.54,5381,3176,W toku,Kliknięcia z 7 dni lub wyświetlenia z 1 dnia
2026-06-21,2026-06-21,Leads RU Mrozek 100 eur,inactive,4,actions:leadgen.other,3.235,10,Dzienny,12.94,855,683,W toku,Kliknięcia z 7 dni lub wyświetlenia z 1 dnia
2026-06-21,2026-06-21,Leads ENG Poltrakt Week/Cadence Poland,inactive,,,,20,Dzienny,0,0,0,W toku,Kliknięcia z 7 dni lub wyświetlenia z 1 dnia
2026-06-21,2026-06-21,PL Agency Ads Start 14.05.2026,inactive,,,,10,Dzienny,0,0,0,W toku,Kliknięcia z 7 dni lub wyświetlenia z 1 dnia
2026-06-21,2026-06-21,Poltrakt PL Magazynier,inactive,,,,5,Dzienny,0,0,0,W toku,Kliknięcia z 7 dni lub wyświetlenia z 1 dnia
2026-06-21,2026-06-21,Poltrakt Drivers CE Week/Full,inactive,,,,Użycie budżetu zestawu reklam,0,0,0,0,W toku,Kliknięcia z 7 dni lub wyświetlenia z 1 dnia
2026-06-21,2026-06-21,Poltrakt PL CE Italy/ pol leads,inactive,,,,11,Dzienny,0,0,0,W toku,Kliknięcia z 7 dni lub wyświetlenia z 1 dnia
2026-06-21,2026-06-21,Poltrakt PL CE Pol Leads,inactive,,,,7,Dzienny,0,0,0,W toku,Kliknięcia z 7 dni lub wyświetlenia z 1 dnia
2026-06-20,2026-06-20,Leads Agency PL,inactive,,,,10,Dzienny,0,0,0,W toku,Kliknięcia z 7 dni lub wyświetlenia z 1 dnia
2026-06-20,2026-06-20,Pracownik Magazynowy PL/ RU/ ENG Leads,inactive,,,,15,Dzienny,0,0,0,W toku,Kliknięcia z 7 dni lub wyświetlenia z 1 dnia
2026-06-20,2026-06-20,Leads RU Mrozek 100 eur,inactive,,,,10,Dzienny,0,0,0,W toku,Kliknięcia z 7 dni lub wyświetlenia z 1 dnia
2026-06-20,2026-06-20,Leads PL Dyspozytor Poltrakt,inactive,,,,10,Dzienny,0,0,0,W toku,Kliknięcia z 7 dni lub wyświetlenia z 1 dnia
2026-06-20,2026-06-20,Leads PL Dyspozytor Poltrakt,inactive,,,,10,Dzienny,0,0,0,W toku,Kliknięcia z 7 dni lub wyświetlenia z 1 dnia
2026-06-20,2026-06-20,PL Agency Ads,inactive,,,,10,Dzienny,0,0,0,W toku,Kliknięcia z 7 dni lub wyświetlenia z 1 dnia
2026-06-20,2026-06-20,RU Leads Poltrakt CE PL S/F Start 20.06.2026,inactive,1,actions:leadgen.other,08.02,30,Dzienny,08.02,1535,1414,W toku,Kliknięcia z 7 dni lub wyświetlenia z 1 dnia
2026-06-20,2026-06-20,Leads RU Mrozek 100 eur,inactive,3,actions:leadgen.other,5.30333333,10,Dzienny,15.91,1538,1236,W toku,Kliknięcia z 7 dni lub wyświetlenia z 1 dnia
2026-06-20,2026-06-20,Leads ENG Poltrakt Week/Cadence Poland,inactive,2,actions:leadgen.other,5.68,20,Dzienny,11.36,1918,1617,W toku,Kliknięcia z 7 dni lub wyświetlenia z 1 dnia
2026-06-20,2026-06-20,PL Agency Ads Start 14.05.2026,inactive,,,,10,Dzienny,3.16,285,245,W toku,Kliknięcia z 7 dni lub wyświetlenia z 1 dnia
2026-06-20,2026-06-20,Poltrakt PL Magazynier,inactive,,,,5,Dzienny,0,0,0,W toku,Kliknięcia z 7 dni lub wyświetlenia z 1 dnia
2026-06-20,2026-06-20,Poltrakt Drivers CE Week/Full,inactive,,,,Użycie budżetu zestawu reklam,0,0,0,0,W toku,Kliknięcia z 7 dni lub wyświetlenia z 1 dnia
2026-06-20,2026-06-20,Poltrakt PL CE Italy/ pol leads,inactive,,,,11,Dzienny,0,0,0,W toku,Kliknięcia z 7 dni lub wyświetlenia z 1 dnia
2026-06-20,2026-06-20,Poltrakt PL CE Pol Leads,inactive,,,,7,Dzienny,0,0,0,W toku,Kliknięcia z 7 dni lub wyświetlenia z 1 dnia
2026-06-19,2026-06-19,Leads Agency PL,inactive,,,,10,Dzienny,0,0,0,W toku,Kliknięcia z 7 dni lub wyświetlenia z 1 dnia
2026-06-19,2026-06-19,Pracownik Magazynowy PL/ RU/ ENG Leads,inactive,,,,15,Dzienny,0,0,0,W toku,Kliknięcia z 7 dni lub wyświetlenia z 1 dnia
2026-06-19,2026-06-19,Leads RU Mrozek 100 eur,inactive,,,,10,Dzienny,0,0,0,W toku,Kliknięcia z 7 dni lub wyświetlenia z 1 dnia
2026-06-19,2026-06-19,Leads PL Dyspozytor Poltrakt,inactive,,,,10,Dzienny,0,0,0,W toku,Kliknięcia z 7 dni lub wyświetlenia z 1 dnia
2026-06-19,2026-06-19,Leads PL Dyspozytor Poltrakt,inactive,,,,10,Dzienny,0,0,0,W toku,Kliknięcia z 7 dni lub wyświetlenia z 1 dnia
2026-06-19,2026-06-19,PL Agency Ads,inactive,,,,10,Dzienny,0,0,0,W toku,Kliknięcia z 7 dni lub wyświetlenia z 1 dnia
2026-06-19,2026-06-19,RU Leads Poltrakt CE PL S/F Start 20.06.2026,inactive,,,,30,Dzienny,0,0,0,W toku,Kliknięcia z 7 dni lub wyświetlenia z 1 dnia
2026-06-19,2026-06-19,Leads RU Mrozek 100 eur,inactive,2,actions:leadgen.other,11.305,10,Dzienny,22.61,2461,2013,W toku,Kliknięcia z 7 dni lub wyświetlenia z 1 dnia
2026-06-19,2026-06-19,Leads ENG Poltrakt Week/Cadence Poland,inactive,4,actions:leadgen.other,4.5125,20,Dzienny,18.05,3015,2370,W toku,Kliknięcia z 7 dni lub wyświetlenia z 1 dnia
2026-06-19,2026-06-19,PL Agency Ads Start 14.05.2026,inactive,1,actions:onsite_conversion.lead_grouped,5.45,10,Dzienny,5.45,515,413,W toku,Kliknięcia z 7 dni lub wyświetlenia z 1 dnia
2026-06-19,2026-06-19,Poltrakt PL Magazynier,inactive,,,,5,Dzienny,0,0,0,W toku,Kliknięcia z 7 dni lub wyświetlenia z 1 dnia
2026-06-19,2026-06-19,Poltrakt Drivers CE Week/Full,inactive,,,,Użycie budżetu zestawu reklam,0,0,0,0,W toku,Kliknięcia z 7 dni lub wyświetlenia z 1 dnia
2026-06-19,2026-06-19,Poltrakt PL CE Italy/ pol leads,inactive,,,,11,Dzienny,0,0,0,W toku,Kliknięcia z 7 dni lub wyświetlenia z 1 dnia
2026-06-19,2026-06-19,Poltrakt PL CE Pol Leads,inactive,,,,7,Dzienny,0,0,0,W toku,Kliknięcia z 7 dni lub wyświetlenia z 1 dnia
2026-06-18,2026-06-18,Leads Agency PL,inactive,,,,10,Dzienny,0,0,0,W toku,Kliknięcia z 7 dni lub wyświetlenia z 1 dnia
2026-06-18,2026-06-18,Pracownik Magazynowy PL/ RU/ ENG Leads,inactive,,,,15,Dzienny,0,0,0,W toku,Kliknięcia z 7 dni lub wyświetlenia z 1 dnia
2026-06-18,2026-06-18,Leads RU Mrozek 100 eur,inactive,,,,10,Dzienny,0,0,0,W toku,Kliknięcia z 7 dni lub wyświetlenia z 1 dnia
2026-06-18,2026-06-18,Leads PL Dyspozytor Poltrakt,inactive,,,,10,Dzienny,0,0,0,W toku,Kliknięcia z 7 dni lub wyświetlenia z 1 dnia
2026-06-18,2026-06-18,Leads PL Dyspozytor Poltrakt,inactive,,,,10,Dzienny,0,0,0,W toku,Kliknięcia z 7 dni lub wyświetlenia z 1 dnia
2026-06-18,2026-06-18,PL Agency Ads,inactive,,,,10,Dzienny,0,0,0,W toku,Kliknięcia z 7 dni lub wyświetlenia z 1 dnia
2026-06-18,2026-06-18,RU Leads Poltrakt CE PL S/F Start 20.06.2026,inactive,,,,30,Dzienny,0,0,0,W toku,Kliknięcia z 7 dni lub wyświetlenia z 1 dnia
2026-06-18,2026-06-18,Leads RU Mrozek 100 eur,inactive,3,actions:leadgen.other,8.63333333,10,Dzienny,25.9,2977,2385,W toku,Kliknięcia z 7 dni lub wyświetlenia z 1 dnia
2026-06-18,2026-06-18,Leads ENG Poltrakt Week/Cadence Poland,inactive,2,actions:leadgen.other,8.55,20,Dzienny,17.1,2881,2226,W toku,Kliknięcia z 7 dni lub wyświetlenia z 1 dnia
2026-06-18,2026-06-18,PL Agency Ads Start 14.05.2026,inactive,1,actions:onsite_conversion.lead_grouped,8.82,10,Dzienny,8.82,862,707,W toku,Kliknięcia z 7 dni lub wyświetlenia z 1 dnia
2026-06-18,2026-06-18,Poltrakt PL Magazynier,inactive,,,,5,Dzienny,0,0,0,W toku,Kliknięcia z 7 dni lub wyświetlenia z 1 dnia
2026-06-18,2026-06-18,Poltrakt Drivers CE Week/Full,inactive,,,,Użycie budżetu zestawu reklam,0,0,0,0,W toku,Kliknięcia z 7 dni lub wyświetlenia z 1 dnia
2026-06-18,2026-06-18,Poltrakt PL CE Italy/ pol leads,inactive,,,,11,Dzienny,0,0,0,W toku,Kliknięcia z 7 dni lub wyświetlenia z 1 dnia
2026-06-18,2026-06-18,Poltrakt PL CE Pol Leads,inactive,,,,7,Dzienny,0,0,0,W toku,Kliknięcia z 7 dni lub wyświetlenia z 1 dnia
2026-06-17,2026-06-17,Leads Agency PL,inactive,,,,10,Dzienny,0,0,0,W toku,Kliknięcia z 7 dni lub wyświetlenia z 1 dnia
2026-06-17,2026-06-17,Pracownik Magazynowy PL/ RU/ ENG Leads,inactive,,,,15,Dzienny,0,0,0,W toku,Kliknięcia z 7 dni lub wyświetlenia z 1 dnia
2026-06-17,2026-06-17,Leads RU Mrozek 100 eur,inactive,,,,10,Dzienny,0,0,0,W toku,Kliknięcia z 7 dni lub wyświetlenia z 1 dnia
2026-06-17,2026-06-17,Leads PL Dyspozytor Poltrakt,inactive,,,,10,Dzienny,0,0,0,W toku,Kliknięcia z 7 dni lub wyświetlenia z 1 dnia
2026-06-17,2026-06-17,Leads PL Dyspozytor Poltrakt,inactive,,,,10,Dzienny,0,0,0,W toku,Kliknięcia z 7 dni lub wyświetlenia z 1 dnia
2026-06-17,2026-06-17,PL Agency Ads,inactive,,,,10,Dzienny,0,0,0,W toku,Kliknięcia z 7 dni lub wyświetlenia z 1 dnia
2026-06-17,2026-06-17,RU Leads Poltrakt CE PL S/F Start 20.06.2026,inactive,,,,30,Dzienny,0,0,0,W toku,Kliknięcia z 7 dni lub wyświetlenia z 1 dnia
2026-06-17,2026-06-17,Leads RU Mrozek 100 eur,inactive,3,actions:leadgen.other,8.06333333,10,Dzienny,24.19,2809,2245,W toku,Kliknięcia z 7 dni lub wyświetlenia z 1 dnia
2026-06-17,2026-06-17,Leads ENG Poltrakt Week/Cadence Poland,inactive,,,,20,Dzienny,14.89,2611,2031,W toku,Kliknięcia z 7 dni lub wyświetlenia z 1 dnia
2026-06-17,2026-06-17,PL Agency Ads Start 14.05.2026,inactive,2,actions:onsite_conversion.lead_grouped,6.765,10,Dzienny,13.53,1184,1033,W toku,Kliknięcia z 7 dni lub wyświetlenia z 1 dnia
2026-06-17,2026-06-17,Poltrakt PL Magazynier,inactive,,,,5,Dzienny,0,0,0,W toku,Kliknięcia z 7 dni lub wyświetlenia z 1 dnia
2026-06-17,2026-06-17,Poltrakt Drivers CE Week/Full,inactive,,,,Użycie budżetu zestawu reklam,0,0,0,0,W toku,Kliknięcia z 7 dni lub wyświetlenia z 1 dnia
2026-06-17,2026-06-17,Poltrakt PL CE Italy/ pol leads,inactive,,,,11,Dzienny,0,0,0,W toku,Kliknięcia z 7 dni lub wyświetlenia z 1 dnia
2026-06-17,2026-06-17,Poltrakt PL CE Pol Leads,inactive,,,,7,Dzienny,0,0,0,W toku,Kliknięcia z 7 dni lub wyświetlenia z 1 dnia
2026-06-16,2026-06-16,Leads Agency PL,inactive,,,,10,Dzienny,0,0,0,W toku,Kliknięcia z 7 dni lub wyświetlenia z 1 dnia
2026-06-16,2026-06-16,Pracownik Magazynowy PL/ RU/ ENG Leads,inactive,,,,15,Dzienny,0,0,0,W toku,Kliknięcia z 7 dni lub wyświetlenia z 1 dnia
2026-06-16,2026-06-16,Leads RU Mrozek 100 eur,inactive,,,,10,Dzienny,0,0,0,W toku,Kliknięcia z 7 dni lub wyświetlenia z 1 dnia
2026-06-16,2026-06-16,Leads PL Dyspozytor Poltrakt,inactive,,,,10,Dzienny,0,0,0,W toku,Kliknięcia z 7 dni lub wyświetlenia z 1 dnia
2026-06-16,2026-06-16,Leads PL Dyspozytor Poltrakt,inactive,,,,10,Dzienny,0,0,0,W toku,Kliknięcia z 7 dni lub wyświetlenia z 1 dnia
2026-06-16,2026-06-16,PL Agency Ads,inactive,,,,10,Dzienny,0,0,0,W toku,Kliknięcia z 7 dni lub wyświetlenia z 1 dnia
2026-06-16,2026-06-16,RU Leads Poltrakt CE PL S/F Start 20.06.2026,inactive,,,,30,Dzienny,0,0,0,W toku,Kliknięcia z 7 dni lub wyświetlenia z 1 dnia
2026-06-16,2026-06-16,Leads RU Mrozek 100 eur,inactive,5,actions:leadgen.other,4.18,10,Dzienny,20.9,2030,1604,W toku,Kliknięcia z 7 dni lub wyświetlenia z 1 dnia
2026-06-16,2026-06-16,Leads ENG Poltrakt Week/Cadence Poland,inactive,2,actions:leadgen.other,6.4,20,Dzienny,12.8,1909,1556,W toku,Kliknięcia z 7 dni lub wyświetlenia z 1 dnia
2026-06-16,2026-06-16,PL Agency Ads Start 14.05.2026,inactive,1,actions:onsite_conversion.lead_grouped,8.25,10,Dzienny,8.25,495,428,W toku,Kliknięcia z 7 dni lub wyświetlenia z 1 dnia
2026-06-16,2026-06-16,Poltrakt PL Magazynier,inactive,,,,5,Dzienny,0,0,0,W toku,Kliknięcia z 7 dni lub wyświetlenia z 1 dnia
2026-06-16,2026-06-16,Poltrakt Drivers CE Week/Full,inactive,,,,Użycie budżetu zestawu reklam,0,0,0,0,W toku,Kliknięcia z 7 dni lub wyświetlenia z 1 dnia
2026-06-16,2026-06-16,Poltrakt PL CE Italy/ pol leads,inactive,,,,11,Dzienny,0,0,0,W toku,Kliknięcia z 7 dni lub wyświetlenia z 1 dnia
2026-06-16,2026-06-16,Poltrakt PL CE Pol Leads,inactive,,,,7,Dzienny,0,0,0,W toku,Kliknięcia z 7 dni lub wyświetlenia z 1 dnia
2026-06-15,2026-06-15,Leads Agency PL,inactive,,,,10,Dzienny,0,0,0,W toku,Kliknięcia z 7 dni lub wyświetlenia z 1 dnia
2026-06-15,2026-06-15,Pracownik Magazynowy PL/ RU/ ENG Leads,inactive,,,,15,Dzienny,0,0,0,W toku,Kliknięcia z 7 dni lub wyświetlenia z 1 dnia
2026-06-15,2026-06-15,Leads RU Mrozek 100 eur,inactive,,,,10,Dzienny,0,0,0,W toku,Kliknięcia z 7 dni lub wyświetlenia z 1 dnia
2026-06-15,2026-06-15,Leads PL Dyspozytor Poltrakt,inactive,,,,10,Dzienny,0,0,0,W toku,Kliknięcia z 7 dni lub wyświetlenia z 1 dnia
2026-06-15,2026-06-15,Leads PL Dyspozytor Poltrakt,inactive,,,,10,Dzienny,0,0,0,W toku,Kliknięcia z 7 dni lub wyświetlenia z 1 dnia
2026-06-15,2026-06-15,PL Agency Ads,inactive,,,,10,Dzienny,0,0,0,W toku,Kliknięcia z 7 dni lub wyświetlenia z 1 dnia
2026-06-15,2026-06-15,RU Leads Poltrakt CE PL S/F Start 20.06.2026,inactive,,,,30,Dzienny,0,0,0,W toku,Kliknięcia z 7 dni lub wyświetlenia z 1 dnia
2026-06-15,2026-06-15,Leads RU Mrozek 100 eur,inactive,5,actions:leadgen.other,5.6,10,Dzienny,28,3324,2538,W toku,Kliknięcia z 7 dni lub wyświetlenia z 1 dnia
2026-06-15,2026-06-15,Leads ENG Poltrakt Week/Cadence Poland,inactive,6,actions:leadgen.other,1.30333333,20,Dzienny,7.82,1435,1159,W toku,Kliknięcia z 7 dni lub wyświetlenia z 1 dnia
2026-06-15,2026-06-15,PL Agency Ads Start 14.05.2026,inactive,1,actions:onsite_conversion.lead_grouped,14.91,10,Dzienny,14.91,1174,1018,W toku,Kliknięcia z 7 dni lub wyświetlenia z 1 dnia
2026-06-15,2026-06-15,Poltrakt PL Magazynier,inactive,,,,5,Dzienny,0,0,0,W toku,Kliknięcia z 7 dni lub wyświetlenia z 1 dnia
2026-06-15,2026-06-15,Poltrakt Drivers CE Week/Full,inactive,,,,Użycie budżetu zestawu reklam,0,0,0,0,W toku,Kliknięcia z 7 dni lub wyświetlenia z 1 dnia
2026-06-15,2026-06-15,Poltrakt PL CE Italy/ pol leads,inactive,,,,11,Dzienny,0,0,0,W toku,Kliknięcia z 7 dni lub wyświetlenia z 1 dnia
2026-06-15,2026-06-15,Poltrakt PL CE Pol Leads,inactive,,,,7,Dzienny,0,0,0,W toku,Kliknięcia z 7 dni lub wyświetlenia z 1 dnia
2026-06-14,2026-06-14,Leads Agency PL,inactive,,,,10,Dzienny,0,0,0,W toku,Kliknięcia z 7 dni lub wyświetlenia z 1 dnia
2026-06-14,2026-06-14,Pracownik Magazynowy PL/ RU/ ENG Leads,inactive,,,,15,Dzienny,0,0,0,W toku,Kliknięcia z 7 dni lub wyświetlenia z 1 dnia
2026-06-14,2026-06-14,Leads RU Mrozek 100 eur,inactive,,,,10,Dzienny,0,0,0,W toku,Kliknięcia z 7 dni lub wyświetlenia z 1 dnia
2026-06-14,2026-06-14,Leads PL Dyspozytor Poltrakt,inactive,,,,10,Dzienny,0,0,0,W toku,Kliknięcia z 7 dni lub wyświetlenia z 1 dnia
2026-06-14,2026-06-14,Leads PL Dyspozytor Poltrakt,inactive,,,,10,Dzienny,0,0,0,W toku,Kliknięcia z 7 dni lub wyświetlenia z 1 dnia
2026-06-14,2026-06-14,PL Agency Ads,inactive,,,,10,Dzienny,0,0,0,W toku,Kliknięcia z 7 dni lub wyświetlenia z 1 dnia
2026-06-14,2026-06-14,RU Leads Poltrakt CE PL S/F Start 20.06.2026,inactive,,,,30,Dzienny,0,0,0,W toku,Kliknięcia z 7 dni lub wyświetlenia z 1 dnia
2026-06-14,2026-06-14,Leads RU Mrozek 100 eur,inactive,4,actions:leadgen.other,8.085,10,Dzienny,32.34,3560,2463,W toku,Kliknięcia z 7 dni lub wyświetlenia z 1 dnia
2026-06-14,2026-06-14,Leads ENG Poltrakt Week/Cadence Poland,inactive,13,actions:leadgen.other,1.37307692,20,Dzienny,17.85,4651,2958,W toku,Kliknięcia z 7 dni lub wyświetlenia z 1 dnia
2026-06-14,2026-06-14,PL Agency Ads Start 14.05.2026,inactive,3,actions:onsite_conversion.lead_grouped,4.51,10,Dzienny,13.53,1116,921,W toku,Kliknięcia z 7 dni lub wyświetlenia z 1 dnia
2026-06-14,2026-06-14,Poltrakt PL Magazynier,inactive,,,,5,Dzienny,0,0,0,W toku,Kliknięcia z 7 dni lub wyświetlenia z 1 dnia
2026-06-14,2026-06-14,Poltrakt Drivers CE Week/Full,inactive,,,,Użycie budżetu zestawu reklam,0,0,0,0,W toku,Kliknięcia z 7 dni lub wyświetlenia z 1 dnia
2026-06-14,2026-06-14,Poltrakt PL CE Italy/ pol leads,inactive,,,,11,Dzienny,0,0,0,W toku,Kliknięcia z 7 dni lub wyświetlenia z 1 dnia
2026-06-14,2026-06-14,Poltrakt PL CE Pol Leads,inactive,,,,7,Dzienny,0,0,0,W toku,Kliknięcia z 7 dni lub wyświetlenia z 1 dnia
2026-06-13,2026-06-13,Leads Agency PL,inactive,,,,10,Dzienny,0,0,0,W toku,Kliknięcia z 7 dni lub wyświetlenia z 1 dnia
2026-06-13,2026-06-13,Pracownik Magazynowy PL/ RU/ ENG Leads,inactive,,,,15,Dzienny,0,0,0,W toku,Kliknięcia z 7 dni lub wyświetlenia z 1 dnia
2026-06-13,2026-06-13,Leads RU Mrozek 100 eur,inactive,,,,10,Dzienny,0,0,0,W toku,Kliknięcia z 7 dni lub wyświetlenia z 1 dnia
2026-06-13,2026-06-13,Leads PL Dyspozytor Poltrakt,inactive,,,,10,Dzienny,0,0,0,W toku,Kliknięcia z 7 dni lub wyświetlenia z 1 dnia
2026-06-13,2026-06-13,Leads PL Dyspozytor Poltrakt,inactive,,,,10,Dzienny,0,0,0,W toku,Kliknięcia z 7 dni lub wyświetlenia z 1 dnia
2026-06-13,2026-06-13,PL Agency Ads,inactive,,,,10,Dzienny,0,0,0,W toku,Kliknięcia z 7 dni lub wyświetlenia z 1 dnia
2026-06-13,2026-06-13,RU Leads Poltrakt CE PL S/F Start 20.06.2026,inactive,,,,30,Dzienny,0,0,0,W toku,Kliknięcia z 7 dni lub wyświetlenia z 1 dnia
2026-06-13,2026-06-13,Leads RU Mrozek 100 eur,inactive,,,,10,Dzienny,27.31,2902,2137,W toku,Kliknięcia z 7 dni lub wyświetlenia z 1 dnia
2026-06-13,2026-06-13,Leads ENG Poltrakt Week/Cadence Poland,inactive,14,actions:leadgen.other,1.37714286,20,Dzienny,19.28,4429,2909,W toku,Kliknięcia z 7 dni lub wyświetlenia z 1 dnia
2026-06-13,2026-06-13,PL Agency Ads Start 14.05.2026,inactive,,,,10,Dzienny,11.59,994,826,W toku,Kliknięcia z 7 dni lub wyświetlenia z 1 dnia
2026-06-13,2026-06-13,Poltrakt PL Magazynier,inactive,,,,5,Dzienny,0,0,0,W toku,Kliknięcia z 7 dni lub wyświetlenia z 1 dnia
2026-06-13,2026-06-13,Poltrakt Drivers CE Week/Full,inactive,,,,Użycie budżetu zestawu reklam,0,0,0,0,W toku,Kliknięcia z 7 dni lub wyświetlenia z 1 dnia
2026-06-13,2026-06-13,Poltrakt PL CE Italy/ pol leads,inactive,,,,11,Dzienny,0,0,0,W toku,Kliknięcia z 7 dni lub wyświetlenia z 1 dnia
2026-06-13,2026-06-13,Poltrakt PL CE Pol Leads,inactive,,,,7,Dzienny,0,0,0,W toku,Kliknięcia z 7 dni lub wyświetlenia z 1 dnia
2026-06-12,2026-06-12,Leads Agency PL,inactive,,,,10,Dzienny,0,0,0,W toku,Kliknięcia z 7 dni lub wyświetlenia z 1 dnia
2026-06-12,2026-06-12,Pracownik Magazynowy PL/ RU/ ENG Leads,inactive,,,,15,Dzienny,0,0,0,W toku,Kliknięcia z 7 dni lub wyświetlenia z 1 dnia
2026-06-12,2026-06-12,Leads RU Mrozek 100 eur,inactive,,,,10,Dzienny,0,0,0,W toku,Kliknięcia z 7 dni lub wyświetlenia z 1 dnia
2026-06-12,2026-06-12,Leads PL Dyspozytor Poltrakt,inactive,,,,10,Dzienny,0,0,0,W toku,Kliknięcia z 7 dni lub wyświetlenia z 1 dnia
2026-06-12,2026-06-12,Leads PL Dyspozytor Poltrakt,inactive,,,,10,Dzienny,0,0,0,W toku,Kliknięcia z 7 dni lub wyświetlenia z 1 dnia
2026-06-12,2026-06-12,PL Agency Ads,inactive,,,,10,Dzienny,0,0,0,W toku,Kliknięcia z 7 dni lub wyświetlenia z 1 dnia
2026-06-12,2026-06-12,RU Leads Poltrakt CE PL S/F Start 20.06.2026,inactive,,,,30,Dzienny,0,0,0,W toku,Kliknięcia z 7 dni lub wyświetlenia z 1 dnia
2026-06-12,2026-06-12,Leads RU Mrozek 100 eur,inactive,4,actions:leadgen.other,5.035,10,Dzienny,20.14,2357,1840,W toku,Kliknięcia z 7 dni lub wyświetlenia z 1 dnia
2026-06-12,2026-06-12,Leads ENG Poltrakt Week/Cadence Poland,inactive,10,actions:leadgen.other,1.682,20,Dzienny,16.82,3536,2371,W toku,Kliknięcia z 7 dni lub wyświetlenia z 1 dnia
2026-06-12,2026-06-12,PL Agency Ads Start 14.05.2026,inactive,2,actions:onsite_conversion.lead_grouped,7.27,10,Dzienny,14.54,988,840,W toku,Kliknięcia z 7 dni lub wyświetlenia z 1 dnia
2026-06-12,2026-06-12,Poltrakt PL Magazynier,inactive,,,,5,Dzienny,0,0,0,W toku,Kliknięcia z 7 dni lub wyświetlenia z 1 dnia
2026-06-12,2026-06-12,Poltrakt Drivers CE Week/Full,inactive,,,,Użycie budżetu zestawu reklam,0,0,0,0,W toku,Kliknięcia z 7 dni lub wyświetlenia z 1 dnia
2026-06-12,2026-06-12,Poltrakt PL CE Italy/ pol leads,inactive,,,,11,Dzienny,0,0,0,W toku,Kliknięcia z 7 dni lub wyświetlenia z 1 dnia
2026-06-12,2026-06-12,Poltrakt PL CE Pol Leads,inactive,,,,7,Dzienny,0,0,0,W toku,Kliknięcia z 7 dni lub wyświetlenia z 1 dnia
2026-06-11,2026-06-11,Leads Agency PL,inactive,,,,10,Dzienny,0,0,0,W toku,Kliknięcia z 7 dni lub wyświetlenia z 1 dnia
2026-06-11,2026-06-11,Pracownik Magazynowy PL/ RU/ ENG Leads,inactive,,,,15,Dzienny,0,0,0,W toku,Kliknięcia z 7 dni lub wyświetlenia z 1 dnia
2026-06-11,2026-06-11,Leads RU Mrozek 100 eur,inactive,,,,10,Dzienny,0,0,0,W toku,Kliknięcia z 7 dni lub wyświetlenia z 1 dnia
2026-06-11,2026-06-11,Leads PL Dyspozytor Poltrakt,inactive,,,,10,Dzienny,0,0,0,W toku,Kliknięcia z 7 dni lub wyświetlenia z 1 dnia
2026-06-11,2026-06-11,Leads PL Dyspozytor Poltrakt,inactive,,,,10,Dzienny,0,0,0,W toku,Kliknięcia z 7 dni lub wyświetlenia z 1 dnia
2026-06-11,2026-06-11,PL Agency Ads,inactive,,,,10,Dzienny,0,0,0,W toku,Kliknięcia z 7 dni lub wyświetlenia z 1 dnia
2026-06-11,2026-06-11,RU Leads Poltrakt CE PL S/F Start 20.06.2026,inactive,,,,30,Dzienny,0,0,0,W toku,Kliknięcia z 7 dni lub wyświetlenia z 1 dnia
2026-06-11,2026-06-11,Leads RU Mrozek 100 eur,inactive,2,actions:leadgen.other,11.45,10,Dzienny,22.9,3332,2445,W toku,Kliknięcia z 7 dni lub wyświetlenia z 1 dnia
2026-06-11,2026-06-11,Leads ENG Poltrakt Week/Cadence Poland,inactive,8,actions:leadgen.other,3.05125,20,Dzienny,24.41,6590,4697,W toku,Kliknięcia z 7 dni lub wyświetlenia z 1 dnia
2026-06-11,2026-06-11,PL Agency Ads Start 14.05.2026,inactive,,,,10,Dzienny,13.13,920,737,W toku,Kliknięcia z 7 dni lub wyświetlenia z 1 dnia
2026-06-11,2026-06-11,Poltrakt PL Magazynier,inactive,,,,5,Dzienny,0,0,0,W toku,Kliknięcia z 7 dni lub wyświetlenia z 1 dnia
2026-06-11,2026-06-11,Poltrakt Drivers CE Week/Full,inactive,,,,Użycie budżetu zestawu reklam,0,0,0,0,W toku,Kliknięcia z 7 dni lub wyświetlenia z 1 dnia
2026-06-11,2026-06-11,Poltrakt PL CE Italy/ pol leads,inactive,,,,11,Dzienny,0,0,0,W toku,Kliknięcia z 7 dni lub wyświetlenia z 1 dnia
2026-06-11,2026-06-11,Poltrakt PL CE Pol Leads,inactive,,,,7,Dzienny,0,0,0,W toku,Kliknięcia z 7 dni lub wyświetlenia z 1 dnia
2026-06-10,2026-06-10,Leads Agency PL,inactive,,,,10,Dzienny,0,0,0,W toku,Kliknięcia z 7 dni lub wyświetlenia z 1 dnia
2026-06-10,2026-06-10,Pracownik Magazynowy PL/ RU/ ENG Leads,inactive,,,,15,Dzienny,0,0,0,W toku,Kliknięcia z 7 dni lub wyświetlenia z 1 dnia
2026-06-10,2026-06-10,Leads RU Mrozek 100 eur,inactive,,,,10,Dzienny,0,0,0,W toku,Kliknięcia z 7 dni lub wyświetlenia z 1 dnia
2026-06-10,2026-06-10,Leads PL Dyspozytor Poltrakt,inactive,,,,10,Dzienny,0,0,0,W toku,Kliknięcia z 7 dni lub wyświetlenia z 1 dnia
2026-06-10,2026-06-10,Leads PL Dyspozytor Poltrakt,inactive,,,,10,Dzienny,0,0,0,W toku,Kliknięcia z 7 dni lub wyświetlenia z 1 dnia
2026-06-10,2026-06-10,PL Agency Ads,inactive,,,,10,Dzienny,0,0,0,W toku,Kliknięcia z 7 dni lub wyświetlenia z 1 dnia
2026-06-10,2026-06-10,RU Leads Poltrakt CE PL S/F Start 20.06.2026,inactive,,,,30,Dzienny,0,0,0,W toku,Kliknięcia z 7 dni lub wyświetlenia z 1 dnia
2026-06-10,2026-06-10,Leads RU Mrozek 100 eur,inactive,6,actions:leadgen.other,3.20666667,10,Dzienny,19.24,2564,2022,W toku,Kliknięcia z 7 dni lub wyświetlenia z 1 dnia
2026-06-10,2026-06-10,Leads ENG Poltrakt Week/Cadence Poland,inactive,6,actions:leadgen.other,4.3,20,Dzienny,25.8,8137,5376,W toku,Kliknięcia z 7 dni lub wyświetlenia z 1 dnia
2026-06-10,2026-06-10,PL Agency Ads Start 14.05.2026,inactive,1,actions:onsite_conversion.lead_grouped,16.35,10,Dzienny,16.35,1770,1495,W toku,Kliknięcia z 7 dni lub wyświetlenia z 1 dnia
2026-06-10,2026-06-10,Poltrakt PL Magazynier,inactive,,,,5,Dzienny,0,0,0,W toku,Kliknięcia z 7 dni lub wyświetlenia z 1 dnia
2026-06-10,2026-06-10,Poltrakt Drivers CE Week/Full,inactive,,,,Użycie budżetu zestawu reklam,0,0,0,0,W toku,Kliknięcia z 7 dni lub wyświetlenia z 1 dnia
2026-06-10,2026-06-10,Poltrakt PL CE Italy/ pol leads,inactive,,,,11,Dzienny,0,0,0,W toku,Kliknięcia z 7 dni lub wyświetlenia z 1 dnia
2026-06-10,2026-06-10,Poltrakt PL CE Pol Leads,inactive,,,,7,Dzienny,0,0,0,W toku,Kliknięcia z 7 dni lub wyświetlenia z 1 dnia
2026-06-09,2026-06-09,Leads Agency PL,inactive,,,,10,Dzienny,0,0,0,W toku,Kliknięcia z 7 dni lub wyświetlenia z 1 dnia
2026-06-09,2026-06-09,Pracownik Magazynowy PL/ RU/ ENG Leads,inactive,,,,15,Dzienny,0,0,0,W toku,Kliknięcia z 7 dni lub wyświetlenia z 1 dnia
2026-06-09,2026-06-09,Leads RU Mrozek 100 eur,inactive,,,,10,Dzienny,0,0,0,W toku,Kliknięcia z 7 dni lub wyświetlenia z 1 dnia
2026-06-09,2026-06-09,Leads PL Dyspozytor Poltrakt,inactive,,,,10,Dzienny,0,0,0,W toku,Kliknięcia z 7 dni lub wyświetlenia z 1 dnia
2026-06-09,2026-06-09,Leads PL Dyspozytor Poltrakt,inactive,,,,10,Dzienny,0,0,0,W toku,Kliknięcia z 7 dni lub wyświetlenia z 1 dnia
2026-06-09,2026-06-09,PL Agency Ads,inactive,,,,10,Dzienny,0,0,0,W toku,Kliknięcia z 7 dni lub wyświetlenia z 1 dnia
2026-06-09,2026-06-09,RU Leads Poltrakt CE PL S/F Start 20.06.2026,inactive,,,,30,Dzienny,0,0,0,W toku,Kliknięcia z 7 dni lub wyświetlenia z 1 dnia
2026-06-09,2026-06-09,Leads RU Mrozek 100 eur,inactive,2,actions:leadgen.other,6.055,10,Dzienny,12.11,1867,1404,W toku,Kliknięcia z 7 dni lub wyświetlenia z 1 dnia
2026-06-09,2026-06-09,Leads ENG Poltrakt Week/Cadence Poland,inactive,6,actions:leadgen.other,3.09833333,20,Dzienny,18.59,5398,3525,W toku,Kliknięcia z 7 dni lub wyświetlenia z 1 dnia
2026-06-09,2026-06-09,PL Agency Ads Start 14.05.2026,inactive,,,,10,Dzienny,14.15,1345,1154,W toku,Kliknięcia z 7 dni lub wyświetlenia z 1 dnia
2026-06-09,2026-06-09,Poltrakt PL Magazynier,inactive,,,,5,Dzienny,0,0,0,W toku,Kliknięcia z 7 dni lub wyświetlenia z 1 dnia
2026-06-09,2026-06-09,Poltrakt Drivers CE Week/Full,inactive,,,,Użycie budżetu zestawu reklam,0,0,0,0,W toku,Kliknięcia z 7 dni lub wyświetlenia z 1 dnia
2026-06-09,2026-06-09,Poltrakt PL CE Italy/ pol leads,inactive,,,,11,Dzienny,0,0,0,W toku,Kliknięcia z 7 dni lub wyświetlenia z 1 dnia
2026-06-09,2026-06-09,Poltrakt PL CE Pol Leads,inactive,,,,7,Dzienny,0,0,0,W toku,Kliknięcia z 7 dni lub wyświetlenia z 1 dnia
2026-06-08,2026-06-08,Leads Agency PL,inactive,,,,10,Dzienny,0,0,0,W toku,Kliknięcia z 7 dni lub wyświetlenia z 1 dnia
2026-06-08,2026-06-08,Pracownik Magazynowy PL/ RU/ ENG Leads,inactive,,,,15,Dzienny,0,0,0,W toku,Kliknięcia z 7 dni lub wyświetlenia z 1 dnia
2026-06-08,2026-06-08,Leads RU Mrozek 100 eur,inactive,,,,10,Dzienny,0,0,0,W toku,Kliknięcia z 7 dni lub wyświetlenia z 1 dnia
2026-06-08,2026-06-08,Leads PL Dyspozytor Poltrakt,inactive,,,,10,Dzienny,0,0,0,W toku,Kliknięcia z 7 dni lub wyświetlenia z 1 dnia
2026-06-08,2026-06-08,Leads PL Dyspozytor Poltrakt,inactive,,,,10,Dzienny,0,0,0,W toku,Kliknięcia z 7 dni lub wyświetlenia z 1 dnia
2026-06-08,2026-06-08,PL Agency Ads,inactive,,,,10,Dzienny,0,0,0,W toku,Kliknięcia z 7 dni lub wyświetlenia z 1 dnia
2026-06-08,2026-06-08,RU Leads Poltrakt CE PL S/F Start 20.06.2026,inactive,,,,30,Dzienny,0,0,0,W toku,Kliknięcia z 7 dni lub wyświetlenia z 1 dnia
2026-06-08,2026-06-08,Leads RU Mrozek 100 eur,inactive,,,,10,Dzienny,0,0,0,W toku,Kliknięcia z 7 dni lub wyświetlenia z 1 dnia
2026-06-08,2026-06-08,Leads ENG Poltrakt Week/Cadence Poland,inactive,,,,20,Dzienny,0,0,0,W toku,Kliknięcia z 7 dni lub wyświetlenia z 1 dnia
2026-06-08,2026-06-08,PL Agency Ads Start 14.05.2026,inactive,,,,10,Dzienny,0,0,0,W toku,Kliknięcia z 7 dni lub wyświetlenia z 1 dnia
2026-06-08,2026-06-08,Poltrakt PL Magazynier,inactive,,,,5,Dzienny,0,0,0,W toku,Kliknięcia z 7 dni lub wyświetlenia z 1 dnia
2026-06-08,2026-06-08,Poltrakt Drivers CE Week/Full,inactive,,,,Użycie budżetu zestawu reklam,0,0,0,0,W toku,Kliknięcia z 7 dni lub wyświetlenia z 1 dnia
2026-06-08,2026-06-08,Poltrakt PL CE Italy/ pol leads,inactive,,,,11,Dzienny,0,0,0,W toku,Kliknięcia z 7 dni lub wyświetlenia z 1 dnia
2026-06-08,2026-06-08,Poltrakt PL CE Pol Leads,inactive,,,,7,Dzienny,0,0,0,W toku,Kliknięcia z 7 dni lub wyświetlenia z 1 dnia
2026-06-07,2026-06-07,Leads Agency PL,inactive,,,,10,Dzienny,0,0,0,W toku,Kliknięcia z 7 dni lub wyświetlenia z 1 dnia
2026-06-07,2026-06-07,Pracownik Magazynowy PL/ RU/ ENG Leads,inactive,,,,15,Dzienny,0,0,0,W toku,Kliknięcia z 7 dni lub wyświetlenia z 1 dnia
2026-06-07,2026-06-07,Leads RU Mrozek 100 eur,inactive,,,,10,Dzienny,0,0,0,W toku,Kliknięcia z 7 dni lub wyświetlenia z 1 dnia
2026-06-07,2026-06-07,Leads PL Dyspozytor Poltrakt,inactive,,,,10,Dzienny,0,0,0,W toku,Kliknięcia z 7 dni lub wyświetlenia z 1 dnia
2026-06-07,2026-06-07,Leads PL Dyspozytor Poltrakt,inactive,,,,10,Dzienny,0,0,0,W toku,Kliknięcia z 7 dni lub wyświetlenia z 1 dnia
2026-06-07,2026-06-07,PL Agency Ads,inactive,,,,10,Dzienny,0,0,0,W toku,Kliknięcia z 7 dni lub wyświetlenia z 1 dnia
2026-06-07,2026-06-07,RU Leads Poltrakt CE PL S/F Start 20.06.2026,inactive,,,,30,Dzienny,0,0,0,W toku,Kliknięcia z 7 dni lub wyświetlenia z 1 dnia
2026-06-07,2026-06-07,Leads RU Mrozek 100 eur,inactive,,,,10,Dzienny,0,0,0,W toku,Kliknięcia z 7 dni lub wyświetlenia z 1 dnia
2026-06-07,2026-06-07,Leads ENG Poltrakt Week/Cadence Poland,inactive,,,,20,Dzienny,0,0,0,W toku,Kliknięcia z 7 dni lub wyświetlenia z 1 dnia
2026-06-07,2026-06-07,PL Agency Ads Start 14.05.2026,inactive,,,,10,Dzienny,0,0,0,W toku,Kliknięcia z 7 dni lub wyświetlenia z 1 dnia
2026-06-07,2026-06-07,Poltrakt PL Magazynier,inactive,,,,5,Dzienny,0,0,0,W toku,Kliknięcia z 7 dni lub wyświetlenia z 1 dnia
2026-06-07,2026-06-07,Poltrakt Drivers CE Week/Full,inactive,,,,Użycie budżetu zestawu reklam,0,0,0,0,W toku,Kliknięcia z 7 dni lub wyświetlenia z 1 dnia
2026-06-07,2026-06-07,Poltrakt PL CE Italy/ pol leads,inactive,,,,11,Dzienny,0,0,0,W toku,Kliknięcia z 7 dni lub wyświetlenia z 1 dnia
2026-06-07,2026-06-07,Poltrakt PL CE Pol Leads,inactive,,,,7,Dzienny,0,0,0,W toku,Kliknięcia z 7 dni lub wyświetlenia z 1 dnia
2026-06-06,2026-06-06,Leads Agency PL,inactive,,,,10,Dzienny,0,0,0,W toku,Kliknięcia z 7 dni lub wyświetlenia z 1 dnia
2026-06-06,2026-06-06,Pracownik Magazynowy PL/ RU/ ENG Leads,inactive,,,,15,Dzienny,0,0,0,W toku,Kliknięcia z 7 dni lub wyświetlenia z 1 dnia
2026-06-06,2026-06-06,Leads RU Mrozek 100 eur,inactive,,,,10,Dzienny,0,0,0,W toku,Kliknięcia z 7 dni lub wyświetlenia z 1 dnia
2026-06-06,2026-06-06,Leads PL Dyspozytor Poltrakt,inactive,,,,10,Dzienny,0,0,0,W toku,Kliknięcia z 7 dni lub wyświetlenia z 1 dnia
2026-06-06,2026-06-06,Leads PL Dyspozytor Poltrakt,inactive,,,,10,Dzienny,0,0,0,W toku,Kliknięcia z 7 dni lub wyświetlenia z 1 dnia
2026-06-06,2026-06-06,PL Agency Ads,inactive,,,,10,Dzienny,0,0,0,W toku,Kliknięcia z 7 dni lub wyświetlenia z 1 dnia
2026-06-06,2026-06-06,RU Leads Poltrakt CE PL S/F Start 20.06.2026,inactive,,,,30,Dzienny,0,0,0,W toku,Kliknięcia z 7 dni lub wyświetlenia z 1 dnia
2026-06-06,2026-06-06,Leads RU Mrozek 100 eur,inactive,,,,10,Dzienny,0,0,0,W toku,Kliknięcia z 7 dni lub wyświetlenia z 1 dnia
2026-06-06,2026-06-06,Leads ENG Poltrakt Week/Cadence Poland,inactive,,,,20,Dzienny,0,0,0,W toku,Kliknięcia z 7 dni lub wyświetlenia z 1 dnia
2026-06-06,2026-06-06,PL Agency Ads Start 14.05.2026,inactive,,,,10,Dzienny,0,0,0,W toku,Kliknięcia z 7 dni lub wyświetlenia z 1 dnia
2026-06-06,2026-06-06,Poltrakt PL Magazynier,inactive,,,,5,Dzienny,0,0,0,W toku,Kliknięcia z 7 dni lub wyświetlenia z 1 dnia
2026-06-06,2026-06-06,Poltrakt Drivers CE Week/Full,inactive,,,,Użycie budżetu zestawu reklam,0,0,0,0,W toku,Kliknięcia z 7 dni lub wyświetlenia z 1 dnia
2026-06-06,2026-06-06,Poltrakt PL CE Italy/ pol leads,inactive,,,,11,Dzienny,0,0,0,W toku,Kliknięcia z 7 dni lub wyświetlenia z 1 dnia
2026-06-06,2026-06-06,Poltrakt PL CE Pol Leads,inactive,,,,7,Dzienny,0,0,0,W toku,Kliknięcia z 7 dni lub wyświetlenia z 1 dnia
2026-06-05,2026-06-05,Leads Agency PL,inactive,,,,10,Dzienny,0,0,0,W toku,Kliknięcia z 7 dni lub wyświetlenia z 1 dnia
2026-06-05,2026-06-05,Pracownik Magazynowy PL/ RU/ ENG Leads,inactive,,,,15,Dzienny,0,0,0,W toku,Kliknięcia z 7 dni lub wyświetlenia z 1 dnia
2026-06-05,2026-06-05,Leads RU Mrozek 100 eur,inactive,,,,10,Dzienny,0,0,0,W toku,Kliknięcia z 7 dni lub wyświetlenia z 1 dnia
2026-06-05,2026-06-05,Leads PL Dyspozytor Poltrakt,inactive,,,,10,Dzienny,0,0,0,W toku,Kliknięcia z 7 dni lub wyświetlenia z 1 dnia
2026-06-05,2026-06-05,Leads PL Dyspozytor Poltrakt,inactive,,,,10,Dzienny,0,0,0,W toku,Kliknięcia z 7 dni lub wyświetlenia z 1 dnia
2026-06-05,2026-06-05,PL Agency Ads,inactive,,,,10,Dzienny,0,0,0,W toku,Kliknięcia z 7 dni lub wyświetlenia z 1 dnia
2026-06-05,2026-06-05,RU Leads Poltrakt CE PL S/F Start 20.06.2026,inactive,,,,30,Dzienny,0,0,0,W toku,Kliknięcia z 7 dni lub wyświetlenia z 1 dnia
2026-06-05,2026-06-05,Leads RU Mrozek 100 eur,inactive,,,,10,Dzienny,0,0,0,W toku,Kliknięcia z 7 dni lub wyświetlenia z 1 dnia
2026-06-05,2026-06-05,Leads ENG Poltrakt Week/Cadence Poland,inactive,,,,20,Dzienny,0,0,0,W toku,Kliknięcia z 7 dni lub wyświetlenia z 1 dnia
2026-06-05,2026-06-05,PL Agency Ads Start 14.05.2026,inactive,,,,10,Dzienny,0,0,0,W toku,Kliknięcia z 7 dni lub wyświetlenia z 1 dnia
2026-06-05,2026-06-05,Poltrakt PL Magazynier,inactive,,,,5,Dzienny,0,0,0,W toku,Kliknięcia z 7 dni lub wyświetlenia z 1 dnia
2026-06-05,2026-06-05,Poltrakt Drivers CE Week/Full,inactive,,,,Użycie budżetu zestawu reklam,0,0,0,0,W toku,Kliknięcia z 7 dni lub wyświetlenia z 1 dnia
2026-06-05,2026-06-05,Poltrakt PL CE Italy/ pol leads,inactive,,,,11,Dzienny,0,0,0,W toku,Kliknięcia z 7 dni lub wyświetlenia z 1 dnia
2026-06-05,2026-06-05,Poltrakt PL CE Pol Leads,inactive,,,,7,Dzienny,0,0,0,W toku,Kliknięcia z 7 dni lub wyświetlenia z 1 dnia
2026-06-04,2026-06-04,Leads Agency PL,inactive,,,,10,Dzienny,0,0,0,W toku,Kliknięcia z 7 dni lub wyświetlenia z 1 dnia
2026-06-04,2026-06-04,Pracownik Magazynowy PL/ RU/ ENG Leads,inactive,,,,15,Dzienny,0,0,0,W toku,Kliknięcia z 7 dni lub wyświetlenia z 1 dnia
2026-06-04,2026-06-04,Leads RU Mrozek 100 eur,inactive,,,,10,Dzienny,0,0,0,W toku,Kliknięcia z 7 dni lub wyświetlenia z 1 dnia
2026-06-04,2026-06-04,Leads PL Dyspozytor Poltrakt,inactive,,,,10,Dzienny,0,0,0,W toku,Kliknięcia z 7 dni lub wyświetlenia z 1 dnia
2026-06-04,2026-06-04,Leads PL Dyspozytor Poltrakt,inactive,,,,10,Dzienny,0,0,0,W toku,Kliknięcia z 7 dni lub wyświetlenia z 1 dnia
2026-06-04,2026-06-04,PL Agency Ads,inactive,,,,10,Dzienny,0,0,0,W toku,Kliknięcia z 7 dni lub wyświetlenia z 1 dnia
2026-06-04,2026-06-04,RU Leads Poltrakt CE PL S/F Start 20.06.2026,inactive,,,,30,Dzienny,0,0,0,W toku,Kliknięcia z 7 dni lub wyświetlenia z 1 dnia
2026-06-04,2026-06-04,Leads RU Mrozek 100 eur,inactive,5,actions:leadgen.other,1.796,10,Dzienny,8.98,1354,1005,W toku,Kliknięcia z 7 dni lub wyświetlenia z 1 dnia
2026-06-04,2026-06-04,Leads ENG Poltrakt Week/Cadence Poland,inactive,2,actions:leadgen.other,4.39,20,Dzienny,8.78,3196,2560,W toku,Kliknięcia z 7 dni lub wyświetlenia z 1 dnia
2026-06-04,2026-06-04,PL Agency Ads Start 14.05.2026,inactive,2,actions:onsite_conversion.lead_grouped,3.71,10,Dzienny,7.42,952,678,W toku,Kliknięcia z 7 dni lub wyświetlenia z 1 dnia
2026-06-04,2026-06-04,Poltrakt PL Magazynier,inactive,,,,5,Dzienny,0,0,0,W toku,Kliknięcia z 7 dni lub wyświetlenia z 1 dnia
2026-06-04,2026-06-04,Poltrakt Drivers CE Week/Full,inactive,,,,Użycie budżetu zestawu reklam,0,0,0,0,W toku,Kliknięcia z 7 dni lub wyświetlenia z 1 dnia
2026-06-04,2026-06-04,Poltrakt PL CE Italy/ pol leads,inactive,,,,11,Dzienny,0,0,0,W toku,Kliknięcia z 7 dni lub wyświetlenia z 1 dnia
2026-06-04,2026-06-04,Poltrakt PL CE Pol Leads,inactive,,,,7,Dzienny,0,0,0,W toku,Kliknięcia z 7 dni lub wyświetlenia z 1 dnia
2026-06-03,2026-06-03,Leads Agency PL,inactive,,,,10,Dzienny,0,0,0,W toku,Kliknięcia z 7 dni lub wyświetlenia z 1 dnia
2026-06-03,2026-06-03,Pracownik Magazynowy PL/ RU/ ENG Leads,inactive,,,,15,Dzienny,0,0,0,W toku,Kliknięcia z 7 dni lub wyświetlenia z 1 dnia
2026-06-03,2026-06-03,Leads RU Mrozek 100 eur,inactive,,,,10,Dzienny,0,0,0,W toku,Kliknięcia z 7 dni lub wyświetlenia z 1 dnia
2026-06-03,2026-06-03,Leads PL Dyspozytor Poltrakt,inactive,,,,10,Dzienny,0,0,0,W toku,Kliknięcia z 7 dni lub wyświetlenia z 1 dnia
2026-06-03,2026-06-03,Leads PL Dyspozytor Poltrakt,inactive,,,,10,Dzienny,0,0,0,W toku,Kliknięcia z 7 dni lub wyświetlenia z 1 dnia
2026-06-03,2026-06-03,PL Agency Ads,inactive,,,,10,Dzienny,0,0,0,W toku,Kliknięcia z 7 dni lub wyświetlenia z 1 dnia
2026-06-03,2026-06-03,RU Leads Poltrakt CE PL S/F Start 20.06.2026,inactive,,,,30,Dzienny,0,0,0,W toku,Kliknięcia z 7 dni lub wyświetlenia z 1 dnia
2026-06-03,2026-06-03,Leads RU Mrozek 100 eur,inactive,4,actions:leadgen.other,2.1425,10,Dzienny,8.57,1336,967,W toku,Kliknięcia z 7 dni lub wyświetlenia z 1 dnia
2026-06-03,2026-06-03,Leads ENG Poltrakt Week/Cadence Poland,inactive,8,actions:leadgen.other,1.82625,20,Dzienny,14.61,4937,3812,W toku,Kliknięcia z 7 dni lub wyświetlenia z 1 dnia
2026-06-03,2026-06-03,PL Agency Ads Start 14.05.2026,inactive,4,actions:onsite_conversion.lead_grouped,2.3375,10,Dzienny,9.35,1150,869,W toku,Kliknięcia z 7 dni lub wyświetlenia z 1 dnia
2026-06-03,2026-06-03,Poltrakt PL Magazynier,inactive,,,,5,Dzienny,0,0,0,W toku,Kliknięcia z 7 dni lub wyświetlenia z 1 dnia
2026-06-03,2026-06-03,Poltrakt Drivers CE Week/Full,inactive,,,,Użycie budżetu zestawu reklam,0,0,0,0,W toku,Kliknięcia z 7 dni lub wyświetlenia z 1 dnia
2026-06-03,2026-06-03,Poltrakt PL CE Italy/ pol leads,inactive,,,,11,Dzienny,0,0,0,W toku,Kliknięcia z 7 dni lub wyświetlenia z 1 dnia
2026-06-03,2026-06-03,Poltrakt PL CE Pol Leads,inactive,,,,7,Dzienny,0,0,0,W toku,Kliknięcia z 7 dni lub wyświetlenia z 1 dnia
2026-06-02,2026-06-02,Leads Agency PL,inactive,,,,10,Dzienny,0,0,0,W toku,Kliknięcia z 7 dni lub wyświetlenia z 1 dnia
2026-06-02,2026-06-02,Pracownik Magazynowy PL/ RU/ ENG Leads,inactive,,,,15,Dzienny,0,0,0,W toku,Kliknięcia z 7 dni lub wyświetlenia z 1 dnia
2026-06-02,2026-06-02,Leads RU Mrozek 100 eur,inactive,,,,10,Dzienny,0,0,0,W toku,Kliknięcia z 7 dni lub wyświetlenia z 1 dnia
2026-06-02,2026-06-02,Leads PL Dyspozytor Poltrakt,inactive,,,,10,Dzienny,0,0,0,W toku,Kliknięcia z 7 dni lub wyświetlenia z 1 dnia
2026-06-02,2026-06-02,Leads PL Dyspozytor Poltrakt,inactive,,,,10,Dzienny,0,0,0,W toku,Kliknięcia z 7 dni lub wyświetlenia z 1 dnia
2026-06-02,2026-06-02,PL Agency Ads,inactive,,,,10,Dzienny,0,0,0,W toku,Kliknięcia z 7 dni lub wyświetlenia z 1 dnia
2026-06-02,2026-06-02,RU Leads Poltrakt CE PL S/F Start 20.06.2026,inactive,,,,30,Dzienny,0,0,0,W toku,Kliknięcia z 7 dni lub wyświetlenia z 1 dnia
2026-06-02,2026-06-02,Leads RU Mrozek 100 eur,inactive,1,actions:leadgen.other,6.33,10,Dzienny,6.33,909,609,W toku,Kliknięcia z 7 dni lub wyświetlenia z 1 dnia
2026-06-02,2026-06-02,Leads ENG Poltrakt Week/Cadence Poland,inactive,5,actions:leadgen.other,2.918,20,Dzienny,14.59,5114,3826,W toku,Kliknięcia z 7 dni lub wyświetlenia z 1 dnia
2026-06-02,2026-06-02,PL Agency Ads Start 14.05.2026,inactive,5,actions:onsite_conversion.lead_grouped,2.27,10,Dzienny,11.35,1345,971,W toku,Kliknięcia z 7 dni lub wyświetlenia z 1 dnia
2026-06-02,2026-06-02,Poltrakt PL Magazynier,inactive,,,,5,Dzienny,0,0,0,W toku,Kliknięcia z 7 dni lub wyświetlenia z 1 dnia
2026-06-02,2026-06-02,Poltrakt Drivers CE Week/Full,inactive,,,,Użycie budżetu zestawu reklam,0,0,0,0,W toku,Kliknięcia z 7 dni lub wyświetlenia z 1 dnia
2026-06-02,2026-06-02,Poltrakt PL CE Italy/ pol leads,inactive,,,,11,Dzienny,0,0,0,W toku,Kliknięcia z 7 dni lub wyświetlenia z 1 dnia
2026-06-02,2026-06-02,Poltrakt PL CE Pol Leads,inactive,,,,7,Dzienny,0,0,0,W toku,Kliknięcia z 7 dni lub wyświetlenia z 1 dnia
2026-06-01,2026-06-01,Leads Agency PL,inactive,,,,10,Dzienny,0,0,0,W toku,Kliknięcia z 7 dni lub wyświetlenia z 1 dnia
2026-06-01,2026-06-01,Pracownik Magazynowy PL/ RU/ ENG Leads,inactive,,,,15,Dzienny,0,0,0,W toku,Kliknięcia z 7 dni lub wyświetlenia z 1 dnia
2026-06-01,2026-06-01,Leads RU Mrozek 100 eur,inactive,,,,10,Dzienny,0,0,0,W toku,Kliknięcia z 7 dni lub wyświetlenia z 1 dnia
2026-06-01,2026-06-01,Leads PL Dyspozytor Poltrakt,inactive,,,,10,Dzienny,0,0,0,W toku,Kliknięcia z 7 dni lub wyświetlenia z 1 dnia
2026-06-01,2026-06-01,Leads PL Dyspozytor Poltrakt,inactive,,,,10,Dzienny,0,0,0,W toku,Kliknięcia z 7 dni lub wyświetlenia z 1 dnia
2026-06-01,2026-06-01,PL Agency Ads,inactive,,,,10,Dzienny,0,0,0,W toku,Kliknięcia z 7 dni lub wyświetlenia z 1 dnia
2026-06-01,2026-06-01,RU Leads Poltrakt CE PL S/F Start 20.06.2026,inactive,,,,30,Dzienny,0,0,0,W toku,Kliknięcia z 7 dni lub wyświetlenia z 1 dnia
2026-06-01,2026-06-01,Leads RU Mrozek 100 eur,inactive,1,actions:leadgen.other,2.21,10,Dzienny,2.21,416,333,W toku,Kliknięcia z 7 dni lub wyświetlenia z 1 dnia
2026-06-01,2026-06-01,Leads ENG Poltrakt Week/Cadence Poland,inactive,16,actions:leadgen.other,1.019375,20,Dzienny,16.31,6067,4071,W toku,Kliknięcia z 7 dni lub wyświetlenia z 1 dnia
2026-06-01,2026-06-01,PL Agency Ads Start 14.05.2026,inactive,2,actions:onsite_conversion.lead_grouped,6.17,10,Dzienny,12.34,1864,1428,W toku,Kliknięcia z 7 dni lub wyświetlenia z 1 dnia
2026-06-01,2026-06-01,Poltrakt PL Magazynier,inactive,,,,5,Dzienny,0,0,0,W toku,Kliknięcia z 7 dni lub wyświetlenia z 1 dnia
2026-06-01,2026-06-01,Poltrakt Drivers CE Week/Full,inactive,,,,Użycie budżetu zestawu reklam,0,0,0,0,W toku,Kliknięcia z 7 dni lub wyświetlenia z 1 dnia
2026-06-01,2026-06-01,Poltrakt PL CE Italy/ pol leads,inactive,,,,11,Dzienny,0,0,0,W toku,Kliknięcia z 7 dni lub wyświetlenia z 1 dnia
2026-06-01,2026-06-01,Poltrakt PL CE Pol Leads,inactive,,,,7,Dzienny,0,0,0,W toku,Kliknięcia z 7 dni lub wyświetlenia z 1 dnia
2026-05-31,2026-05-31,Leads Agency PL,inactive,,,,10,Dzienny,0,0,0,W toku,Kliknięcia z 7 dni lub wyświetlenia z 1 dnia
2026-05-31,2026-05-31,Pracownik Magazynowy PL/ RU/ ENG Leads,inactive,,,,15,Dzienny,0,0,0,W toku,Kliknięcia z 7 dni lub wyświetlenia z 1 dnia
2026-05-31,2026-05-31,Leads RU Mrozek 100 eur,inactive,,,,10,Dzienny,0,0,0,W toku,Kliknięcia z 7 dni lub wyświetlenia z 1 dnia
2026-05-31,2026-05-31,Leads PL Dyspozytor Poltrakt,inactive,,,,10,Dzienny,0,0,0,W toku,Kliknięcia z 7 dni lub wyświetlenia z 1 dnia
2026-05-31,2026-05-31,Leads PL Dyspozytor Poltrakt,inactive,,,,10,Dzienny,0,0,0,W toku,Kliknięcia z 7 dni lub wyświetlenia z 1 dnia
2026-05-31,2026-05-31,PL Agency Ads,inactive,,,,10,Dzienny,0,0,0,W toku,Kliknięcia z 7 dni lub wyświetlenia z 1 dnia
2026-05-31,2026-05-31,RU Leads Poltrakt CE PL S/F Start 20.06.2026,inactive,,,,30,Dzienny,0,0,0,W toku,Kliknięcia z 7 dni lub wyświetlenia z 1 dnia
2026-05-31,2026-05-31,Leads RU Mrozek 100 eur,inactive,,,,10,Dzienny,0,0,0,W toku,Kliknięcia z 7 dni lub wyświetlenia z 1 dnia
2026-05-31,2026-05-31,Leads ENG Poltrakt Week/Cadence Poland,inactive,8,actions:leadgen.other,2.1625,20,Dzienny,17.3,5584,3858,W toku,Kliknięcia z 7 dni lub wyświetlenia z 1 dnia
2026-05-31,2026-05-31,PL Agency Ads Start 14.05.2026,inactive,2,actions:onsite_conversion.lead_grouped,6.5,10,Dzienny,13,1139,950,W toku,Kliknięcia z 7 dni lub wyświetlenia z 1 dnia
2026-05-31,2026-05-31,Poltrakt PL Magazynier,inactive,,,,5,Dzienny,0,0,0,W toku,Kliknięcia z 7 dni lub wyświetlenia z 1 dnia
2026-05-31,2026-05-31,Poltrakt Drivers CE Week/Full,inactive,,,,Użycie budżetu zestawu reklam,0,0,0,0,W toku,Kliknięcia z 7 dni lub wyświetlenia z 1 dnia
2026-05-31,2026-05-31,Poltrakt PL CE Italy/ pol leads,inactive,,,,11,Dzienny,0,0,0,W toku,Kliknięcia z 7 dni lub wyświetlenia z 1 dnia
2026-05-31,2026-05-31,Poltrakt PL CE Pol Leads,inactive,,,,7,Dzienny,0,0,0,W toku,Kliknięcia z 7 dni lub wyświetlenia z 1 dnia
2026-05-30,2026-05-30,Leads Agency PL,inactive,,,,10,Dzienny,0,0,0,W toku,Kliknięcia z 7 dni lub wyświetlenia z 1 dnia
2026-05-30,2026-05-30,Pracownik Magazynowy PL/ RU/ ENG Leads,inactive,,,,15,Dzienny,0,0,0,W toku,Kliknięcia z 7 dni lub wyświetlenia z 1 dnia
2026-05-30,2026-05-30,Leads RU Mrozek 100 eur,inactive,,,,10,Dzienny,0,0,0,W toku,Kliknięcia z 7 dni lub wyświetlenia z 1 dnia
2026-05-30,2026-05-30,Leads PL Dyspozytor Poltrakt,inactive,,,,10,Dzienny,0,0,0,W toku,Kliknięcia z 7 dni lub wyświetlenia z 1 dnia
2026-05-30,2026-05-30,Leads PL Dyspozytor Poltrakt,inactive,,,,10,Dzienny,0,0,0,W toku,Kliknięcia z 7 dni lub wyświetlenia z 1 dnia
2026-05-30,2026-05-30,PL Agency Ads,inactive,,,,10,Dzienny,0,0,0,W toku,Kliknięcia z 7 dni lub wyświetlenia z 1 dnia
2026-05-30,2026-05-30,RU Leads Poltrakt CE PL S/F Start 20.06.2026,inactive,,,,30,Dzienny,0,0,0,W toku,Kliknięcia z 7 dni lub wyświetlenia z 1 dnia
2026-05-30,2026-05-30,Leads RU Mrozek 100 eur,inactive,,,,10,Dzienny,0,0,0,W toku,Kliknięcia z 7 dni lub wyświetlenia z 1 dnia
2026-05-30,2026-05-30,Leads ENG Poltrakt Week/Cadence Poland,inactive,12,actions:leadgen.other,1.19333333,20,Dzienny,14.32,4344,3054,W toku,Kliknięcia z 7 dni lub wyświetlenia z 1 dnia
2026-05-30,2026-05-30,PL Agency Ads Start 14.05.2026,inactive,1,actions:onsite_conversion.lead_grouped,8,10,Dzienny,8,679,581,W toku,Kliknięcia z 7 dni lub wyświetlenia z 1 dnia
2026-05-30,2026-05-30,Poltrakt PL Magazynier,inactive,,,,5,Dzienny,0,0,0,W toku,Kliknięcia z 7 dni lub wyświetlenia z 1 dnia
2026-05-30,2026-05-30,Poltrakt Drivers CE Week/Full,inactive,,,,Użycie budżetu zestawu reklam,0,0,0,0,W toku,Kliknięcia z 7 dni lub wyświetlenia z 1 dnia
2026-05-30,2026-05-30,Poltrakt PL CE Italy/ pol leads,inactive,,,,11,Dzienny,0,0,0,W toku,Kliknięcia z 7 dni lub wyświetlenia z 1 dnia
2026-05-30,2026-05-30,Poltrakt PL CE Pol Leads,inactive,,,,7,Dzienny,0,0,0,W toku,Kliknięcia z 7 dni lub wyświetlenia z 1 dnia
2026-05-29,2026-05-29,Leads Agency PL,inactive,,,,10,Dzienny,0,0,0,W toku,Kliknięcia z 7 dni lub wyświetlenia z 1 dnia
2026-05-29,2026-05-29,Pracownik Magazynowy PL/ RU/ ENG Leads,inactive,,,,15,Dzienny,0,0,0,W toku,Kliknięcia z 7 dni lub wyświetlenia z 1 dnia
2026-05-29,2026-05-29,Leads RU Mrozek 100 eur,inactive,,,,10,Dzienny,0,0,0,W toku,Kliknięcia z 7 dni lub wyświetlenia z 1 dnia
2026-05-29,2026-05-29,Leads PL Dyspozytor Poltrakt,inactive,,,,10,Dzienny,0,0,0,W toku,Kliknięcia z 7 dni lub wyświetlenia z 1 dnia
2026-05-29,2026-05-29,Leads PL Dyspozytor Poltrakt,inactive,,,,10,Dzienny,0,0,0,W toku,Kliknięcia z 7 dni lub wyświetlenia z 1 dnia
2026-05-29,2026-05-29,PL Agency Ads,inactive,,,,10,Dzienny,0,0,0,W toku,Kliknięcia z 7 dni lub wyświetlenia z 1 dnia
2026-05-29,2026-05-29,RU Leads Poltrakt CE PL S/F Start 20.06.2026,inactive,,,,30,Dzienny,0,0,0,W toku,Kliknięcia z 7 dni lub wyświetlenia z 1 dnia
2026-05-29,2026-05-29,Leads RU Mrozek 100 eur,inactive,,,,10,Dzienny,0,0,0,W toku,Kliknięcia z 7 dni lub wyświetlenia z 1 dnia
2026-05-29,2026-05-29,Leads ENG Poltrakt Week/Cadence Poland,inactive,6,actions:leadgen.other,2.30833333,20,Dzienny,13.85,4529,3183,W toku,Kliknięcia z 7 dni lub wyświetlenia z 1 dnia
2026-05-29,2026-05-29,PL Agency Ads Start 14.05.2026,inactive,,,,10,Dzienny,10.77,1131,875,W toku,Kliknięcia z 7 dni lub wyświetlenia z 1 dnia
2026-05-29,2026-05-29,Poltrakt PL Magazynier,inactive,,,,5,Dzienny,0,0,0,W toku,Kliknięcia z 7 dni lub wyświetlenia z 1 dnia
2026-05-29,2026-05-29,Poltrakt Drivers CE Week/Full,inactive,,,,Użycie budżetu zestawu reklam,0,0,0,0,W toku,Kliknięcia z 7 dni lub wyświetlenia z 1 dnia
2026-05-29,2026-05-29,Poltrakt PL CE Italy/ pol leads,inactive,,,,11,Dzienny,0,0,0,W toku,Kliknięcia z 7 dni lub wyświetlenia z 1 dnia
2026-05-29,2026-05-29,Poltrakt PL CE Pol Leads,inactive,,,,7,Dzienny,0,0,0,W toku,Kliknięcia z 7 dni lub wyświetlenia z 1 dnia
2026-05-28,2026-05-28,Leads Agency PL,inactive,,,,10,Dzienny,0,0,0,W toku,Kliknięcia z 7 dni lub wyświetlenia z 1 dnia
2026-05-28,2026-05-28,Pracownik Magazynowy PL/ RU/ ENG Leads,inactive,,,,15,Dzienny,0,0,0,W toku,Kliknięcia z 7 dni lub wyświetlenia z 1 dnia
2026-05-28,2026-05-28,Leads RU Mrozek 100 eur,inactive,,,,10,Dzienny,0,0,0,W toku,Kliknięcia z 7 dni lub wyświetlenia z 1 dnia
2026-05-28,2026-05-28,Leads PL Dyspozytor Poltrakt,inactive,,,,10,Dzienny,0,0,0,W toku,Kliknięcia z 7 dni lub wyświetlenia z 1 dnia
2026-05-28,2026-05-28,Leads PL Dyspozytor Poltrakt,inactive,,,,10,Dzienny,0,0,0,W toku,Kliknięcia z 7 dni lub wyświetlenia z 1 dnia
2026-05-28,2026-05-28,PL Agency Ads,inactive,,,,10,Dzienny,0,0,0,W toku,Kliknięcia z 7 dni lub wyświetlenia z 1 dnia
2026-05-28,2026-05-28,RU Leads Poltrakt CE PL S/F Start 20.06.2026,inactive,,,,30,Dzienny,0,0,0,W toku,Kliknięcia z 7 dni lub wyświetlenia z 1 dnia
2026-05-28,2026-05-28,Leads RU Mrozek 100 eur,inactive,,,,10,Dzienny,0,0,0,W toku,Kliknięcia z 7 dni lub wyświetlenia z 1 dnia
2026-05-28,2026-05-28,Leads ENG Poltrakt Week/Cadence Poland,inactive,12,actions:leadgen.other,1.16583333,20,Dzienny,13.99,4654,3267,W toku,Kliknięcia z 7 dni lub wyświetlenia z 1 dnia
2026-05-28,2026-05-28,PL Agency Ads Start 14.05.2026,inactive,2,actions:onsite_conversion.lead_grouped,4.275,10,Dzienny,8.55,819,669,W toku,Kliknięcia z 7 dni lub wyświetlenia z 1 dnia
2026-05-28,2026-05-28,Poltrakt PL Magazynier,inactive,,,,5,Dzienny,0,0,0,W toku,Kliknięcia z 7 dni lub wyświetlenia z 1 dnia
2026-05-28,2026-05-28,Poltrakt Drivers CE Week/Full,inactive,,,,Użycie budżetu zestawu reklam,0,0,0,0,W toku,Kliknięcia z 7 dni lub wyświetlenia z 1 dnia
2026-05-28,2026-05-28,Poltrakt PL CE Italy/ pol leads,inactive,,,,11,Dzienny,0,0,0,W toku,Kliknięcia z 7 dni lub wyświetlenia z 1 dnia
2026-05-28,2026-05-28,Poltrakt PL CE Pol Leads,inactive,,,,7,Dzienny,0,0,0,W toku,Kliknięcia z 7 dni lub wyświetlenia z 1 dnia
2026-05-27,2026-05-27,Leads Agency PL,inactive,,,,10,Dzienny,0,0,0,W toku,Kliknięcia z 7 dni lub wyświetlenia z 1 dnia
2026-05-27,2026-05-27,Pracownik Magazynowy PL/ RU/ ENG Leads,inactive,,,,15,Dzienny,0,0,0,W toku,Kliknięcia z 7 dni lub wyświetlenia z 1 dnia
2026-05-27,2026-05-27,Leads RU Mrozek 100 eur,inactive,,,,10,Dzienny,0,0,0,W toku,Kliknięcia z 7 dni lub wyświetlenia z 1 dnia
2026-05-27,2026-05-27,Leads PL Dyspozytor Poltrakt,inactive,,,,10,Dzienny,0,0,0,W toku,Kliknięcia z 7 dni lub wyświetlenia z 1 dnia
2026-05-27,2026-05-27,Leads PL Dyspozytor Poltrakt,inactive,,,,10,Dzienny,0,0,0,W toku,Kliknięcia z 7 dni lub wyświetlenia z 1 dnia
2026-05-27,2026-05-27,PL Agency Ads,inactive,,,,10,Dzienny,0,0,0,W toku,Kliknięcia z 7 dni lub wyświetlenia z 1 dnia
2026-05-27,2026-05-27,RU Leads Poltrakt CE PL S/F Start 20.06.2026,inactive,,,,30,Dzienny,0,0,0,W toku,Kliknięcia z 7 dni lub wyświetlenia z 1 dnia
2026-05-27,2026-05-27,Leads RU Mrozek 100 eur,inactive,,,,10,Dzienny,0,0,0,W toku,Kliknięcia z 7 dni lub wyświetlenia z 1 dnia
2026-05-27,2026-05-27,Leads ENG Poltrakt Week/Cadence Poland,inactive,14,actions:leadgen.other,1.08714286,20,Dzienny,15.22,4560,3129,W toku,Kliknięcia z 7 dni lub wyświetlenia z 1 dnia
2026-05-27,2026-05-27,PL Agency Ads Start 14.05.2026,inactive,,,,10,Dzienny,8.35,1074,889,W toku,Kliknięcia z 7 dni lub wyświetlenia z 1 dnia
2026-05-27,2026-05-27,Poltrakt PL Magazynier,inactive,,,,5,Dzienny,0,0,0,W toku,Kliknięcia z 7 dni lub wyświetlenia z 1 dnia
2026-05-27,2026-05-27,Poltrakt Drivers CE Week/Full,inactive,,,,Użycie budżetu zestawu reklam,0,0,0,0,W toku,Kliknięcia z 7 dni lub wyświetlenia z 1 dnia
2026-05-27,2026-05-27,Poltrakt PL CE Italy/ pol leads,inactive,,,,11,Dzienny,0,0,0,W toku,Kliknięcia z 7 dni lub wyświetlenia z 1 dnia
2026-05-27,2026-05-27,Poltrakt PL CE Pol Leads,inactive,,,,7,Dzienny,0,0,0,W toku,Kliknięcia z 7 dni lub wyświetlenia z 1 dnia
2026-05-26,2026-05-26,Leads Agency PL,inactive,,,,10,Dzienny,0,0,0,W toku,Kliknięcia z 7 dni lub wyświetlenia z 1 dnia
2026-05-26,2026-05-26,Pracownik Magazynowy PL/ RU/ ENG Leads,inactive,,,,15,Dzienny,0,0,0,W toku,Kliknięcia z 7 dni lub wyświetlenia z 1 dnia
2026-05-26,2026-05-26,Leads RU Mrozek 100 eur,inactive,,,,10,Dzienny,0,0,0,W toku,Kliknięcia z 7 dni lub wyświetlenia z 1 dnia
2026-05-26,2026-05-26,Leads PL Dyspozytor Poltrakt,inactive,,,,10,Dzienny,0,0,0,W toku,Kliknięcia z 7 dni lub wyświetlenia z 1 dnia
2026-05-26,2026-05-26,Leads PL Dyspozytor Poltrakt,inactive,,,,10,Dzienny,0,0,0,W toku,Kliknięcia z 7 dni lub wyświetlenia z 1 dnia
2026-05-26,2026-05-26,PL Agency Ads,inactive,,,,10,Dzienny,0,0,0,W toku,Kliknięcia z 7 dni lub wyświetlenia z 1 dnia
2026-05-26,2026-05-26,RU Leads Poltrakt CE PL S/F Start 20.06.2026,inactive,,,,30,Dzienny,0,0,0,W toku,Kliknięcia z 7 dni lub wyświetlenia z 1 dnia
2026-05-26,2026-05-26,Leads RU Mrozek 100 eur,inactive,,,,10,Dzienny,0,0,0,W toku,Kliknięcia z 7 dni lub wyświetlenia z 1 dnia
2026-05-26,2026-05-26,Leads ENG Poltrakt Week/Cadence Poland,inactive,10,actions:leadgen.other,1.332,20,Dzienny,13.32,3618,2488,W toku,Kliknięcia z 7 dni lub wyświetlenia z 1 dnia
2026-05-26,2026-05-26,PL Agency Ads Start 14.05.2026,inactive,1,actions:onsite_conversion.lead_grouped,11.43,10,Dzienny,11.43,1140,966,W toku,Kliknięcia z 7 dni lub wyświetlenia z 1 dnia
2026-05-26,2026-05-26,Poltrakt PL Magazynier,inactive,,,,5,Dzienny,0,0,0,W toku,Kliknięcia z 7 dni lub wyświetlenia z 1 dnia
2026-05-26,2026-05-26,Poltrakt Drivers CE Week/Full,inactive,,,,Użycie budżetu zestawu reklam,0,0,0,0,W toku,Kliknięcia z 7 dni lub wyświetlenia z 1 dnia
2026-05-26,2026-05-26,Poltrakt PL CE Italy/ pol leads,inactive,,,,11,Dzienny,0,0,0,W toku,Kliknięcia z 7 dni lub wyświetlenia z 1 dnia
2026-05-26,2026-05-26,Poltrakt PL CE Pol Leads,inactive,,,,7,Dzienny,0,0,0,W toku,Kliknięcia z 7 dni lub wyświetlenia z 1 dnia
2026-05-25,2026-05-25,Leads Agency PL,inactive,,,,10,Dzienny,0,0,0,W toku,Kliknięcia z 7 dni lub wyświetlenia z 1 dnia
2026-05-25,2026-05-25,Pracownik Magazynowy PL/ RU/ ENG Leads,inactive,,,,15,Dzienny,0,0,0,W toku,Kliknięcia z 7 dni lub wyświetlenia z 1 dnia
2026-05-25,2026-05-25,Leads RU Mrozek 100 eur,inactive,,,,10,Dzienny,0,0,0,W toku,Kliknięcia z 7 dni lub wyświetlenia z 1 dnia
2026-05-25,2026-05-25,Leads PL Dyspozytor Poltrakt,inactive,,,,10,Dzienny,0,0,0,W toku,Kliknięcia z 7 dni lub wyświetlenia z 1 dnia
2026-05-25,2026-05-25,Leads PL Dyspozytor Poltrakt,inactive,,,,10,Dzienny,0,0,0,W toku,Kliknięcia z 7 dni lub wyświetlenia z 1 dnia
2026-05-25,2026-05-25,PL Agency Ads,inactive,,,,10,Dzienny,0,0,0,W toku,Kliknięcia z 7 dni lub wyświetlenia z 1 dnia
2026-05-25,2026-05-25,RU Leads Poltrakt CE PL S/F Start 20.06.2026,inactive,,,,30,Dzienny,0,0,0,W toku,Kliknięcia z 7 dni lub wyświetlenia z 1 dnia
2026-05-25,2026-05-25,Leads RU Mrozek 100 eur,inactive,,,,10,Dzienny,0,0,0,W toku,Kliknięcia z 7 dni lub wyświetlenia z 1 dnia
2026-05-25,2026-05-25,Leads ENG Poltrakt Week/Cadence Poland,inactive,13,actions:leadgen.other,1.12,20,Dzienny,14.56,3959,2473,W toku,Kliknięcia z 7 dni lub wyświetlenia z 1 dnia
2026-05-25,2026-05-25,PL Agency Ads Start 14.05.2026,inactive,1,actions:onsite_conversion.lead_grouped,10.86,10,Dzienny,10.86,1195,966,W toku,Kliknięcia z 7 dni lub wyświetlenia z 1 dnia
2026-05-25,2026-05-25,Poltrakt PL Magazynier,inactive,,,,5,Dzienny,0,0,0,W toku,Kliknięcia z 7 dni lub wyświetlenia z 1 dnia
2026-05-25,2026-05-25,Poltrakt Drivers CE Week/Full,inactive,,,,Użycie budżetu zestawu reklam,0,0,0,0,W toku,Kliknięcia z 7 dni lub wyświetlenia z 1 dnia
2026-05-25,2026-05-25,Poltrakt PL CE Italy/ pol leads,inactive,,,,11,Dzienny,0,0,0,W toku,Kliknięcia z 7 dni lub wyświetlenia z 1 dnia
2026-05-25,2026-05-25,Poltrakt PL CE Pol Leads,inactive,,,,7,Dzienny,0,0,0,W toku,Kliknięcia z 7 dni lub wyświetlenia z 1 dnia
2026-05-24,2026-05-24,Leads Agency PL,inactive,,,,10,Dzienny,0,0,0,W toku,Kliknięcia z 7 dni lub wyświetlenia z 1 dnia
2026-05-24,2026-05-24,Pracownik Magazynowy PL/ RU/ ENG Leads,inactive,,,,15,Dzienny,0,0,0,W toku,Kliknięcia z 7 dni lub wyświetlenia z 1 dnia
2026-05-24,2026-05-24,Leads RU Mrozek 100 eur,inactive,,,,10,Dzienny,0,0,0,W toku,Kliknięcia z 7 dni lub wyświetlenia z 1 dnia
2026-05-24,2026-05-24,Leads PL Dyspozytor Poltrakt,inactive,,,,10,Dzienny,0,0,0,W toku,Kliknięcia z 7 dni lub wyświetlenia z 1 dnia
2026-05-24,2026-05-24,Leads PL Dyspozytor Poltrakt,inactive,,,,10,Dzienny,0,0,0,W toku,Kliknięcia z 7 dni lub wyświetlenia z 1 dnia
2026-05-24,2026-05-24,PL Agency Ads,inactive,,,,10,Dzienny,0,0,0,W toku,Kliknięcia z 7 dni lub wyświetlenia z 1 dnia
2026-05-24,2026-05-24,RU Leads Poltrakt CE PL S/F Start 20.06.2026,inactive,,,,30,Dzienny,0,0,0,W toku,Kliknięcia z 7 dni lub wyświetlenia z 1 dnia
2026-05-24,2026-05-24,Leads RU Mrozek 100 eur,inactive,,,,10,Dzienny,0,0,0,W toku,Kliknięcia z 7 dni lub wyświetlenia z 1 dnia
2026-05-24,2026-05-24,Leads ENG Poltrakt Week/Cadence Poland,inactive,11,actions:leadgen.other,1.79090909,20,Dzienny,19.7,4214,2659,W toku,Kliknięcia z 7 dni lub wyświetlenia z 1 dnia
2026-05-24,2026-05-24,PL Agency Ads Start 14.05.2026,inactive,,,,10,Dzienny,12.04,1097,866,W toku,Kliknięcia z 7 dni lub wyświetlenia z 1 dnia
2026-05-24,2026-05-24,Poltrakt PL Magazynier,inactive,,,,5,Dzienny,0,0,0,W toku,Kliknięcia z 7 dni lub wyświetlenia z 1 dnia
2026-05-24,2026-05-24,Poltrakt Drivers CE Week/Full,inactive,,,,Użycie budżetu zestawu reklam,0,0,0,0,W toku,Kliknięcia z 7 dni lub wyświetlenia z 1 dnia
2026-05-24,2026-05-24,Poltrakt PL CE Italy/ pol leads,inactive,,,,11,Dzienny,0,0,0,W toku,Kliknięcia z 7 dni lub wyświetlenia z 1 dnia
2026-05-24,2026-05-24,Poltrakt PL CE Pol Leads,inactive,,,,7,Dzienny,0,0,0,W toku,Kliknięcia z 7 dni lub wyświetlenia z 1 dnia
2026-05-23,2026-05-23,Leads Agency PL,inactive,,,,10,Dzienny,0,0,0,W toku,Kliknięcia z 7 dni lub wyświetlenia z 1 dnia
2026-05-23,2026-05-23,Pracownik Magazynowy PL/ RU/ ENG Leads,inactive,,,,15,Dzienny,0,0,0,W toku,Kliknięcia z 7 dni lub wyświetlenia z 1 dnia
2026-05-23,2026-05-23,Leads RU Mrozek 100 eur,inactive,,,,10,Dzienny,0,0,0,W toku,Kliknięcia z 7 dni lub wyświetlenia z 1 dnia
2026-05-23,2026-05-23,Leads PL Dyspozytor Poltrakt,inactive,,,,10,Dzienny,0,0,0,W toku,Kliknięcia z 7 dni lub wyświetlenia z 1 dnia
2026-05-23,2026-05-23,Leads PL Dyspozytor Poltrakt,inactive,,,,10,Dzienny,0,0,0,W toku,Kliknięcia z 7 dni lub wyświetlenia z 1 dnia
2026-05-23,2026-05-23,PL Agency Ads,inactive,,,,10,Dzienny,0,0,0,W toku,Kliknięcia z 7 dni lub wyświetlenia z 1 dnia
2026-05-23,2026-05-23,RU Leads Poltrakt CE PL S/F Start 20.06.2026,inactive,,,,30,Dzienny,0,0,0,W toku,Kliknięcia z 7 dni lub wyświetlenia z 1 dnia
2026-05-23,2026-05-23,Leads RU Mrozek 100 eur,inactive,,,,10,Dzienny,0,0,0,W toku,Kliknięcia z 7 dni lub wyświetlenia z 1 dnia
2026-05-23,2026-05-23,Leads ENG Poltrakt Week/Cadence Poland,inactive,15,actions:leadgen.other,1.31133333,20,Dzienny,19.67,4191,2633,W toku,Kliknięcia z 7 dni lub wyświetlenia z 1 dnia
2026-05-23,2026-05-23,PL Agency Ads Start 14.05.2026,inactive,,,,10,Dzienny,11.23,1141,895,W toku,Kliknięcia z 7 dni lub wyświetlenia z 1 dnia
2026-05-23,2026-05-23,Poltrakt PL Magazynier,inactive,,,,5,Dzienny,0,0,0,W toku,Kliknięcia z 7 dni lub wyświetlenia z 1 dnia
2026-05-23,2026-05-23,Poltrakt Drivers CE Week/Full,inactive,,,,Użycie budżetu zestawu reklam,0,0,0,0,W toku,Kliknięcia z 7 dni lub wyświetlenia z 1 dnia
2026-05-23,2026-05-23,Poltrakt PL CE Italy/ pol leads,inactive,,,,11,Dzienny,0,0,0,W toku,Kliknięcia z 7 dni lub wyświetlenia z 1 dnia
2026-05-23,2026-05-23,Poltrakt PL CE Pol Leads,inactive,,,,7,Dzienny,0,0,0,W toku,Kliknięcia z 7 dni lub wyświetlenia z 1 dnia
2026-05-22,2026-05-22,Leads Agency PL,inactive,,,,10,Dzienny,0,0,0,W toku,Kliknięcia z 7 dni lub wyświetlenia z 1 dnia
2026-05-22,2026-05-22,Pracownik Magazynowy PL/ RU/ ENG Leads,inactive,,,,15,Dzienny,0,0,0,W toku,Kliknięcia z 7 dni lub wyświetlenia z 1 dnia
2026-05-22,2026-05-22,Leads RU Mrozek 100 eur,inactive,,,,10,Dzienny,0,0,0,W toku,Kliknięcia z 7 dni lub wyświetlenia z 1 dnia
2026-05-22,2026-05-22,Leads PL Dyspozytor Poltrakt,inactive,,,,10,Dzienny,0,0,0,W toku,Kliknięcia z 7 dni lub wyświetlenia z 1 dnia
2026-05-22,2026-05-22,Leads PL Dyspozytor Poltrakt,inactive,,,,10,Dzienny,0,0,0,W toku,Kliknięcia z 7 dni lub wyświetlenia z 1 dnia
2026-05-22,2026-05-22,PL Agency Ads,inactive,,,,10,Dzienny,0,0,0,W toku,Kliknięcia z 7 dni lub wyświetlenia z 1 dnia
2026-05-22,2026-05-22,RU Leads Poltrakt CE PL S/F Start 20.06.2026,inactive,,,,30,Dzienny,0,0,0,W toku,Kliknięcia z 7 dni lub wyświetlenia z 1 dnia
2026-05-22,2026-05-22,Leads RU Mrozek 100 eur,inactive,,,,10,Dzienny,0,0,0,W toku,Kliknięcia z 7 dni lub wyświetlenia z 1 dnia
2026-05-22,2026-05-22,Leads ENG Poltrakt Week/Cadence Poland,inactive,8,actions:leadgen.other,1.9825,20,Dzienny,15.86,4300,2704,W toku,Kliknięcia z 7 dni lub wyświetlenia z 1 dnia
2026-05-22,2026-05-22,PL Agency Ads Start 14.05.2026,inactive,1,actions:onsite_conversion.lead_grouped,7.42,10,Dzienny,7.42,785,636,W toku,Kliknięcia z 7 dni lub wyświetlenia z 1 dnia
2026-05-22,2026-05-22,Poltrakt PL Magazynier,inactive,,,,5,Dzienny,0,0,0,W toku,Kliknięcia z 7 dni lub wyświetlenia z 1 dnia
2026-05-22,2026-05-22,Poltrakt Drivers CE Week/Full,inactive,,,,Użycie budżetu zestawu reklam,0,0,0,0,W toku,Kliknięcia z 7 dni lub wyświetlenia z 1 dnia
2026-05-22,2026-05-22,Poltrakt PL CE Italy/ pol leads,inactive,,,,11,Dzienny,0,0,0,W toku,Kliknięcia z 7 dni lub wyświetlenia z 1 dnia
2026-05-22,2026-05-22,Poltrakt PL CE Pol Leads,inactive,,,,7,Dzienny,0,0,0,W toku,Kliknięcia z 7 dni lub wyświetlenia z 1 dnia
2026-05-21,2026-05-21,Leads Agency PL,inactive,,,,10,Dzienny,0,0,0,W toku,Kliknięcia z 7 dni lub wyświetlenia z 1 dnia
2026-05-21,2026-05-21,Pracownik Magazynowy PL/ RU/ ENG Leads,inactive,,,,15,Dzienny,0,0,0,W toku,Kliknięcia z 7 dni lub wyświetlenia z 1 dnia
2026-05-21,2026-05-21,Leads RU Mrozek 100 eur,inactive,,,,10,Dzienny,0,0,0,W toku,Kliknięcia z 7 dni lub wyświetlenia z 1 dnia
2026-05-21,2026-05-21,Leads PL Dyspozytor Poltrakt,inactive,,,,10,Dzienny,0,0,0,W toku,Kliknięcia z 7 dni lub wyświetlenia z 1 dnia
2026-05-21,2026-05-21,Leads PL Dyspozytor Poltrakt,inactive,,,,10,Dzienny,0,0,0,W toku,Kliknięcia z 7 dni lub wyświetlenia z 1 dnia
2026-05-21,2026-05-21,PL Agency Ads,inactive,,,,10,Dzienny,0,0,0,W toku,Kliknięcia z 7 dni lub wyświetlenia z 1 dnia
2026-05-21,2026-05-21,RU Leads Poltrakt CE PL S/F Start 20.06.2026,inactive,,,,30,Dzienny,0,0,0,W toku,Kliknięcia z 7 dni lub wyświetlenia z 1 dnia
2026-05-21,2026-05-21,Leads RU Mrozek 100 eur,inactive,,,,10,Dzienny,0,0,0,W toku,Kliknięcia z 7 dni lub wyświetlenia z 1 dnia
2026-05-21,2026-05-21,Leads ENG Poltrakt Week/Cadence Poland,inactive,10,actions:leadgen.other,1.157,20,Dzienny,11.57,2860,1772,W toku,Kliknięcia z 7 dni lub wyświetlenia z 1 dnia
2026-05-21,2026-05-21,PL Agency Ads Start 14.05.2026,inactive,1,actions:onsite_conversion.lead_grouped,8.29,10,Dzienny,8.29,1827,1593,W toku,Kliknięcia z 7 dni lub wyświetlenia z 1 dnia
2026-05-21,2026-05-21,Poltrakt PL Magazynier,inactive,,,,5,Dzienny,0,0,0,W toku,Kliknięcia z 7 dni lub wyświetlenia z 1 dnia
2026-05-21,2026-05-21,Poltrakt Drivers CE Week/Full,inactive,,,,Użycie budżetu zestawu reklam,0,0,0,0,W toku,Kliknięcia z 7 dni lub wyświetlenia z 1 dnia
2026-05-21,2026-05-21,Poltrakt PL CE Italy/ pol leads,inactive,,,,11,Dzienny,0,0,0,W toku,Kliknięcia z 7 dni lub wyświetlenia z 1 dnia
2026-05-21,2026-05-21,Poltrakt PL CE Pol Leads,inactive,,,,7,Dzienny,0,0,0,W toku,Kliknięcia z 7 dni lub wyświetlenia z 1 dnia
2026-05-20,2026-05-20,Leads Agency PL,inactive,,,,10,Dzienny,0,0,0,W toku,Kliknięcia z 7 dni lub wyświetlenia z 1 dnia
2026-05-20,2026-05-20,Pracownik Magazynowy PL/ RU/ ENG Leads,inactive,,,,15,Dzienny,0,0,0,W toku,Kliknięcia z 7 dni lub wyświetlenia z 1 dnia
2026-05-20,2026-05-20,Leads RU Mrozek 100 eur,inactive,,,,10,Dzienny,0,0,0,W toku,Kliknięcia z 7 dni lub wyświetlenia z 1 dnia
2026-05-20,2026-05-20,Leads PL Dyspozytor Poltrakt,inactive,,,,10,Dzienny,0,0,0,W toku,Kliknięcia z 7 dni lub wyświetlenia z 1 dnia
2026-05-20,2026-05-20,Leads PL Dyspozytor Poltrakt,inactive,,,,10,Dzienny,0,0,0,W toku,Kliknięcia z 7 dni lub wyświetlenia z 1 dnia
2026-05-20,2026-05-20,PL Agency Ads,inactive,,,,10,Dzienny,0,0,0,W toku,Kliknięcia z 7 dni lub wyświetlenia z 1 dnia
2026-05-20,2026-05-20,RU Leads Poltrakt CE PL S/F Start 20.06.2026,inactive,,,,30,Dzienny,0,0,0,W toku,Kliknięcia z 7 dni lub wyświetlenia z 1 dnia
2026-05-20,2026-05-20,Leads RU Mrozek 100 eur,inactive,,,,10,Dzienny,0,0,0,W toku,Kliknięcia z 7 dni lub wyświetlenia z 1 dnia
2026-05-20,2026-05-20,Leads ENG Poltrakt Week/Cadence Poland,inactive,5,actions:leadgen.other,0.51,20,Dzienny,2.55,746,599,W toku,Kliknięcia z 7 dni lub wyświetlenia z 1 dnia
2026-05-20,2026-05-20,PL Agency Ads Start 14.05.2026,inactive,1,actions:onsite_conversion.lead_grouped,9.75,10,Dzienny,9.75,1607,1333,W toku,Kliknięcia z 7 dni lub wyświetlenia z 1 dnia
2026-05-20,2026-05-20,Poltrakt PL Magazynier,inactive,,,,5,Dzienny,0,0,0,W toku,Kliknięcia z 7 dni lub wyświetlenia z 1 dnia
2026-05-20,2026-05-20,Poltrakt Drivers CE Week/Full,inactive,8,actions:leadgen.other,0.74625,Użycie budżetu zestawu reklam,0,5.97,1332,1107,W toku,Kliknięcia z 7 dni lub wyświetlenia z 1 dnia
2026-05-20,2026-05-20,Poltrakt PL CE Italy/ pol leads,inactive,,,,11,Dzienny,0,0,0,W toku,Kliknięcia z 7 dni lub wyświetlenia z 1 dnia
2026-05-20,2026-05-20,Poltrakt PL CE Pol Leads,inactive,,,,7,Dzienny,0,0,0,W toku,Kliknięcia z 7 dni lub wyświetlenia z 1 dnia
2026-05-19,2026-05-19,Leads Agency PL,inactive,,,,10,Dzienny,0,0,0,W toku,Kliknięcia z 7 dni lub wyświetlenia z 1 dnia
2026-05-19,2026-05-19,Pracownik Magazynowy PL/ RU/ ENG Leads,inactive,,,,15,Dzienny,0,0,0,W toku,Kliknięcia z 7 dni lub wyświetlenia z 1 dnia
2026-05-19,2026-05-19,Leads RU Mrozek 100 eur,inactive,,,,10,Dzienny,0,0,0,W toku,Kliknięcia z 7 dni lub wyświetlenia z 1 dnia
2026-05-19,2026-05-19,Leads PL Dyspozytor Poltrakt,inactive,,,,10,Dzienny,0,0,0,W toku,Kliknięcia z 7 dni lub wyświetlenia z 1 dnia
2026-05-19,2026-05-19,Leads PL Dyspozytor Poltrakt,inactive,,,,10,Dzienny,0,0,0,W toku,Kliknięcia z 7 dni lub wyświetlenia z 1 dnia
2026-05-19,2026-05-19,PL Agency Ads,inactive,,,,10,Dzienny,0,0,0,W toku,Kliknięcia z 7 dni lub wyświetlenia z 1 dnia
2026-05-19,2026-05-19,RU Leads Poltrakt CE PL S/F Start 20.06.2026,inactive,,,,30,Dzienny,0,0,0,W toku,Kliknięcia z 7 dni lub wyświetlenia z 1 dnia
2026-05-19,2026-05-19,Leads RU Mrozek 100 eur,inactive,,,,10,Dzienny,0,0,0,W toku,Kliknięcia z 7 dni lub wyświetlenia z 1 dnia
2026-05-19,2026-05-19,Leads ENG Poltrakt Week/Cadence Poland,inactive,,,,20,Dzienny,0,0,0,W toku,Kliknięcia z 7 dni lub wyświetlenia z 1 dnia
2026-05-19,2026-05-19,PL Agency Ads Start 14.05.2026,inactive,,,,10,Dzienny,7,1515,1236,W toku,Kliknięcia z 7 dni lub wyświetlenia z 1 dnia
2026-05-19,2026-05-19,Poltrakt PL Magazynier,inactive,,,,5,Dzienny,0,0,0,W toku,Kliknięcia z 7 dni lub wyświetlenia z 1 dnia
2026-05-19,2026-05-19,Poltrakt Drivers CE Week/Full,inactive,9,actions:leadgen.other,01.07,Użycie budżetu zestawu reklam,0,9.63,2543,1963,W toku,Kliknięcia z 7 dni lub wyświetlenia z 1 dnia
2026-05-19,2026-05-19,Poltrakt PL CE Italy/ pol leads,inactive,,,,11,Dzienny,0,0,0,W toku,Kliknięcia z 7 dni lub wyświetlenia z 1 dnia
2026-05-19,2026-05-19,Poltrakt PL CE Pol Leads,inactive,,,,7,Dzienny,0,0,0,W toku,Kliknięcia z 7 dni lub wyświetlenia z 1 dnia
2026-05-18,2026-05-18,Leads Agency PL,inactive,,,,10,Dzienny,0,0,0,W toku,Kliknięcia z 7 dni lub wyświetlenia z 1 dnia
2026-05-18,2026-05-18,Pracownik Magazynowy PL/ RU/ ENG Leads,inactive,,,,15,Dzienny,0,0,0,W toku,Kliknięcia z 7 dni lub wyświetlenia z 1 dnia
2026-05-18,2026-05-18,Leads RU Mrozek 100 eur,inactive,,,,10,Dzienny,0,0,0,W toku,Kliknięcia z 7 dni lub wyświetlenia z 1 dnia
2026-05-18,2026-05-18,Leads PL Dyspozytor Poltrakt,inactive,,,,10,Dzienny,0,0,0,W toku,Kliknięcia z 7 dni lub wyświetlenia z 1 dnia
2026-05-18,2026-05-18,Leads PL Dyspozytor Poltrakt,inactive,,,,10,Dzienny,0,0,0,W toku,Kliknięcia z 7 dni lub wyświetlenia z 1 dnia
2026-05-18,2026-05-18,PL Agency Ads,inactive,,,,10,Dzienny,0,0,0,W toku,Kliknięcia z 7 dni lub wyświetlenia z 1 dnia
2026-05-18,2026-05-18,RU Leads Poltrakt CE PL S/F Start 20.06.2026,inactive,,,,30,Dzienny,0,0,0,W toku,Kliknięcia z 7 dni lub wyświetlenia z 1 dnia
2026-05-18,2026-05-18,Leads RU Mrozek 100 eur,inactive,,,,10,Dzienny,0,0,0,W toku,Kliknięcia z 7 dni lub wyświetlenia z 1 dnia
2026-05-18,2026-05-18,Leads ENG Poltrakt Week/Cadence Poland,inactive,,,,20,Dzienny,0,0,0,W toku,Kliknięcia z 7 dni lub wyświetlenia z 1 dnia
2026-05-18,2026-05-18,PL Agency Ads Start 14.05.2026,inactive,,,,10,Dzienny,9.69,1780,1512,W toku,Kliknięcia z 7 dni lub wyświetlenia z 1 dnia
2026-05-18,2026-05-18,Poltrakt PL Magazynier,inactive,,,,5,Dzienny,0,0,0,W toku,Kliknięcia z 7 dni lub wyświetlenia z 1 dnia
2026-05-18,2026-05-18,Poltrakt Drivers CE Week/Full,inactive,4,actions:leadgen.other,2.4425,Użycie budżetu zestawu reklam,0,9.77,2825,2144,W toku,Kliknięcia z 7 dni lub wyświetlenia z 1 dnia
2026-05-18,2026-05-18,Poltrakt PL CE Italy/ pol leads,inactive,,,,11,Dzienny,0,0,0,W toku,Kliknięcia z 7 dni lub wyświetlenia z 1 dnia
2026-05-18,2026-05-18,Poltrakt PL CE Pol Leads,inactive,,,,7,Dzienny,0,0,0,W toku,Kliknięcia z 7 dni lub wyświetlenia z 1 dnia
2026-05-17,2026-05-17,Leads Agency PL,inactive,,,,10,Dzienny,0,0,0,W toku,Kliknięcia z 7 dni lub wyświetlenia z 1 dnia
2026-05-17,2026-05-17,Pracownik Magazynowy PL/ RU/ ENG Leads,inactive,,,,15,Dzienny,0,0,0,W toku,Kliknięcia z 7 dni lub wyświetlenia z 1 dnia
2026-05-17,2026-05-17,Leads RU Mrozek 100 eur,inactive,,,,10,Dzienny,0,0,0,W toku,Kliknięcia z 7 dni lub wyświetlenia z 1 dnia
2026-05-17,2026-05-17,Leads PL Dyspozytor Poltrakt,inactive,,,,10,Dzienny,0,0,0,W toku,Kliknięcia z 7 dni lub wyświetlenia z 1 dnia
2026-05-17,2026-05-17,Leads PL Dyspozytor Poltrakt,inactive,,,,10,Dzienny,0,0,0,W toku,Kliknięcia z 7 dni lub wyświetlenia z 1 dnia
2026-05-17,2026-05-17,PL Agency Ads,inactive,,,,10,Dzienny,0,0,0,W toku,Kliknięcia z 7 dni lub wyświetlenia z 1 dnia
2026-05-17,2026-05-17,RU Leads Poltrakt CE PL S/F Start 20.06.2026,inactive,,,,30,Dzienny,0,0,0,W toku,Kliknięcia z 7 dni lub wyświetlenia z 1 dnia
2026-05-17,2026-05-17,Leads RU Mrozek 100 eur,inactive,,,,10,Dzienny,0,0,0,W toku,Kliknięcia z 7 dni lub wyświetlenia z 1 dnia
2026-05-17,2026-05-17,Leads ENG Poltrakt Week/Cadence Poland,inactive,,,,20,Dzienny,0,0,0,W toku,Kliknięcia z 7 dni lub wyświetlenia z 1 dnia
2026-05-17,2026-05-17,PL Agency Ads Start 14.05.2026,inactive,,,,10,Dzienny,15.86,2523,2155,W toku,Kliknięcia z 7 dni lub wyświetlenia z 1 dnia
2026-05-17,2026-05-17,Poltrakt PL Magazynier,inactive,,,,5,Dzienny,0,0,0,W toku,Kliknięcia z 7 dni lub wyświetlenia z 1 dnia
2026-05-17,2026-05-17,Poltrakt Drivers CE Week/Full,inactive,8,actions:leadgen.other,1.28,Użycie budżetu zestawu reklam,0,10.24,2736,2025,W toku,Kliknięcia z 7 dni lub wyświetlenia z 1 dnia
2026-05-17,2026-05-17,Poltrakt PL CE Italy/ pol leads,inactive,,,,11,Dzienny,0,0,0,W toku,Kliknięcia z 7 dni lub wyświetlenia z 1 dnia
2026-05-17,2026-05-17,Poltrakt PL CE Pol Leads,inactive,,,,7,Dzienny,0,0,0,W toku,Kliknięcia z 7 dni lub wyświetlenia z 1 dnia
2026-05-16,2026-05-16,Leads Agency PL,inactive,,,,10,Dzienny,0,0,0,W toku,Kliknięcia z 7 dni lub wyświetlenia z 1 dnia
2026-05-16,2026-05-16,Pracownik Magazynowy PL/ RU/ ENG Leads,inactive,,,,15,Dzienny,0,0,0,W toku,Kliknięcia z 7 dni lub wyświetlenia z 1 dnia
2026-05-16,2026-05-16,Leads RU Mrozek 100 eur,inactive,,,,10,Dzienny,0,0,0,W toku,Kliknięcia z 7 dni lub wyświetlenia z 1 dnia
2026-05-16,2026-05-16,Leads PL Dyspozytor Poltrakt,inactive,,,,10,Dzienny,0,0,0,W toku,Kliknięcia z 7 dni lub wyświetlenia z 1 dnia
2026-05-16,2026-05-16,Leads PL Dyspozytor Poltrakt,inactive,,,,10,Dzienny,0,0,0,W toku,Kliknięcia z 7 dni lub wyświetlenia z 1 dnia
2026-05-16,2026-05-16,PL Agency Ads,inactive,,,,10,Dzienny,0,0,0,W toku,Kliknięcia z 7 dni lub wyświetlenia z 1 dnia
2026-05-16,2026-05-16,RU Leads Poltrakt CE PL S/F Start 20.06.2026,inactive,,,,30,Dzienny,0,0,0,W toku,Kliknięcia z 7 dni lub wyświetlenia z 1 dnia
2026-05-16,2026-05-16,Leads RU Mrozek 100 eur,inactive,,,,10,Dzienny,0,0,0,W toku,Kliknięcia z 7 dni lub wyświetlenia z 1 dnia
2026-05-16,2026-05-16,Leads ENG Poltrakt Week/Cadence Poland,inactive,,,,20,Dzienny,0,0,0,W toku,Kliknięcia z 7 dni lub wyświetlenia z 1 dnia
2026-05-16,2026-05-16,PL Agency Ads Start 14.05.2026,inactive,,,,10,Dzienny,10.4,1540,1326,W toku,Kliknięcia z 7 dni lub wyświetlenia z 1 dnia
2026-05-16,2026-05-16,Poltrakt PL Magazynier,inactive,,,,5,Dzienny,0,0,0,W toku,Kliknięcia z 7 dni lub wyświetlenia z 1 dnia
2026-05-16,2026-05-16,Poltrakt Drivers CE Week/Full,inactive,8,actions:leadgen.other,1.25625,Użycie budżetu zestawu reklam,0,10.05,2499,1960,W toku,Kliknięcia z 7 dni lub wyświetlenia z 1 dnia
2026-05-16,2026-05-16,Poltrakt PL CE Italy/ pol leads,inactive,,,,11,Dzienny,0,0,0,W toku,Kliknięcia z 7 dni lub wyświetlenia z 1 dnia
2026-05-16,2026-05-16,Poltrakt PL CE Pol Leads,inactive,,,,7,Dzienny,0,0,0,W toku,Kliknięcia z 7 dni lub wyświetlenia z 1 dnia
2026-05-15,2026-05-15,Leads Agency PL,inactive,,,,10,Dzienny,0,0,0,W toku,Kliknięcia z 7 dni lub wyświetlenia z 1 dnia
2026-05-15,2026-05-15,Pracownik Magazynowy PL/ RU/ ENG Leads,inactive,,,,15,Dzienny,0,0,0,W toku,Kliknięcia z 7 dni lub wyświetlenia z 1 dnia
2026-05-15,2026-05-15,Leads RU Mrozek 100 eur,inactive,,,,10,Dzienny,0,0,0,W toku,Kliknięcia z 7 dni lub wyświetlenia z 1 dnia
2026-05-15,2026-05-15,Leads PL Dyspozytor Poltrakt,inactive,,,,10,Dzienny,0,0,0,W toku,Kliknięcia z 7 dni lub wyświetlenia z 1 dnia
2026-05-15,2026-05-15,Leads PL Dyspozytor Poltrakt,inactive,,,,10,Dzienny,0,0,0,W toku,Kliknięcia z 7 dni lub wyświetlenia z 1 dnia
2026-05-15,2026-05-15,PL Agency Ads,inactive,,,,10,Dzienny,0,0,0,W toku,Kliknięcia z 7 dni lub wyświetlenia z 1 dnia
2026-05-15,2026-05-15,RU Leads Poltrakt CE PL S/F Start 20.06.2026,inactive,,,,30,Dzienny,0,0,0,W toku,Kliknięcia z 7 dni lub wyświetlenia z 1 dnia
2026-05-15,2026-05-15,Leads RU Mrozek 100 eur,inactive,,,,10,Dzienny,0,0,0,W toku,Kliknięcia z 7 dni lub wyświetlenia z 1 dnia
2026-05-15,2026-05-15,Leads ENG Poltrakt Week/Cadence Poland,inactive,,,,20,Dzienny,0,0,0,W toku,Kliknięcia z 7 dni lub wyświetlenia z 1 dnia
2026-05-15,2026-05-15,PL Agency Ads Start 14.05.2026,inactive,2,actions:onsite_conversion.lead_grouped,4.435,10,Dzienny,8.87,1244,887,W toku,Kliknięcia z 7 dni lub wyświetlenia z 1 dnia
2026-05-15,2026-05-15,Poltrakt PL Magazynier,inactive,,,,5,Dzienny,0,0,0,W toku,Kliknięcia z 7 dni lub wyświetlenia z 1 dnia
2026-05-15,2026-05-15,Poltrakt Drivers CE Week/Full,inactive,14,actions:leadgen.other,0.68571429,Użycie budżetu zestawu reklam,0,9.6,2338,1728,W toku,Kliknięcia z 7 dni lub wyświetlenia z 1 dnia
2026-05-15,2026-05-15,Poltrakt PL CE Italy/ pol leads,inactive,,,,11,Dzienny,0,0,0,W toku,Kliknięcia z 7 dni lub wyświetlenia z 1 dnia
2026-05-15,2026-05-15,Poltrakt PL CE Pol Leads,inactive,,,,7,Dzienny,0,0,0,W toku,Kliknięcia z 7 dni lub wyświetlenia z 1 dnia
2026-05-14,2026-05-14,Leads Agency PL,inactive,,,,10,Dzienny,0,0,0,W toku,Kliknięcia z 7 dni lub wyświetlenia z 1 dnia
2026-05-14,2026-05-14,Pracownik Magazynowy PL/ RU/ ENG Leads,inactive,,,,15,Dzienny,0,0,0,W toku,Kliknięcia z 7 dni lub wyświetlenia z 1 dnia
2026-05-14,2026-05-14,Leads RU Mrozek 100 eur,inactive,,,,10,Dzienny,0,0,0,W toku,Kliknięcia z 7 dni lub wyświetlenia z 1 dnia
2026-05-14,2026-05-14,Leads PL Dyspozytor Poltrakt,inactive,,,,10,Dzienny,0,0,0,W toku,Kliknięcia z 7 dni lub wyświetlenia z 1 dnia
2026-05-14,2026-05-14,Leads PL Dyspozytor Poltrakt,inactive,,,,10,Dzienny,0,0,0,W toku,Kliknięcia z 7 dni lub wyświetlenia z 1 dnia
2026-05-14,2026-05-14,PL Agency Ads,inactive,,,,10,Dzienny,0,0,0,W toku,Kliknięcia z 7 dni lub wyświetlenia z 1 dnia
2026-05-14,2026-05-14,RU Leads Poltrakt CE PL S/F Start 20.06.2026,inactive,,,,30,Dzienny,0,0,0,W toku,Kliknięcia z 7 dni lub wyświetlenia z 1 dnia
2026-05-14,2026-05-14,Leads RU Mrozek 100 eur,inactive,,,,10,Dzienny,0,0,0,W toku,Kliknięcia z 7 dni lub wyświetlenia z 1 dnia
2026-05-14,2026-05-14,Leads ENG Poltrakt Week/Cadence Poland,inactive,,,,20,Dzienny,0,0,0,W toku,Kliknięcia z 7 dni lub wyświetlenia z 1 dnia
2026-05-14,2026-05-14,PL Agency Ads Start 14.05.2026,inactive,,,,10,Dzienny,4.14,762,674,W toku,Kliknięcia z 7 dni lub wyświetlenia z 1 dnia
2026-05-14,2026-05-14,Poltrakt PL Magazynier,inactive,,,,5,Dzienny,0,0,0,W toku,Kliknięcia z 7 dni lub wyświetlenia z 1 dnia
2026-05-14,2026-05-14,Poltrakt Drivers CE Week/Full,inactive,12,actions:leadgen.other,0.7975,Użycie budżetu zestawu reklam,0,9.57,2248,1617,W toku,Kliknięcia z 7 dni lub wyświetlenia z 1 dnia
2026-05-14,2026-05-14,Poltrakt PL CE Italy/ pol leads,inactive,,,,11,Dzienny,0,0,0,W toku,Kliknięcia z 7 dni lub wyświetlenia z 1 dnia
2026-05-14,2026-05-14,Poltrakt PL CE Pol Leads,inactive,,,,7,Dzienny,0,0,0,W toku,Kliknięcia z 7 dni lub wyświetlenia z 1 dnia
2026-05-13,2026-05-13,Leads Agency PL,inactive,,,,10,Dzienny,0,0,0,W toku,Kliknięcia z 7 dni lub wyświetlenia z 1 dnia
2026-05-13,2026-05-13,Pracownik Magazynowy PL/ RU/ ENG Leads,inactive,,,,15,Dzienny,0,0,0,W toku,Kliknięcia z 7 dni lub wyświetlenia z 1 dnia
2026-05-13,2026-05-13,Leads RU Mrozek 100 eur,inactive,,,,10,Dzienny,0,0,0,W toku,Kliknięcia z 7 dni lub wyświetlenia z 1 dnia
2026-05-13,2026-05-13,Leads PL Dyspozytor Poltrakt,inactive,,,,10,Dzienny,0,0,0,W toku,Kliknięcia z 7 dni lub wyświetlenia z 1 dnia
2026-05-13,2026-05-13,Leads PL Dyspozytor Poltrakt,inactive,,,,10,Dzienny,0,0,0,W toku,Kliknięcia z 7 dni lub wyświetlenia z 1 dnia
2026-05-13,2026-05-13,PL Agency Ads,inactive,,,,10,Dzienny,0,0,0,W toku,Kliknięcia z 7 dni lub wyświetlenia z 1 dnia
2026-05-13,2026-05-13,RU Leads Poltrakt CE PL S/F Start 20.06.2026,inactive,,,,30,Dzienny,0,0,0,W toku,Kliknięcia z 7 dni lub wyświetlenia z 1 dnia
2026-05-13,2026-05-13,Leads RU Mrozek 100 eur,inactive,,,,10,Dzienny,0,0,0,W toku,Kliknięcia z 7 dni lub wyświetlenia z 1 dnia
2026-05-13,2026-05-13,Leads ENG Poltrakt Week/Cadence Poland,inactive,,,,20,Dzienny,0,0,0,W toku,Kliknięcia z 7 dni lub wyświetlenia z 1 dnia
2026-05-13,2026-05-13,PL Agency Ads Start 14.05.2026,inactive,,,,10,Dzienny,0,0,0,W toku,Kliknięcia z 7 dni lub wyświetlenia z 1 dnia
2026-05-13,2026-05-13,Poltrakt PL Magazynier,inactive,,,,5,Dzienny,0,0,0,W toku,Kliknięcia z 7 dni lub wyświetlenia z 1 dnia
2026-05-13,2026-05-13,Poltrakt Drivers CE Week/Full,inactive,4,actions:leadgen.other,2.49,Użycie budżetu zestawu reklam,0,9.96,2247,1664,W toku,Kliknięcia z 7 dni lub wyświetlenia z 1 dnia
2026-05-13,2026-05-13,Poltrakt PL CE Italy/ pol leads,inactive,,,,11,Dzienny,0,0,0,W toku,Kliknięcia z 7 dni lub wyświetlenia z 1 dnia
2026-05-13,2026-05-13,Poltrakt PL CE Pol Leads,inactive,,,,7,Dzienny,0,0,0,W toku,Kliknięcia z 7 dni lub wyświetlenia z 1 dnia
2026-05-12,2026-05-12,Leads Agency PL,inactive,,,,10,Dzienny,0,0,0,W toku,Kliknięcia z 7 dni lub wyświetlenia z 1 dnia
2026-05-12,2026-05-12,Pracownik Magazynowy PL/ RU/ ENG Leads,inactive,,,,15,Dzienny,0,0,0,W toku,Kliknięcia z 7 dni lub wyświetlenia z 1 dnia
2026-05-12,2026-05-12,Leads RU Mrozek 100 eur,inactive,,,,10,Dzienny,0,0,0,W toku,Kliknięcia z 7 dni lub wyświetlenia z 1 dnia
2026-05-12,2026-05-12,Leads PL Dyspozytor Poltrakt,inactive,,,,10,Dzienny,0,0,0,W toku,Kliknięcia z 7 dni lub wyświetlenia z 1 dnia
2026-05-12,2026-05-12,Leads PL Dyspozytor Poltrakt,inactive,,,,10,Dzienny,0,0,0,W toku,Kliknięcia z 7 dni lub wyświetlenia z 1 dnia
2026-05-12,2026-05-12,PL Agency Ads,inactive,,,,10,Dzienny,0,0,0,W toku,Kliknięcia z 7 dni lub wyświetlenia z 1 dnia
2026-05-12,2026-05-12,RU Leads Poltrakt CE PL S/F Start 20.06.2026,inactive,,,,30,Dzienny,0,0,0,W toku,Kliknięcia z 7 dni lub wyświetlenia z 1 dnia
2026-05-12,2026-05-12,Leads RU Mrozek 100 eur,inactive,,,,10,Dzienny,0,0,0,W toku,Kliknięcia z 7 dni lub wyświetlenia z 1 dnia
2026-05-12,2026-05-12,Leads ENG Poltrakt Week/Cadence Poland,inactive,,,,20,Dzienny,0,0,0,W toku,Kliknięcia z 7 dni lub wyświetlenia z 1 dnia
2026-05-12,2026-05-12,PL Agency Ads Start 14.05.2026,inactive,,,,10,Dzienny,0,0,0,W toku,Kliknięcia z 7 dni lub wyświetlenia z 1 dnia
2026-05-12,2026-05-12,Poltrakt PL Magazynier,inactive,,,,5,Dzienny,0,0,0,W toku,Kliknięcia z 7 dni lub wyświetlenia z 1 dnia
2026-05-12,2026-05-12,Poltrakt Drivers CE Week/Full,inactive,11,actions:leadgen.other,0.88090909,Użycie budżetu zestawu reklam,0,9.69,2186,1514,W toku,Kliknięcia z 7 dni lub wyświetlenia z 1 dnia
2026-05-12,2026-05-12,Poltrakt PL CE Italy/ pol leads,inactive,,,,11,Dzienny,0,0,0,W toku,Kliknięcia z 7 dni lub wyświetlenia z 1 dnia
2026-05-12,2026-05-12,Poltrakt PL CE Pol Leads,inactive,,,,7,Dzienny,0,0,0,W toku,Kliknięcia z 7 dni lub wyświetlenia z 1 dnia
2026-05-11,2026-05-11,Leads Agency PL,inactive,,,,10,Dzienny,0,0,0,W toku,Kliknięcia z 7 dni lub wyświetlenia z 1 dnia
2026-05-11,2026-05-11,Pracownik Magazynowy PL/ RU/ ENG Leads,inactive,,,,15,Dzienny,0,0,0,W toku,Kliknięcia z 7 dni lub wyświetlenia z 1 dnia
2026-05-11,2026-05-11,Leads RU Mrozek 100 eur,inactive,,,,10,Dzienny,0,0,0,W toku,Kliknięcia z 7 dni lub wyświetlenia z 1 dnia
2026-05-11,2026-05-11,Leads PL Dyspozytor Poltrakt,inactive,,,,10,Dzienny,0,0,0,W toku,Kliknięcia z 7 dni lub wyświetlenia z 1 dnia
2026-05-11,2026-05-11,Leads PL Dyspozytor Poltrakt,inactive,,,,10,Dzienny,0,0,0,W toku,Kliknięcia z 7 dni lub wyświetlenia z 1 dnia
2026-05-11,2026-05-11,PL Agency Ads,inactive,,,,10,Dzienny,0,0,0,W toku,Kliknięcia z 7 dni lub wyświetlenia z 1 dnia
2026-05-11,2026-05-11,RU Leads Poltrakt CE PL S/F Start 20.06.2026,inactive,,,,30,Dzienny,0,0,0,W toku,Kliknięcia z 7 dni lub wyświetlenia z 1 dnia
2026-05-11,2026-05-11,Leads RU Mrozek 100 eur,inactive,,,,10,Dzienny,0,0,0,W toku,Kliknięcia z 7 dni lub wyświetlenia z 1 dnia
2026-05-11,2026-05-11,Leads ENG Poltrakt Week/Cadence Poland,inactive,,,,20,Dzienny,0,0,0,W toku,Kliknięcia z 7 dni lub wyświetlenia z 1 dnia
2026-05-11,2026-05-11,PL Agency Ads Start 14.05.2026,inactive,,,,10,Dzienny,0,0,0,W toku,Kliknięcia z 7 dni lub wyświetlenia z 1 dnia
2026-05-11,2026-05-11,Poltrakt PL Magazynier,inactive,,,,5,Dzienny,0,0,0,W toku,Kliknięcia z 7 dni lub wyświetlenia z 1 dnia
2026-05-11,2026-05-11,Poltrakt Drivers CE Week/Full,inactive,12,actions:leadgen.other,0.80166667,Użycie budżetu zestawu reklam,0,9.62,2399,1617,W toku,Kliknięcia z 7 dni lub wyświetlenia z 1 dnia
2026-05-11,2026-05-11,Poltrakt PL CE Italy/ pol leads,inactive,,,,11,Dzienny,0,0,0,W toku,Kliknięcia z 7 dni lub wyświetlenia z 1 dnia
2026-05-11,2026-05-11,Poltrakt PL CE Pol Leads,inactive,,,,7,Dzienny,0,0,0,W toku,Kliknięcia z 7 dni lub wyświetlenia z 1 dnia
2026-05-10,2026-05-10,Leads Agency PL,inactive,,,,10,Dzienny,0,0,0,W toku,Kliknięcia z 7 dni lub wyświetlenia z 1 dnia
2026-05-10,2026-05-10,Pracownik Magazynowy PL/ RU/ ENG Leads,inactive,,,,15,Dzienny,0,0,0,W toku,Kliknięcia z 7 dni lub wyświetlenia z 1 dnia
2026-05-10,2026-05-10,Leads RU Mrozek 100 eur,inactive,,,,10,Dzienny,0,0,0,W toku,Kliknięcia z 7 dni lub wyświetlenia z 1 dnia
2026-05-10,2026-05-10,Leads PL Dyspozytor Poltrakt,inactive,,,,10,Dzienny,0,0,0,W toku,Kliknięcia z 7 dni lub wyświetlenia z 1 dnia
2026-05-10,2026-05-10,Leads PL Dyspozytor Poltrakt,inactive,,,,10,Dzienny,0,0,0,W toku,Kliknięcia z 7 dni lub wyświetlenia z 1 dnia
2026-05-10,2026-05-10,PL Agency Ads,inactive,,,,10,Dzienny,0,0,0,W toku,Kliknięcia z 7 dni lub wyświetlenia z 1 dnia
2026-05-10,2026-05-10,RU Leads Poltrakt CE PL S/F Start 20.06.2026,inactive,,,,30,Dzienny,0,0,0,W toku,Kliknięcia z 7 dni lub wyświetlenia z 1 dnia
2026-05-10,2026-05-10,Leads RU Mrozek 100 eur,inactive,,,,10,Dzienny,0,0,0,W toku,Kliknięcia z 7 dni lub wyświetlenia z 1 dnia
2026-05-10,2026-05-10,Leads ENG Poltrakt Week/Cadence Poland,inactive,,,,20,Dzienny,0,0,0,W toku,Kliknięcia z 7 dni lub wyświetlenia z 1 dnia
2026-05-10,2026-05-10,PL Agency Ads Start 14.05.2026,inactive,,,,10,Dzienny,0,0,0,W toku,Kliknięcia z 7 dni lub wyświetlenia z 1 dnia
2026-05-10,2026-05-10,Poltrakt PL Magazynier,inactive,,,,5,Dzienny,0,0,0,W toku,Kliknięcia z 7 dni lub wyświetlenia z 1 dnia
2026-05-10,2026-05-10,Poltrakt Drivers CE Week/Full,inactive,11,actions:leadgen.other,0.97090909,Użycie budżetu zestawu reklam,0,10.68,2406,1524,W toku,Kliknięcia z 7 dni lub wyświetlenia z 1 dnia
2026-05-10,2026-05-10,Poltrakt PL CE Italy/ pol leads,inactive,,,,11,Dzienny,0,0,0,W toku,Kliknięcia z 7 dni lub wyświetlenia z 1 dnia
2026-05-10,2026-05-10,Poltrakt PL CE Pol Leads,inactive,,,,7,Dzienny,0,0,0,W toku,Kliknięcia z 7 dni lub wyświetlenia z 1 dnia
2026-05-09,2026-05-09,Leads Agency PL,inactive,,,,10,Dzienny,0,0,0,W toku,Kliknięcia z 7 dni lub wyświetlenia z 1 dnia
2026-05-09,2026-05-09,Pracownik Magazynowy PL/ RU/ ENG Leads,inactive,,,,15,Dzienny,0,0,0,W toku,Kliknięcia z 7 dni lub wyświetlenia z 1 dnia
2026-05-09,2026-05-09,Leads RU Mrozek 100 eur,inactive,,,,10,Dzienny,0,0,0,W toku,Kliknięcia z 7 dni lub wyświetlenia z 1 dnia
2026-05-09,2026-05-09,Leads PL Dyspozytor Poltrakt,inactive,,,,10,Dzienny,0,0,0,W toku,Kliknięcia z 7 dni lub wyświetlenia z 1 dnia
2026-05-09,2026-05-09,Leads PL Dyspozytor Poltrakt,inactive,,,,10,Dzienny,0,0,0,W toku,Kliknięcia z 7 dni lub wyświetlenia z 1 dnia
2026-05-09,2026-05-09,PL Agency Ads,inactive,,,,10,Dzienny,0,0,0,W toku,Kliknięcia z 7 dni lub wyświetlenia z 1 dnia
2026-05-09,2026-05-09,RU Leads Poltrakt CE PL S/F Start 20.06.2026,inactive,,,,30,Dzienny,0,0,0,W toku,Kliknięcia z 7 dni lub wyświetlenia z 1 dnia
2026-05-09,2026-05-09,Leads RU Mrozek 100 eur,inactive,,,,10,Dzienny,0,0,0,W toku,Kliknięcia z 7 dni lub wyświetlenia z 1 dnia
2026-05-09,2026-05-09,Leads ENG Poltrakt Week/Cadence Poland,inactive,,,,20,Dzienny,0,0,0,W toku,Kliknięcia z 7 dni lub wyświetlenia z 1 dnia
2026-05-09,2026-05-09,PL Agency Ads Start 14.05.2026,inactive,,,,10,Dzienny,0,0,0,W toku,Kliknięcia z 7 dni lub wyświetlenia z 1 dnia
2026-05-09,2026-05-09,Poltrakt PL Magazynier,inactive,,,,5,Dzienny,0,0,0,W toku,Kliknięcia z 7 dni lub wyświetlenia z 1 dnia
2026-05-09,2026-05-09,Poltrakt Drivers CE Week/Full,inactive,27,actions:leadgen.other,0.62777778,Użycie budżetu zestawu reklam,0,16.95,3996,2328,W toku,Kliknięcia z 7 dni lub wyświetlenia z 1 dnia
2026-05-09,2026-05-09,Poltrakt PL CE Italy/ pol leads,inactive,,,,11,Dzienny,0,0,0,W toku,Kliknięcia z 7 dni lub wyświetlenia z 1 dnia
2026-05-09,2026-05-09,Poltrakt PL CE Pol Leads,inactive,,,,7,Dzienny,0,0,0,W toku,Kliknięcia z 7 dni lub wyświetlenia z 1 dnia
2026-05-08,2026-05-08,Leads Agency PL,inactive,,,,10,Dzienny,0,0,0,W toku,Kliknięcia z 7 dni lub wyświetlenia z 1 dnia
2026-05-08,2026-05-08,Pracownik Magazynowy PL/ RU/ ENG Leads,inactive,,,,15,Dzienny,0,0,0,W toku,Kliknięcia z 7 dni lub wyświetlenia z 1 dnia
2026-05-08,2026-05-08,Leads RU Mrozek 100 eur,inactive,,,,10,Dzienny,0,0,0,W toku,Kliknięcia z 7 dni lub wyświetlenia z 1 dnia
2026-05-08,2026-05-08,Leads PL Dyspozytor Poltrakt,inactive,,,,10,Dzienny,0,0,0,W toku,Kliknięcia z 7 dni lub wyświetlenia z 1 dnia
2026-05-08,2026-05-08,Leads PL Dyspozytor Poltrakt,inactive,,,,10,Dzienny,0,0,0,W toku,Kliknięcia z 7 dni lub wyświetlenia z 1 dnia
2026-05-08,2026-05-08,PL Agency Ads,inactive,,,,10,Dzienny,0,0,0,W toku,Kliknięcia z 7 dni lub wyświetlenia z 1 dnia
2026-05-08,2026-05-08,RU Leads Poltrakt CE PL S/F Start 20.06.2026,inactive,,,,30,Dzienny,0,0,0,W toku,Kliknięcia z 7 dni lub wyświetlenia z 1 dnia
2026-05-08,2026-05-08,Leads RU Mrozek 100 eur,inactive,,,,10,Dzienny,0,0,0,W toku,Kliknięcia z 7 dni lub wyświetlenia z 1 dnia
2026-05-08,2026-05-08,Leads ENG Poltrakt Week/Cadence Poland,inactive,,,,20,Dzienny,0,0,0,W toku,Kliknięcia z 7 dni lub wyświetlenia z 1 dnia
2026-05-08,2026-05-08,PL Agency Ads Start 14.05.2026,inactive,,,,10,Dzienny,0,0,0,W toku,Kliknięcia z 7 dni lub wyświetlenia z 1 dnia
2026-05-08,2026-05-08,Poltrakt PL Magazynier,inactive,,,,5,Dzienny,0,0,0,W toku,Kliknięcia z 7 dni lub wyświetlenia z 1 dnia
2026-05-08,2026-05-08,Poltrakt Drivers CE Week/Full,inactive,21,actions:leadgen.other,0.65619048,Użycie budżetu zestawu reklam,0,13.78,2851,1859,W toku,Kliknięcia z 7 dni lub wyświetlenia z 1 dnia
2026-05-08,2026-05-08,Poltrakt PL CE Italy/ pol leads,inactive,,,,11,Dzienny,0,0,0,W toku,Kliknięcia z 7 dni lub wyświetlenia z 1 dnia
2026-05-08,2026-05-08,Poltrakt PL CE Pol Leads,inactive,,,,7,Dzienny,0,0,0,W toku,Kliknięcia z 7 dni lub wyświetlenia z 1 dnia
2026-05-07,2026-05-07,Leads Agency PL,inactive,,,,10,Dzienny,0,0,0,W toku,Kliknięcia z 7 dni lub wyświetlenia z 1 dnia
2026-05-07,2026-05-07,Pracownik Magazynowy PL/ RU/ ENG Leads,inactive,,,,15,Dzienny,0,0,0,W toku,Kliknięcia z 7 dni lub wyświetlenia z 1 dnia
2026-05-07,2026-05-07,Leads RU Mrozek 100 eur,inactive,,,,10,Dzienny,0,0,0,W toku,Kliknięcia z 7 dni lub wyświetlenia z 1 dnia
2026-05-07,2026-05-07,Leads PL Dyspozytor Poltrakt,inactive,,,,10,Dzienny,0,0,0,W toku,Kliknięcia z 7 dni lub wyświetlenia z 1 dnia
2026-05-07,2026-05-07,Leads PL Dyspozytor Poltrakt,inactive,,,,10,Dzienny,0,0,0,W toku,Kliknięcia z 7 dni lub wyświetlenia z 1 dnia
2026-05-07,2026-05-07,PL Agency Ads,inactive,,,,10,Dzienny,0,0,0,W toku,Kliknięcia z 7 dni lub wyświetlenia z 1 dnia
2026-05-07,2026-05-07,RU Leads Poltrakt CE PL S/F Start 20.06.2026,inactive,,,,30,Dzienny,0,0,0,W toku,Kliknięcia z 7 dni lub wyświetlenia z 1 dnia
2026-05-07,2026-05-07,Leads RU Mrozek 100 eur,inactive,,,,10,Dzienny,0,0,0,W toku,Kliknięcia z 7 dni lub wyświetlenia z 1 dnia
2026-05-07,2026-05-07,Leads ENG Poltrakt Week/Cadence Poland,inactive,,,,20,Dzienny,0,0,0,W toku,Kliknięcia z 7 dni lub wyświetlenia z 1 dnia
2026-05-07,2026-05-07,PL Agency Ads Start 14.05.2026,inactive,,,,10,Dzienny,0,0,0,W toku,Kliknięcia z 7 dni lub wyświetlenia z 1 dnia
2026-05-07,2026-05-07,Poltrakt PL Magazynier,inactive,,,,5,Dzienny,0,0,0,W toku,Kliknięcia z 7 dni lub wyświetlenia z 1 dnia
2026-05-07,2026-05-07,Poltrakt Drivers CE Week/Full,inactive,,,,Użycie budżetu zestawu reklam,0,0,0,0,W toku,Kliknięcia z 7 dni lub wyświetlenia z 1 dnia
2026-05-07,2026-05-07,Poltrakt PL CE Italy/ pol leads,inactive,,,,11,Dzienny,0,0,0,W toku,Kliknięcia z 7 dni lub wyświetlenia z 1 dnia
2026-05-07,2026-05-07,Poltrakt PL CE Pol Leads,inactive,,,,7,Dzienny,0,0,0,W toku,Kliknięcia z 7 dni lub wyświetlenia z 1 dnia
2026-05-06,2026-05-06,Leads Agency PL,inactive,,,,10,Dzienny,0,0,0,W toku,Kliknięcia z 7 dni lub wyświetlenia z 1 dnia
2026-05-06,2026-05-06,Pracownik Magazynowy PL/ RU/ ENG Leads,inactive,,,,15,Dzienny,0,0,0,W toku,Kliknięcia z 7 dni lub wyświetlenia z 1 dnia
2026-05-06,2026-05-06,Leads RU Mrozek 100 eur,inactive,,,,10,Dzienny,0,0,0,W toku,Kliknięcia z 7 dni lub wyświetlenia z 1 dnia
2026-05-06,2026-05-06,Leads PL Dyspozytor Poltrakt,inactive,,,,10,Dzienny,0,0,0,W toku,Kliknięcia z 7 dni lub wyświetlenia z 1 dnia
2026-05-06,2026-05-06,Leads PL Dyspozytor Poltrakt,inactive,,,,10,Dzienny,0,0,0,W toku,Kliknięcia z 7 dni lub wyświetlenia z 1 dnia
2026-05-06,2026-05-06,PL Agency Ads,inactive,,,,10,Dzienny,0,0,0,W toku,Kliknięcia z 7 dni lub wyświetlenia z 1 dnia
2026-05-06,2026-05-06,RU Leads Poltrakt CE PL S/F Start 20.06.2026,inactive,,,,30,Dzienny,0,0,0,W toku,Kliknięcia z 7 dni lub wyświetlenia z 1 dnia
2026-05-06,2026-05-06,Leads RU Mrozek 100 eur,inactive,,,,10,Dzienny,0,0,0,W toku,Kliknięcia z 7 dni lub wyświetlenia z 1 dnia
2026-05-06,2026-05-06,Leads ENG Poltrakt Week/Cadence Poland,inactive,,,,20,Dzienny,0,0,0,W toku,Kliknięcia z 7 dni lub wyświetlenia z 1 dnia
2026-05-06,2026-05-06,PL Agency Ads Start 14.05.2026,inactive,,,,10,Dzienny,0,0,0,W toku,Kliknięcia z 7 dni lub wyświetlenia z 1 dnia
2026-05-06,2026-05-06,Poltrakt PL Magazynier,inactive,,,,5,Dzienny,0,0,0,W toku,Kliknięcia z 7 dni lub wyświetlenia z 1 dnia
2026-05-06,2026-05-06,Poltrakt Drivers CE Week/Full,inactive,,,,Użycie budżetu zestawu reklam,0,0,0,0,W toku,Kliknięcia z 7 dni lub wyświetlenia z 1 dnia
2026-05-06,2026-05-06,Poltrakt PL CE Italy/ pol leads,inactive,,,,11,Dzienny,0,0,0,W toku,Kliknięcia z 7 dni lub wyświetlenia z 1 dnia
2026-05-06,2026-05-06,Poltrakt PL CE Pol Leads,inactive,,,,7,Dzienny,0,0,0,W toku,Kliknięcia z 7 dni lub wyświetlenia z 1 dnia
2026-05-05,2026-05-05,Leads Agency PL,inactive,,,,10,Dzienny,0,0,0,W toku,Kliknięcia z 7 dni lub wyświetlenia z 1 dnia
2026-05-05,2026-05-05,Pracownik Magazynowy PL/ RU/ ENG Leads,inactive,,,,15,Dzienny,0,0,0,W toku,Kliknięcia z 7 dni lub wyświetlenia z 1 dnia
2026-05-05,2026-05-05,Leads RU Mrozek 100 eur,inactive,,,,10,Dzienny,0,0,0,W toku,Kliknięcia z 7 dni lub wyświetlenia z 1 dnia
2026-05-05,2026-05-05,Leads PL Dyspozytor Poltrakt,inactive,,,,10,Dzienny,0,0,0,W toku,Kliknięcia z 7 dni lub wyświetlenia z 1 dnia
2026-05-05,2026-05-05,Leads PL Dyspozytor Poltrakt,inactive,,,,10,Dzienny,0,0,0,W toku,Kliknięcia z 7 dni lub wyświetlenia z 1 dnia
2026-05-05,2026-05-05,PL Agency Ads,inactive,,,,10,Dzienny,0,0,0,W toku,Kliknięcia z 7 dni lub wyświetlenia z 1 dnia
2026-05-05,2026-05-05,RU Leads Poltrakt CE PL S/F Start 20.06.2026,inactive,,,,30,Dzienny,0,0,0,W toku,Kliknięcia z 7 dni lub wyświetlenia z 1 dnia
2026-05-05,2026-05-05,Leads RU Mrozek 100 eur,inactive,,,,10,Dzienny,0,0,0,W toku,Kliknięcia z 7 dni lub wyświetlenia z 1 dnia
2026-05-05,2026-05-05,Leads ENG Poltrakt Week/Cadence Poland,inactive,,,,20,Dzienny,0,0,0,W toku,Kliknięcia z 7 dni lub wyświetlenia z 1 dnia
2026-05-05,2026-05-05,PL Agency Ads Start 14.05.2026,inactive,,,,10,Dzienny,0,0,0,W toku,Kliknięcia z 7 dni lub wyświetlenia z 1 dnia
2026-05-05,2026-05-05,Poltrakt PL Magazynier,inactive,,,,5,Dzienny,0,0,0,W toku,Kliknięcia z 7 dni lub wyświetlenia z 1 dnia
2026-05-05,2026-05-05,Poltrakt Drivers CE Week/Full,inactive,,,,Użycie budżetu zestawu reklam,0,0,0,0,W toku,Kliknięcia z 7 dni lub wyświetlenia z 1 dnia
2026-05-05,2026-05-05,Poltrakt PL CE Italy/ pol leads,inactive,,,,11,Dzienny,0,0,0,W toku,Kliknięcia z 7 dni lub wyświetlenia z 1 dnia
2026-05-05,2026-05-05,Poltrakt PL CE Pol Leads,inactive,,,,7,Dzienny,0,0,0,W toku,Kliknięcia z 7 dni lub wyświetlenia z 1 dnia
2026-05-04,2026-05-04,Leads Agency PL,inactive,,,,10,Dzienny,0,0,0,W toku,Kliknięcia z 7 dni lub wyświetlenia z 1 dnia
2026-05-04,2026-05-04,Pracownik Magazynowy PL/ RU/ ENG Leads,inactive,,,,15,Dzienny,0,0,0,W toku,Kliknięcia z 7 dni lub wyświetlenia z 1 dnia
2026-05-04,2026-05-04,Leads RU Mrozek 100 eur,inactive,,,,10,Dzienny,0,0,0,W toku,Kliknięcia z 7 dni lub wyświetlenia z 1 dnia
2026-05-04,2026-05-04,Leads PL Dyspozytor Poltrakt,inactive,,,,10,Dzienny,0,0,0,W toku,Kliknięcia z 7 dni lub wyświetlenia z 1 dnia
2026-05-04,2026-05-04,Leads PL Dyspozytor Poltrakt,inactive,,,,10,Dzienny,0,0,0,W toku,Kliknięcia z 7 dni lub wyświetlenia z 1 dnia
2026-05-04,2026-05-04,PL Agency Ads,inactive,,,,10,Dzienny,0,0,0,W toku,Kliknięcia z 7 dni lub wyświetlenia z 1 dnia
2026-05-04,2026-05-04,RU Leads Poltrakt CE PL S/F Start 20.06.2026,inactive,,,,30,Dzienny,0,0,0,W toku,Kliknięcia z 7 dni lub wyświetlenia z 1 dnia
2026-05-04,2026-05-04,Leads RU Mrozek 100 eur,inactive,,,,10,Dzienny,0,0,0,W toku,Kliknięcia z 7 dni lub wyświetlenia z 1 dnia
2026-05-04,2026-05-04,Leads ENG Poltrakt Week/Cadence Poland,inactive,,,,20,Dzienny,0,0,0,W toku,Kliknięcia z 7 dni lub wyświetlenia z 1 dnia
2026-05-04,2026-05-04,PL Agency Ads Start 14.05.2026,inactive,,,,10,Dzienny,0,0,0,W toku,Kliknięcia z 7 dni lub wyświetlenia z 1 dnia
2026-05-04,2026-05-04,Poltrakt PL Magazynier,inactive,,,,5,Dzienny,0,0,0,W toku,Kliknięcia z 7 dni lub wyświetlenia z 1 dnia
2026-05-04,2026-05-04,Poltrakt Drivers CE Week/Full,inactive,,,,Użycie budżetu zestawu reklam,0,0,0,0,W toku,Kliknięcia z 7 dni lub wyświetlenia z 1 dnia
2026-05-04,2026-05-04,Poltrakt PL CE Italy/ pol leads,inactive,,,,11,Dzienny,0,0,0,W toku,Kliknięcia z 7 dni lub wyświetlenia z 1 dnia
2026-05-04,2026-05-04,Poltrakt PL CE Pol Leads,inactive,,,,7,Dzienny,0,0,0,W toku,Kliknięcia z 7 dni lub wyświetlenia z 1 dnia
2026-05-03,2026-05-03,Leads Agency PL,inactive,,,,10,Dzienny,0,0,0,W toku,Kliknięcia z 7 dni lub wyświetlenia z 1 dnia
2026-05-03,2026-05-03,Pracownik Magazynowy PL/ RU/ ENG Leads,inactive,,,,15,Dzienny,0,0,0,W toku,Kliknięcia z 7 dni lub wyświetlenia z 1 dnia
2026-05-03,2026-05-03,Leads RU Mrozek 100 eur,inactive,,,,10,Dzienny,0,0,0,W toku,Kliknięcia z 7 dni lub wyświetlenia z 1 dnia
2026-05-03,2026-05-03,Leads PL Dyspozytor Poltrakt,inactive,,,,10,Dzienny,0,0,0,W toku,Kliknięcia z 7 dni lub wyświetlenia z 1 dnia
2026-05-03,2026-05-03,Leads PL Dyspozytor Poltrakt,inactive,,,,10,Dzienny,0,0,0,W toku,Kliknięcia z 7 dni lub wyświetlenia z 1 dnia
2026-05-03,2026-05-03,PL Agency Ads,inactive,,,,10,Dzienny,0,0,0,W toku,Kliknięcia z 7 dni lub wyświetlenia z 1 dnia
2026-05-03,2026-05-03,RU Leads Poltrakt CE PL S/F Start 20.06.2026,inactive,,,,30,Dzienny,0,0,0,W toku,Kliknięcia z 7 dni lub wyświetlenia z 1 dnia
2026-05-03,2026-05-03,Leads RU Mrozek 100 eur,inactive,,,,10,Dzienny,0,0,0,W toku,Kliknięcia z 7 dni lub wyświetlenia z 1 dnia
2026-05-03,2026-05-03,Leads ENG Poltrakt Week/Cadence Poland,inactive,,,,20,Dzienny,0,0,0,W toku,Kliknięcia z 7 dni lub wyświetlenia z 1 dnia
2026-05-03,2026-05-03,PL Agency Ads Start 14.05.2026,inactive,,,,10,Dzienny,0,0,0,W toku,Kliknięcia z 7 dni lub wyświetlenia z 1 dnia
2026-05-03,2026-05-03,Poltrakt PL Magazynier,inactive,,,,5,Dzienny,0,0,0,W toku,Kliknięcia z 7 dni lub wyświetlenia z 1 dnia
2026-05-03,2026-05-03,Poltrakt Drivers CE Week/Full,inactive,,,,Użycie budżetu zestawu reklam,0,0,0,0,W toku,Kliknięcia z 7 dni lub wyświetlenia z 1 dnia
2026-05-03,2026-05-03,Poltrakt PL CE Italy/ pol leads,inactive,,,,11,Dzienny,0,0,0,W toku,Kliknięcia z 7 dni lub wyświetlenia z 1 dnia
2026-05-03,2026-05-03,Poltrakt PL CE Pol Leads,inactive,,,,7,Dzienny,0,0,0,W toku,Kliknięcia z 7 dni lub wyświetlenia z 1 dnia
2026-05-02,2026-05-02,Leads Agency PL,inactive,,,,10,Dzienny,0,0,0,W toku,Kliknięcia z 7 dni lub wyświetlenia z 1 dnia
2026-05-02,2026-05-02,Pracownik Magazynowy PL/ RU/ ENG Leads,inactive,,,,15,Dzienny,0,0,0,W toku,Kliknięcia z 7 dni lub wyświetlenia z 1 dnia
2026-05-02,2026-05-02,Leads RU Mrozek 100 eur,inactive,,,,10,Dzienny,0,0,0,W toku,Kliknięcia z 7 dni lub wyświetlenia z 1 dnia
2026-05-02,2026-05-02,Leads PL Dyspozytor Poltrakt,inactive,,,,10,Dzienny,0,0,0,W toku,Kliknięcia z 7 dni lub wyświetlenia z 1 dnia
2026-05-02,2026-05-02,Leads PL Dyspozytor Poltrakt,inactive,,,,10,Dzienny,0,0,0,W toku,Kliknięcia z 7 dni lub wyświetlenia z 1 dnia
2026-05-02,2026-05-02,PL Agency Ads,inactive,,,,10,Dzienny,0,0,0,W toku,Kliknięcia z 7 dni lub wyświetlenia z 1 dnia
2026-05-02,2026-05-02,RU Leads Poltrakt CE PL S/F Start 20.06.2026,inactive,,,,30,Dzienny,0,0,0,W toku,Kliknięcia z 7 dni lub wyświetlenia z 1 dnia
2026-05-02,2026-05-02,Leads RU Mrozek 100 eur,inactive,,,,10,Dzienny,0,0,0,W toku,Kliknięcia z 7 dni lub wyświetlenia z 1 dnia
2026-05-02,2026-05-02,Leads ENG Poltrakt Week/Cadence Poland,inactive,,,,20,Dzienny,0,0,0,W toku,Kliknięcia z 7 dni lub wyświetlenia z 1 dnia
2026-05-02,2026-05-02,PL Agency Ads Start 14.05.2026,inactive,,,,10,Dzienny,0,0,0,W toku,Kliknięcia z 7 dni lub wyświetlenia z 1 dnia
2026-05-02,2026-05-02,Poltrakt PL Magazynier,inactive,,,,5,Dzienny,0,0,0,W toku,Kliknięcia z 7 dni lub wyświetlenia z 1 dnia
2026-05-02,2026-05-02,Poltrakt Drivers CE Week/Full,inactive,,,,Użycie budżetu zestawu reklam,0,0,0,0,W toku,Kliknięcia z 7 dni lub wyświetlenia z 1 dnia
2026-05-02,2026-05-02,Poltrakt PL CE Italy/ pol leads,inactive,,,,11,Dzienny,0,0,0,W toku,Kliknięcia z 7 dni lub wyświetlenia z 1 dnia
2026-05-02,2026-05-02,Poltrakt PL CE Pol Leads,inactive,,,,7,Dzienny,0,0,0,W toku,Kliknięcia z 7 dni lub wyświetlenia z 1 dnia
2026-05-01,2026-05-01,Leads Agency PL,inactive,,,,10,Dzienny,0,0,0,W toku,Kliknięcia z 7 dni lub wyświetlenia z 1 dnia
2026-05-01,2026-05-01,Pracownik Magazynowy PL/ RU/ ENG Leads,inactive,,,,15,Dzienny,0,0,0,W toku,Kliknięcia z 7 dni lub wyświetlenia z 1 dnia
2026-05-01,2026-05-01,Leads RU Mrozek 100 eur,inactive,,,,10,Dzienny,0,0,0,W toku,Kliknięcia z 7 dni lub wyświetlenia z 1 dnia
2026-05-01,2026-05-01,Leads PL Dyspozytor Poltrakt,inactive,,,,10,Dzienny,0,0,0,W toku,Kliknięcia z 7 dni lub wyświetlenia z 1 dnia
2026-05-01,2026-05-01,Leads PL Dyspozytor Poltrakt,inactive,,,,10,Dzienny,0,0,0,W toku,Kliknięcia z 7 dni lub wyświetlenia z 1 dnia
2026-05-01,2026-05-01,PL Agency Ads,inactive,,,,10,Dzienny,0,0,0,W toku,Kliknięcia z 7 dni lub wyświetlenia z 1 dnia
2026-05-01,2026-05-01,RU Leads Poltrakt CE PL S/F Start 20.06.2026,inactive,,,,30,Dzienny,0,0,0,W toku,Kliknięcia z 7 dni lub wyświetlenia z 1 dnia
2026-05-01,2026-05-01,Leads RU Mrozek 100 eur,inactive,,,,10,Dzienny,0,0,0,W toku,Kliknięcia z 7 dni lub wyświetlenia z 1 dnia
2026-05-01,2026-05-01,Leads ENG Poltrakt Week/Cadence Poland,inactive,,,,20,Dzienny,0,0,0,W toku,Kliknięcia z 7 dni lub wyświetlenia z 1 dnia
2026-05-01,2026-05-01,PL Agency Ads Start 14.05.2026,inactive,,,,10,Dzienny,0,0,0,W toku,Kliknięcia z 7 dni lub wyświetlenia z 1 dnia
2026-05-01,2026-05-01,Poltrakt PL Magazynier,inactive,,,,5,Dzienny,0,0,0,W toku,Kliknięcia z 7 dni lub wyświetlenia z 1 dnia
2026-05-01,2026-05-01,Poltrakt Drivers CE Week/Full,inactive,,,,Użycie budżetu zestawu reklam,0,0,0,0,W toku,Kliknięcia z 7 dni lub wyświetlenia z 1 dnia
2026-05-01,2026-05-01,Poltrakt PL CE Italy/ pol leads,inactive,,,,11,Dzienny,0,0,0,W toku,Kliknięcia z 7 dni lub wyświetlenia z 1 dnia
2026-05-01,2026-05-01,Poltrakt PL CE Pol Leads,inactive,,,,7,Dzienny,0,0,0,W toku,Kliknięcia z 7 dni lub wyświetlenia z 1 dnia
2026-04-30,2026-04-30,Leads Agency PL,inactive,,,,10,Dzienny,0,0,0,W toku,Kliknięcia z 7 dni lub wyświetlenia z 1 dnia
2026-04-30,2026-04-30,Pracownik Magazynowy PL/ RU/ ENG Leads,inactive,,,,15,Dzienny,0,0,0,W toku,Kliknięcia z 7 dni lub wyświetlenia z 1 dnia
2026-04-30,2026-04-30,Leads RU Mrozek 100 eur,inactive,,,,10,Dzienny,0,0,0,W toku,Kliknięcia z 7 dni lub wyświetlenia z 1 dnia
2026-04-30,2026-04-30,Leads PL Dyspozytor Poltrakt,inactive,,,,10,Dzienny,0,0,0,W toku,Kliknięcia z 7 dni lub wyświetlenia z 1 dnia
2026-04-30,2026-04-30,Leads PL Dyspozytor Poltrakt,inactive,,,,10,Dzienny,0,0,0,W toku,Kliknięcia z 7 dni lub wyświetlenia z 1 dnia
2026-04-30,2026-04-30,PL Agency Ads,inactive,,,,10,Dzienny,0,0,0,W toku,Kliknięcia z 7 dni lub wyświetlenia z 1 dnia
2026-04-30,2026-04-30,RU Leads Poltrakt CE PL S/F Start 20.06.2026,inactive,,,,30,Dzienny,0,0,0,W toku,Kliknięcia z 7 dni lub wyświetlenia z 1 dnia
2026-04-30,2026-04-30,Leads RU Mrozek 100 eur,inactive,,,,10,Dzienny,0,0,0,W toku,Kliknięcia z 7 dni lub wyświetlenia z 1 dnia
2026-04-30,2026-04-30,Leads ENG Poltrakt Week/Cadence Poland,inactive,,,,20,Dzienny,0,0,0,W toku,Kliknięcia z 7 dni lub wyświetlenia z 1 dnia
2026-04-30,2026-04-30,PL Agency Ads Start 14.05.2026,inactive,,,,10,Dzienny,0,0,0,W toku,Kliknięcia z 7 dni lub wyświetlenia z 1 dnia
2026-04-30,2026-04-30,Poltrakt PL Magazynier,inactive,,,,5,Dzienny,0,0,0,W toku,Kliknięcia z 7 dni lub wyświetlenia z 1 dnia
2026-04-30,2026-04-30,Poltrakt Drivers CE Week/Full,inactive,,,,Użycie budżetu zestawu reklam,0,0,0,0,W toku,Kliknięcia z 7 dni lub wyświetlenia z 1 dnia
2026-04-30,2026-04-30,Poltrakt PL CE Italy/ pol leads,inactive,,,,11,Dzienny,0,0,0,W toku,Kliknięcia z 7 dni lub wyświetlenia z 1 dnia
2026-04-30,2026-04-30,Poltrakt PL CE Pol Leads,inactive,,,,7,Dzienny,0,0,0,W toku,Kliknięcia z 7 dni lub wyświetlenia z 1 dnia
2026-04-29,2026-04-29,Leads Agency PL,inactive,,,,10,Dzienny,0,0,0,W toku,Kliknięcia z 7 dni lub wyświetlenia z 1 dnia
2026-04-29,2026-04-29,Pracownik Magazynowy PL/ RU/ ENG Leads,inactive,,,,15,Dzienny,0,0,0,W toku,Kliknięcia z 7 dni lub wyświetlenia z 1 dnia
2026-04-29,2026-04-29,Leads RU Mrozek 100 eur,inactive,,,,10,Dzienny,0,0,0,W toku,Kliknięcia z 7 dni lub wyświetlenia z 1 dnia
2026-04-29,2026-04-29,Leads PL Dyspozytor Poltrakt,inactive,,,,10,Dzienny,0,0,0,W toku,Kliknięcia z 7 dni lub wyświetlenia z 1 dnia
2026-04-29,2026-04-29,Leads PL Dyspozytor Poltrakt,inactive,,,,10,Dzienny,0,0,0,W toku,Kliknięcia z 7 dni lub wyświetlenia z 1 dnia
2026-04-29,2026-04-29,PL Agency Ads,inactive,,,,10,Dzienny,0,0,0,W toku,Kliknięcia z 7 dni lub wyświetlenia z 1 dnia
2026-04-29,2026-04-29,RU Leads Poltrakt CE PL S/F Start 20.06.2026,inactive,,,,30,Dzienny,0,0,0,W toku,Kliknięcia z 7 dni lub wyświetlenia z 1 dnia
2026-04-29,2026-04-29,Leads RU Mrozek 100 eur,inactive,,,,10,Dzienny,0,0,0,W toku,Kliknięcia z 7 dni lub wyświetlenia z 1 dnia
2026-04-29,2026-04-29,Leads ENG Poltrakt Week/Cadence Poland,inactive,,,,20,Dzienny,0,0,0,W toku,Kliknięcia z 7 dni lub wyświetlenia z 1 dnia
2026-04-29,2026-04-29,PL Agency Ads Start 14.05.2026,inactive,,,,10,Dzienny,0,0,0,W toku,Kliknięcia z 7 dni lub wyświetlenia z 1 dnia
2026-04-29,2026-04-29,Poltrakt PL Magazynier,inactive,,,,5,Dzienny,0,0,0,W toku,Kliknięcia z 7 dni lub wyświetlenia z 1 dnia
2026-04-29,2026-04-29,Poltrakt Drivers CE Week/Full,inactive,,,,Użycie budżetu zestawu reklam,0,0,0,0,W toku,Kliknięcia z 7 dni lub wyświetlenia z 1 dnia
2026-04-29,2026-04-29,Poltrakt PL CE Italy/ pol leads,inactive,,,,11,Dzienny,0,0,0,W toku,Kliknięcia z 7 dni lub wyświetlenia z 1 dnia
2026-04-29,2026-04-29,Poltrakt PL CE Pol Leads,inactive,,,,7,Dzienny,0,0,0,W toku,Kliknięcia z 7 dni lub wyświetlenia z 1 dnia
2026-04-28,2026-04-28,Leads Agency PL,inactive,,,,10,Dzienny,0,0,0,W toku,Kliknięcia z 7 dni lub wyświetlenia z 1 dnia
2026-04-28,2026-04-28,Pracownik Magazynowy PL/ RU/ ENG Leads,inactive,,,,15,Dzienny,0,0,0,W toku,Kliknięcia z 7 dni lub wyświetlenia z 1 dnia
2026-04-28,2026-04-28,Leads RU Mrozek 100 eur,inactive,,,,10,Dzienny,0,0,0,W toku,Kliknięcia z 7 dni lub wyświetlenia z 1 dnia
2026-04-28,2026-04-28,Leads PL Dyspozytor Poltrakt,inactive,,,,10,Dzienny,0,0,0,W toku,Kliknięcia z 7 dni lub wyświetlenia z 1 dnia
2026-04-28,2026-04-28,Leads PL Dyspozytor Poltrakt,inactive,,,,10,Dzienny,0,0,0,W toku,Kliknięcia z 7 dni lub wyświetlenia z 1 dnia
2026-04-28,2026-04-28,PL Agency Ads,inactive,,,,10,Dzienny,0,0,0,W toku,Kliknięcia z 7 dni lub wyświetlenia z 1 dnia
2026-04-28,2026-04-28,RU Leads Poltrakt CE PL S/F Start 20.06.2026,inactive,,,,30,Dzienny,0,0,0,W toku,Kliknięcia z 7 dni lub wyświetlenia z 1 dnia
2026-04-28,2026-04-28,Leads RU Mrozek 100 eur,inactive,,,,10,Dzienny,0,0,0,W toku,Kliknięcia z 7 dni lub wyświetlenia z 1 dnia
2026-04-28,2026-04-28,Leads ENG Poltrakt Week/Cadence Poland,inactive,,,,20,Dzienny,0,0,0,W toku,Kliknięcia z 7 dni lub wyświetlenia z 1 dnia
2026-04-28,2026-04-28,PL Agency Ads Start 14.05.2026,inactive,,,,10,Dzienny,0,0,0,W toku,Kliknięcia z 7 dni lub wyświetlenia z 1 dnia
2026-04-28,2026-04-28,Poltrakt PL Magazynier,inactive,,,,5,Dzienny,0,0,0,W toku,Kliknięcia z 7 dni lub wyświetlenia z 1 dnia
2026-04-28,2026-04-28,Poltrakt Drivers CE Week/Full,inactive,,,,Użycie budżetu zestawu reklam,0,0,0,0,W toku,Kliknięcia z 7 dni lub wyświetlenia z 1 dnia
2026-04-28,2026-04-28,Poltrakt PL CE Italy/ pol leads,inactive,,,,11,Dzienny,0,0,0,W toku,Kliknięcia z 7 dni lub wyświetlenia z 1 dnia
2026-04-28,2026-04-28,Poltrakt PL CE Pol Leads,inactive,,,,7,Dzienny,0,0,0,W toku,Kliknięcia z 7 dni lub wyświetlenia z 1 dnia
2026-04-27,2026-04-27,Leads Agency PL,inactive,,,,10,Dzienny,0,0,0,W toku,Kliknięcia z 7 dni lub wyświetlenia z 1 dnia
2026-04-27,2026-04-27,Pracownik Magazynowy PL/ RU/ ENG Leads,inactive,,,,15,Dzienny,0,0,0,W toku,Kliknięcia z 7 dni lub wyświetlenia z 1 dnia
2026-04-27,2026-04-27,Leads RU Mrozek 100 eur,inactive,,,,10,Dzienny,0,0,0,W toku,Kliknięcia z 7 dni lub wyświetlenia z 1 dnia
2026-04-27,2026-04-27,Leads PL Dyspozytor Poltrakt,inactive,,,,10,Dzienny,0,0,0,W toku,Kliknięcia z 7 dni lub wyświetlenia z 1 dnia
2026-04-27,2026-04-27,Leads PL Dyspozytor Poltrakt,inactive,,,,10,Dzienny,0,0,0,W toku,Kliknięcia z 7 dni lub wyświetlenia z 1 dnia
2026-04-27,2026-04-27,PL Agency Ads,inactive,,,,10,Dzienny,0,0,0,W toku,Kliknięcia z 7 dni lub wyświetlenia z 1 dnia
2026-04-27,2026-04-27,RU Leads Poltrakt CE PL S/F Start 20.06.2026,inactive,,,,30,Dzienny,0,0,0,W toku,Kliknięcia z 7 dni lub wyświetlenia z 1 dnia
2026-04-27,2026-04-27,Leads RU Mrozek 100 eur,inactive,,,,10,Dzienny,0,0,0,W toku,Kliknięcia z 7 dni lub wyświetlenia z 1 dnia
2026-04-27,2026-04-27,Leads ENG Poltrakt Week/Cadence Poland,inactive,,,,20,Dzienny,0,0,0,W toku,Kliknięcia z 7 dni lub wyświetlenia z 1 dnia
2026-04-27,2026-04-27,PL Agency Ads Start 14.05.2026,inactive,,,,10,Dzienny,0,0,0,W toku,Kliknięcia z 7 dni lub wyświetlenia z 1 dnia
2026-04-27,2026-04-27,Poltrakt PL Magazynier,inactive,,,,5,Dzienny,0,0,0,W toku,Kliknięcia z 7 dni lub wyświetlenia z 1 dnia
2026-04-27,2026-04-27,Poltrakt Drivers CE Week/Full,inactive,,,,Użycie budżetu zestawu reklam,0,0,0,0,W toku,Kliknięcia z 7 dni lub wyświetlenia z 1 dnia
2026-04-27,2026-04-27,Poltrakt PL CE Italy/ pol leads,inactive,,,,11,Dzienny,0,0,0,W toku,Kliknięcia z 7 dni lub wyświetlenia z 1 dnia
2026-04-27,2026-04-27,Poltrakt PL CE Pol Leads,inactive,,,,7,Dzienny,0,0,0,W toku,Kliknięcia z 7 dni lub wyświetlenia z 1 dnia
2026-04-26,2026-04-26,Leads Agency PL,inactive,,,,10,Dzienny,0,0,0,W toku,Kliknięcia z 7 dni lub wyświetlenia z 1 dnia
2026-04-26,2026-04-26,Pracownik Magazynowy PL/ RU/ ENG Leads,inactive,,,,15,Dzienny,0,0,0,W toku,Kliknięcia z 7 dni lub wyświetlenia z 1 dnia
2026-04-26,2026-04-26,Leads RU Mrozek 100 eur,inactive,,,,10,Dzienny,0,0,0,W toku,Kliknięcia z 7 dni lub wyświetlenia z 1 dnia
2026-04-26,2026-04-26,Leads PL Dyspozytor Poltrakt,inactive,,,,10,Dzienny,0,0,0,W toku,Kliknięcia z 7 dni lub wyświetlenia z 1 dnia
2026-04-26,2026-04-26,Leads PL Dyspozytor Poltrakt,inactive,,,,10,Dzienny,0,0,0,W toku,Kliknięcia z 7 dni lub wyświetlenia z 1 dnia
2026-04-26,2026-04-26,PL Agency Ads,inactive,,,,10,Dzienny,0,0,0,W toku,Kliknięcia z 7 dni lub wyświetlenia z 1 dnia
2026-04-26,2026-04-26,RU Leads Poltrakt CE PL S/F Start 20.06.2026,inactive,,,,30,Dzienny,0,0,0,W toku,Kliknięcia z 7 dni lub wyświetlenia z 1 dnia
2026-04-26,2026-04-26,Leads RU Mrozek 100 eur,inactive,,,,10,Dzienny,0,0,0,W toku,Kliknięcia z 7 dni lub wyświetlenia z 1 dnia
2026-04-26,2026-04-26,Leads ENG Poltrakt Week/Cadence Poland,inactive,,,,20,Dzienny,0,0,0,W toku,Kliknięcia z 7 dni lub wyświetlenia z 1 dnia
2026-04-26,2026-04-26,PL Agency Ads Start 14.05.2026,inactive,,,,10,Dzienny,0,0,0,W toku,Kliknięcia z 7 dni lub wyświetlenia z 1 dnia
2026-04-26,2026-04-26,Poltrakt PL Magazynier,inactive,,,,5,Dzienny,0,0,0,W toku,Kliknięcia z 7 dni lub wyświetlenia z 1 dnia
2026-04-26,2026-04-26,Poltrakt Drivers CE Week/Full,inactive,,,,Użycie budżetu zestawu reklam,0,0,0,0,W toku,Kliknięcia z 7 dni lub wyświetlenia z 1 dnia
2026-04-26,2026-04-26,Poltrakt PL CE Italy/ pol leads,inactive,,,,11,Dzienny,0,0,0,W toku,Kliknięcia z 7 dni lub wyświetlenia z 1 dnia
2026-04-26,2026-04-26,Poltrakt PL CE Pol Leads,inactive,,,,7,Dzienny,0,0,0,W toku,Kliknięcia z 7 dni lub wyświetlenia z 1 dnia
2026-04-25,2026-04-25,Leads Agency PL,inactive,,,,10,Dzienny,0,0,0,W toku,Kliknięcia z 7 dni lub wyświetlenia z 1 dnia
2026-04-25,2026-04-25,Pracownik Magazynowy PL/ RU/ ENG Leads,inactive,,,,15,Dzienny,0,0,0,W toku,Kliknięcia z 7 dni lub wyświetlenia z 1 dnia
2026-04-25,2026-04-25,Leads RU Mrozek 100 eur,inactive,,,,10,Dzienny,0,0,0,W toku,Kliknięcia z 7 dni lub wyświetlenia z 1 dnia
2026-04-25,2026-04-25,Leads PL Dyspozytor Poltrakt,inactive,,,,10,Dzienny,0,0,0,W toku,Kliknięcia z 7 dni lub wyświetlenia z 1 dnia
2026-04-25,2026-04-25,Leads PL Dyspozytor Poltrakt,inactive,,,,10,Dzienny,0,0,0,W toku,Kliknięcia z 7 dni lub wyświetlenia z 1 dnia
2026-04-25,2026-04-25,PL Agency Ads,inactive,,,,10,Dzienny,0,0,0,W toku,Kliknięcia z 7 dni lub wyświetlenia z 1 dnia
2026-04-25,2026-04-25,RU Leads Poltrakt CE PL S/F Start 20.06.2026,inactive,,,,30,Dzienny,0,0,0,W toku,Kliknięcia z 7 dni lub wyświetlenia z 1 dnia
2026-04-25,2026-04-25,Leads RU Mrozek 100 eur,inactive,,,,10,Dzienny,0,0,0,W toku,Kliknięcia z 7 dni lub wyświetlenia z 1 dnia
2026-04-25,2026-04-25,Leads ENG Poltrakt Week/Cadence Poland,inactive,,,,20,Dzienny,0,0,0,W toku,Kliknięcia z 7 dni lub wyświetlenia z 1 dnia
2026-04-25,2026-04-25,PL Agency Ads Start 14.05.2026,inactive,,,,10,Dzienny,0,0,0,W toku,Kliknięcia z 7 dni lub wyświetlenia z 1 dnia
2026-04-25,2026-04-25,Poltrakt PL Magazynier,inactive,,,,5,Dzienny,0,0,0,W toku,Kliknięcia z 7 dni lub wyświetlenia z 1 dnia
2026-04-25,2026-04-25,Poltrakt Drivers CE Week/Full,inactive,,,,Użycie budżetu zestawu reklam,0,0,0,0,W toku,Kliknięcia z 7 dni lub wyświetlenia z 1 dnia
2026-04-25,2026-04-25,Poltrakt PL CE Italy/ pol leads,inactive,,,,11,Dzienny,0,0,0,W toku,Kliknięcia z 7 dni lub wyświetlenia z 1 dnia
2026-04-25,2026-04-25,Poltrakt PL CE Pol Leads,inactive,,,,7,Dzienny,0,0,0,W toku,Kliknięcia z 7 dni lub wyświetlenia z 1 dnia
2026-04-24,2026-04-24,Leads Agency PL,inactive,,,,10,Dzienny,0,0,0,W toku,Kliknięcia z 7 dni lub wyświetlenia z 1 dnia
2026-04-24,2026-04-24,Pracownik Magazynowy PL/ RU/ ENG Leads,inactive,,,,15,Dzienny,0,0,0,W toku,Kliknięcia z 7 dni lub wyświetlenia z 1 dnia
2026-04-24,2026-04-24,Leads RU Mrozek 100 eur,inactive,,,,10,Dzienny,0,0,0,W toku,Kliknięcia z 7 dni lub wyświetlenia z 1 dnia
2026-04-24,2026-04-24,Leads PL Dyspozytor Poltrakt,inactive,,,,10,Dzienny,0,0,0,W toku,Kliknięcia z 7 dni lub wyświetlenia z 1 dnia
2026-04-24,2026-04-24,Leads PL Dyspozytor Poltrakt,inactive,,,,10,Dzienny,0,0,0,W toku,Kliknięcia z 7 dni lub wyświetlenia z 1 dnia
2026-04-24,2026-04-24,PL Agency Ads,inactive,,,,10,Dzienny,0,0,0,W toku,Kliknięcia z 7 dni lub wyświetlenia z 1 dnia
2026-04-24,2026-04-24,RU Leads Poltrakt CE PL S/F Start 20.06.2026,inactive,,,,30,Dzienny,0,0,0,W toku,Kliknięcia z 7 dni lub wyświetlenia z 1 dnia
2026-04-24,2026-04-24,Leads RU Mrozek 100 eur,inactive,,,,10,Dzienny,0,0,0,W toku,Kliknięcia z 7 dni lub wyświetlenia z 1 dnia
2026-04-24,2026-04-24,Leads ENG Poltrakt Week/Cadence Poland,inactive,,,,20,Dzienny,0,0,0,W toku,Kliknięcia z 7 dni lub wyświetlenia z 1 dnia
2026-04-24,2026-04-24,PL Agency Ads Start 14.05.2026,inactive,,,,10,Dzienny,0,0,0,W toku,Kliknięcia z 7 dni lub wyświetlenia z 1 dnia
2026-04-24,2026-04-24,Poltrakt PL Magazynier,inactive,,,,5,Dzienny,0,0,0,W toku,Kliknięcia z 7 dni lub wyświetlenia z 1 dnia
2026-04-24,2026-04-24,Poltrakt Drivers CE Week/Full,inactive,,,,Użycie budżetu zestawu reklam,0,0,0,0,W toku,Kliknięcia z 7 dni lub wyświetlenia z 1 dnia
2026-04-24,2026-04-24,Poltrakt PL CE Italy/ pol leads,inactive,,,,11,Dzienny,0,0,0,W toku,Kliknięcia z 7 dni lub wyświetlenia z 1 dnia
2026-04-24,2026-04-24,Poltrakt PL CE Pol Leads,inactive,,,,7,Dzienny,0,0,0,W toku,Kliknięcia z 7 dni lub wyświetlenia z 1 dnia
2026-04-23,2026-04-23,Leads Agency PL,inactive,,,,10,Dzienny,0,0,0,W toku,Kliknięcia z 7 dni lub wyświetlenia z 1 dnia
2026-04-23,2026-04-23,Pracownik Magazynowy PL/ RU/ ENG Leads,inactive,,,,15,Dzienny,0,0,0,W toku,Kliknięcia z 7 dni lub wyświetlenia z 1 dnia
2026-04-23,2026-04-23,Leads RU Mrozek 100 eur,inactive,,,,10,Dzienny,0,0,0,W toku,Kliknięcia z 7 dni lub wyświetlenia z 1 dnia
2026-04-23,2026-04-23,Leads PL Dyspozytor Poltrakt,inactive,,,,10,Dzienny,0,0,0,W toku,Kliknięcia z 7 dni lub wyświetlenia z 1 dnia
2026-04-23,2026-04-23,Leads PL Dyspozytor Poltrakt,inactive,,,,10,Dzienny,0,0,0,W toku,Kliknięcia z 7 dni lub wyświetlenia z 1 dnia
2026-04-23,2026-04-23,PL Agency Ads,inactive,,,,10,Dzienny,0,0,0,W toku,Kliknięcia z 7 dni lub wyświetlenia z 1 dnia
2026-04-23,2026-04-23,RU Leads Poltrakt CE PL S/F Start 20.06.2026,inactive,,,,30,Dzienny,0,0,0,W toku,Kliknięcia z 7 dni lub wyświetlenia z 1 dnia
2026-04-23,2026-04-23,Leads RU Mrozek 100 eur,inactive,,,,10,Dzienny,0,0,0,W toku,Kliknięcia z 7 dni lub wyświetlenia z 1 dnia
2026-04-23,2026-04-23,Leads ENG Poltrakt Week/Cadence Poland,inactive,,,,20,Dzienny,0,0,0,W toku,Kliknięcia z 7 dni lub wyświetlenia z 1 dnia
2026-04-23,2026-04-23,PL Agency Ads Start 14.05.2026,inactive,,,,10,Dzienny,0,0,0,W toku,Kliknięcia z 7 dni lub wyświetlenia z 1 dnia
2026-04-23,2026-04-23,Poltrakt PL Magazynier,inactive,,,,5,Dzienny,0,0,0,W toku,Kliknięcia z 7 dni lub wyświetlenia z 1 dnia
2026-04-23,2026-04-23,Poltrakt Drivers CE Week/Full,inactive,,,,Użycie budżetu zestawu reklam,0,0,0,0,W toku,Kliknięcia z 7 dni lub wyświetlenia z 1 dnia
2026-04-23,2026-04-23,Poltrakt PL CE Italy/ pol leads,inactive,,,,11,Dzienny,0,0,0,W toku,Kliknięcia z 7 dni lub wyświetlenia z 1 dnia
2026-04-23,2026-04-23,Poltrakt PL CE Pol Leads,inactive,,,,7,Dzienny,0,0,0,W toku,Kliknięcia z 7 dni lub wyświetlenia z 1 dnia
2026-04-22,2026-04-22,Leads Agency PL,inactive,,,,10,Dzienny,0,0,0,W toku,Kliknięcia z 7 dni lub wyświetlenia z 1 dnia
2026-04-22,2026-04-22,Pracownik Magazynowy PL/ RU/ ENG Leads,inactive,,,,15,Dzienny,0,0,0,W toku,Kliknięcia z 7 dni lub wyświetlenia z 1 dnia
2026-04-22,2026-04-22,Leads RU Mrozek 100 eur,inactive,,,,10,Dzienny,0,0,0,W toku,Kliknięcia z 7 dni lub wyświetlenia z 1 dnia
2026-04-22,2026-04-22,Leads PL Dyspozytor Poltrakt,inactive,,,,10,Dzienny,0,0,0,W toku,Kliknięcia z 7 dni lub wyświetlenia z 1 dnia
2026-04-22,2026-04-22,Leads PL Dyspozytor Poltrakt,inactive,,,,10,Dzienny,0,0,0,W toku,Kliknięcia z 7 dni lub wyświetlenia z 1 dnia
2026-04-22,2026-04-22,PL Agency Ads,inactive,,,,10,Dzienny,0,0,0,W toku,Kliknięcia z 7 dni lub wyświetlenia z 1 dnia
2026-04-22,2026-04-22,RU Leads Poltrakt CE PL S/F Start 20.06.2026,inactive,,,,30,Dzienny,0,0,0,W toku,Kliknięcia z 7 dni lub wyświetlenia z 1 dnia
2026-04-22,2026-04-22,Leads RU Mrozek 100 eur,inactive,,,,10,Dzienny,0,0,0,W toku,Kliknięcia z 7 dni lub wyświetlenia z 1 dnia
2026-04-22,2026-04-22,Leads ENG Poltrakt Week/Cadence Poland,inactive,,,,20,Dzienny,0,0,0,W toku,Kliknięcia z 7 dni lub wyświetlenia z 1 dnia
2026-04-22,2026-04-22,PL Agency Ads Start 14.05.2026,inactive,,,,10,Dzienny,0,0,0,W toku,Kliknięcia z 7 dni lub wyświetlenia z 1 dnia
2026-04-22,2026-04-22,Poltrakt PL Magazynier,inactive,,,,5,Dzienny,0,0,0,W toku,Kliknięcia z 7 dni lub wyświetlenia z 1 dnia
2026-04-22,2026-04-22,Poltrakt Drivers CE Week/Full,inactive,,,,Użycie budżetu zestawu reklam,0,0,0,0,W toku,Kliknięcia z 7 dni lub wyświetlenia z 1 dnia
2026-04-22,2026-04-22,Poltrakt PL CE Italy/ pol leads,inactive,,,,11,Dzienny,0,0,0,W toku,Kliknięcia z 7 dni lub wyświetlenia z 1 dnia
2026-04-22,2026-04-22,Poltrakt PL CE Pol Leads,inactive,,,,7,Dzienny,0,0,0,W toku,Kliknięcia z 7 dni lub wyświetlenia z 1 dnia
2026-04-21,2026-04-21,Leads Agency PL,inactive,,,,10,Dzienny,0,0,0,W toku,Kliknięcia z 7 dni lub wyświetlenia z 1 dnia
2026-04-21,2026-04-21,Pracownik Magazynowy PL/ RU/ ENG Leads,inactive,,,,15,Dzienny,0,0,0,W toku,Kliknięcia z 7 dni lub wyświetlenia z 1 dnia
2026-04-21,2026-04-21,Leads RU Mrozek 100 eur,inactive,,,,10,Dzienny,0,0,0,W toku,Kliknięcia z 7 dni lub wyświetlenia z 1 dnia
2026-04-21,2026-04-21,Leads PL Dyspozytor Poltrakt,inactive,,,,10,Dzienny,0,0,0,W toku,Kliknięcia z 7 dni lub wyświetlenia z 1 dnia
2026-04-21,2026-04-21,Leads PL Dyspozytor Poltrakt,inactive,,,,10,Dzienny,0,0,0,W toku,Kliknięcia z 7 dni lub wyświetlenia z 1 dnia
2026-04-21,2026-04-21,PL Agency Ads,inactive,,,,10,Dzienny,0,0,0,W toku,Kliknięcia z 7 dni lub wyświetlenia z 1 dnia
2026-04-21,2026-04-21,RU Leads Poltrakt CE PL S/F Start 20.06.2026,inactive,,,,30,Dzienny,0,0,0,W toku,Kliknięcia z 7 dni lub wyświetlenia z 1 dnia
2026-04-21,2026-04-21,Leads RU Mrozek 100 eur,inactive,,,,10,Dzienny,0,0,0,W toku,Kliknięcia z 7 dni lub wyświetlenia z 1 dnia
2026-04-21,2026-04-21,Leads ENG Poltrakt Week/Cadence Poland,inactive,,,,20,Dzienny,0,0,0,W toku,Kliknięcia z 7 dni lub wyświetlenia z 1 dnia
2026-04-21,2026-04-21,PL Agency Ads Start 14.05.2026,inactive,,,,10,Dzienny,0,0,0,W toku,Kliknięcia z 7 dni lub wyświetlenia z 1 dnia
2026-04-21,2026-04-21,Poltrakt PL Magazynier,inactive,,,,5,Dzienny,0,0,0,W toku,Kliknięcia z 7 dni lub wyświetlenia z 1 dnia
2026-04-21,2026-04-21,Poltrakt Drivers CE Week/Full,inactive,,,,Użycie budżetu zestawu reklam,0,0,0,0,W toku,Kliknięcia z 7 dni lub wyświetlenia z 1 dnia
2026-04-21,2026-04-21,Poltrakt PL CE Italy/ pol leads,inactive,,,,11,Dzienny,0,0,0,W toku,Kliknięcia z 7 dni lub wyświetlenia z 1 dnia
2026-04-21,2026-04-21,Poltrakt PL CE Pol Leads,inactive,,,,7,Dzienny,0,0,0,W toku,Kliknięcia z 7 dni lub wyświetlenia z 1 dnia
2026-04-20,2026-04-20,Leads Agency PL,inactive,,,,10,Dzienny,0,0,0,W toku,Kliknięcia z 7 dni lub wyświetlenia z 1 dnia
2026-04-20,2026-04-20,Pracownik Magazynowy PL/ RU/ ENG Leads,inactive,,,,15,Dzienny,0,0,0,W toku,Kliknięcia z 7 dni lub wyświetlenia z 1 dnia
2026-04-20,2026-04-20,Leads RU Mrozek 100 eur,inactive,,,,10,Dzienny,0,0,0,W toku,Kliknięcia z 7 dni lub wyświetlenia z 1 dnia
2026-04-20,2026-04-20,Leads PL Dyspozytor Poltrakt,inactive,,,,10,Dzienny,0,0,0,W toku,Kliknięcia z 7 dni lub wyświetlenia z 1 dnia
2026-04-20,2026-04-20,Leads PL Dyspozytor Poltrakt,inactive,,,,10,Dzienny,0,0,0,W toku,Kliknięcia z 7 dni lub wyświetlenia z 1 dnia
2026-04-20,2026-04-20,PL Agency Ads,inactive,,,,10,Dzienny,0,0,0,W toku,Kliknięcia z 7 dni lub wyświetlenia z 1 dnia
2026-04-20,2026-04-20,RU Leads Poltrakt CE PL S/F Start 20.06.2026,inactive,,,,30,Dzienny,0,0,0,W toku,Kliknięcia z 7 dni lub wyświetlenia z 1 dnia
2026-04-20,2026-04-20,Leads RU Mrozek 100 eur,inactive,,,,10,Dzienny,0,0,0,W toku,Kliknięcia z 7 dni lub wyświetlenia z 1 dnia
2026-04-20,2026-04-20,Leads ENG Poltrakt Week/Cadence Poland,inactive,,,,20,Dzienny,0,0,0,W toku,Kliknięcia z 7 dni lub wyświetlenia z 1 dnia
2026-04-20,2026-04-20,PL Agency Ads Start 14.05.2026,inactive,,,,10,Dzienny,0,0,0,W toku,Kliknięcia z 7 dni lub wyświetlenia z 1 dnia
2026-04-20,2026-04-20,Poltrakt PL Magazynier,inactive,,,,5,Dzienny,0,0,0,W toku,Kliknięcia z 7 dni lub wyświetlenia z 1 dnia
2026-04-20,2026-04-20,Poltrakt Drivers CE Week/Full,inactive,,,,Użycie budżetu zestawu reklam,0,0,0,0,W toku,Kliknięcia z 7 dni lub wyświetlenia z 1 dnia
2026-04-20,2026-04-20,Poltrakt PL CE Italy/ pol leads,inactive,,,,11,Dzienny,0,0,0,W toku,Kliknięcia z 7 dni lub wyświetlenia z 1 dnia
2026-04-20,2026-04-20,Poltrakt PL CE Pol Leads,inactive,,,,7,Dzienny,0,0,0,W toku,Kliknięcia z 7 dni lub wyświetlenia z 1 dnia
2026-04-19,2026-04-19,Leads Agency PL,inactive,,,,10,Dzienny,0,0,0,W toku,Kliknięcia z 7 dni lub wyświetlenia z 1 dnia
2026-04-19,2026-04-19,Pracownik Magazynowy PL/ RU/ ENG Leads,inactive,,,,15,Dzienny,0,0,0,W toku,Kliknięcia z 7 dni lub wyświetlenia z 1 dnia
2026-04-19,2026-04-19,Leads RU Mrozek 100 eur,inactive,,,,10,Dzienny,0,0,0,W toku,Kliknięcia z 7 dni lub wyświetlenia z 1 dnia
2026-04-19,2026-04-19,Leads PL Dyspozytor Poltrakt,inactive,,,,10,Dzienny,0,0,0,W toku,Kliknięcia z 7 dni lub wyświetlenia z 1 dnia
2026-04-19,2026-04-19,Leads PL Dyspozytor Poltrakt,inactive,,,,10,Dzienny,0,0,0,W toku,Kliknięcia z 7 dni lub wyświetlenia z 1 dnia
2026-04-19,2026-04-19,PL Agency Ads,inactive,,,,10,Dzienny,0,0,0,W toku,Kliknięcia z 7 dni lub wyświetlenia z 1 dnia
2026-04-19,2026-04-19,RU Leads Poltrakt CE PL S/F Start 20.06.2026,inactive,,,,30,Dzienny,0,0,0,W toku,Kliknięcia z 7 dni lub wyświetlenia z 1 dnia
2026-04-19,2026-04-19,Leads RU Mrozek 100 eur,inactive,,,,10,Dzienny,0,0,0,W toku,Kliknięcia z 7 dni lub wyświetlenia z 1 dnia
2026-04-19,2026-04-19,Leads ENG Poltrakt Week/Cadence Poland,inactive,,,,20,Dzienny,0,0,0,W toku,Kliknięcia z 7 dni lub wyświetlenia z 1 dnia
2026-04-19,2026-04-19,PL Agency Ads Start 14.05.2026,inactive,,,,10,Dzienny,0,0,0,W toku,Kliknięcia z 7 dni lub wyświetlenia z 1 dnia
2026-04-19,2026-04-19,Poltrakt PL Magazynier,inactive,,,,5,Dzienny,0,0,0,W toku,Kliknięcia z 7 dni lub wyświetlenia z 1 dnia
2026-04-19,2026-04-19,Poltrakt Drivers CE Week/Full,inactive,,,,Użycie budżetu zestawu reklam,0,0,0,0,W toku,Kliknięcia z 7 dni lub wyświetlenia z 1 dnia
2026-04-19,2026-04-19,Poltrakt PL CE Italy/ pol leads,inactive,,,,11,Dzienny,0,0,0,W toku,Kliknięcia z 7 dni lub wyświetlenia z 1 dnia
2026-04-19,2026-04-19,Poltrakt PL CE Pol Leads,inactive,,,,7,Dzienny,0,0,0,W toku,Kliknięcia z 7 dni lub wyświetlenia z 1 dnia
2026-04-18,2026-04-18,Leads Agency PL,inactive,,,,10,Dzienny,0,0,0,W toku,Kliknięcia z 7 dni lub wyświetlenia z 1 dnia
2026-04-18,2026-04-18,Pracownik Magazynowy PL/ RU/ ENG Leads,inactive,,,,15,Dzienny,0,0,0,W toku,Kliknięcia z 7 dni lub wyświetlenia z 1 dnia
2026-04-18,2026-04-18,Leads RU Mrozek 100 eur,inactive,,,,10,Dzienny,0,0,0,W toku,Kliknięcia z 7 dni lub wyświetlenia z 1 dnia
2026-04-18,2026-04-18,Leads PL Dyspozytor Poltrakt,inactive,,,,10,Dzienny,0,0,0,W toku,Kliknięcia z 7 dni lub wyświetlenia z 1 dnia
2026-04-18,2026-04-18,Leads PL Dyspozytor Poltrakt,inactive,,,,10,Dzienny,0,0,0,W toku,Kliknięcia z 7 dni lub wyświetlenia z 1 dnia
2026-04-18,2026-04-18,PL Agency Ads,inactive,,,,10,Dzienny,0,0,0,W toku,Kliknięcia z 7 dni lub wyświetlenia z 1 dnia
2026-04-18,2026-04-18,RU Leads Poltrakt CE PL S/F Start 20.06.2026,inactive,,,,30,Dzienny,0,0,0,W toku,Kliknięcia z 7 dni lub wyświetlenia z 1 dnia
2026-04-18,2026-04-18,Leads RU Mrozek 100 eur,inactive,,,,10,Dzienny,0,0,0,W toku,Kliknięcia z 7 dni lub wyświetlenia z 1 dnia
2026-04-18,2026-04-18,Leads ENG Poltrakt Week/Cadence Poland,inactive,,,,20,Dzienny,0,0,0,W toku,Kliknięcia z 7 dni lub wyświetlenia z 1 dnia
2026-04-18,2026-04-18,PL Agency Ads Start 14.05.2026,inactive,,,,10,Dzienny,0,0,0,W toku,Kliknięcia z 7 dni lub wyświetlenia z 1 dnia
2026-04-18,2026-04-18,Poltrakt PL Magazynier,inactive,,,,5,Dzienny,0,0,0,W toku,Kliknięcia z 7 dni lub wyświetlenia z 1 dnia
2026-04-18,2026-04-18,Poltrakt Drivers CE Week/Full,inactive,,,,Użycie budżetu zestawu reklam,0,0,0,0,W toku,Kliknięcia z 7 dni lub wyświetlenia z 1 dnia
2026-04-18,2026-04-18,Poltrakt PL CE Italy/ pol leads,inactive,,,,11,Dzienny,0,0,0,W toku,Kliknięcia z 7 dni lub wyświetlenia z 1 dnia
2026-04-18,2026-04-18,Poltrakt PL CE Pol Leads,inactive,,,,7,Dzienny,0,0,0,W toku,Kliknięcia z 7 dni lub wyświetlenia z 1 dnia
2026-04-17,2026-04-17,Leads Agency PL,inactive,,,,10,Dzienny,0,0,0,W toku,Kliknięcia z 7 dni lub wyświetlenia z 1 dnia
2026-04-17,2026-04-17,Pracownik Magazynowy PL/ RU/ ENG Leads,inactive,,,,15,Dzienny,0,0,0,W toku,Kliknięcia z 7 dni lub wyświetlenia z 1 dnia
2026-04-17,2026-04-17,Leads RU Mrozek 100 eur,inactive,,,,10,Dzienny,0,0,0,W toku,Kliknięcia z 7 dni lub wyświetlenia z 1 dnia
2026-04-17,2026-04-17,Leads PL Dyspozytor Poltrakt,inactive,,,,10,Dzienny,0,0,0,W toku,Kliknięcia z 7 dni lub wyświetlenia z 1 dnia
2026-04-17,2026-04-17,Leads PL Dyspozytor Poltrakt,inactive,,,,10,Dzienny,0,0,0,W toku,Kliknięcia z 7 dni lub wyświetlenia z 1 dnia
2026-04-17,2026-04-17,PL Agency Ads,inactive,,,,10,Dzienny,0,0,0,W toku,Kliknięcia z 7 dni lub wyświetlenia z 1 dnia
2026-04-17,2026-04-17,RU Leads Poltrakt CE PL S/F Start 20.06.2026,inactive,,,,30,Dzienny,0,0,0,W toku,Kliknięcia z 7 dni lub wyświetlenia z 1 dnia
2026-04-17,2026-04-17,Leads RU Mrozek 100 eur,inactive,,,,10,Dzienny,0,0,0,W toku,Kliknięcia z 7 dni lub wyświetlenia z 1 dnia
2026-04-17,2026-04-17,Leads ENG Poltrakt Week/Cadence Poland,inactive,,,,20,Dzienny,0,0,0,W toku,Kliknięcia z 7 dni lub wyświetlenia z 1 dnia
2026-04-17,2026-04-17,PL Agency Ads Start 14.05.2026,inactive,,,,10,Dzienny,0,0,0,W toku,Kliknięcia z 7 dni lub wyświetlenia z 1 dnia
2026-04-17,2026-04-17,Poltrakt PL Magazynier,inactive,,,,5,Dzienny,0,0,0,W toku,Kliknięcia z 7 dni lub wyświetlenia z 1 dnia
2026-04-17,2026-04-17,Poltrakt Drivers CE Week/Full,inactive,,,,Użycie budżetu zestawu reklam,0,0,0,0,W toku,Kliknięcia z 7 dni lub wyświetlenia z 1 dnia
2026-04-17,2026-04-17,Poltrakt PL CE Italy/ pol leads,inactive,,,,11,Dzienny,0,0,0,W toku,Kliknięcia z 7 dni lub wyświetlenia z 1 dnia
2026-04-17,2026-04-17,Poltrakt PL CE Pol Leads,inactive,,,,7,Dzienny,0,0,0,W toku,Kliknięcia z 7 dni lub wyświetlenia z 1 dnia
2026-04-16,2026-04-16,Leads Agency PL,inactive,,,,10,Dzienny,0,0,0,W toku,Kliknięcia z 7 dni lub wyświetlenia z 1 dnia
2026-04-16,2026-04-16,Pracownik Magazynowy PL/ RU/ ENG Leads,inactive,,,,15,Dzienny,0,0,0,W toku,Kliknięcia z 7 dni lub wyświetlenia z 1 dnia
2026-04-16,2026-04-16,Leads RU Mrozek 100 eur,inactive,,,,10,Dzienny,0,0,0,W toku,Kliknięcia z 7 dni lub wyświetlenia z 1 dnia
2026-04-16,2026-04-16,Leads PL Dyspozytor Poltrakt,inactive,,,,10,Dzienny,0,0,0,W toku,Kliknięcia z 7 dni lub wyświetlenia z 1 dnia
2026-04-16,2026-04-16,Leads PL Dyspozytor Poltrakt,inactive,,,,10,Dzienny,0,0,0,W toku,Kliknięcia z 7 dni lub wyświetlenia z 1 dnia
2026-04-16,2026-04-16,PL Agency Ads,inactive,,,,10,Dzienny,0,0,0,W toku,Kliknięcia z 7 dni lub wyświetlenia z 1 dnia
2026-04-16,2026-04-16,RU Leads Poltrakt CE PL S/F Start 20.06.2026,inactive,,,,30,Dzienny,0,0,0,W toku,Kliknięcia z 7 dni lub wyświetlenia z 1 dnia
2026-04-16,2026-04-16,Leads RU Mrozek 100 eur,inactive,,,,10,Dzienny,0,0,0,W toku,Kliknięcia z 7 dni lub wyświetlenia z 1 dnia
2026-04-16,2026-04-16,Leads ENG Poltrakt Week/Cadence Poland,inactive,,,,20,Dzienny,0,0,0,W toku,Kliknięcia z 7 dni lub wyświetlenia z 1 dnia
2026-04-16,2026-04-16,PL Agency Ads Start 14.05.2026,inactive,,,,10,Dzienny,0,0,0,W toku,Kliknięcia z 7 dni lub wyświetlenia z 1 dnia
2026-04-16,2026-04-16,Poltrakt PL Magazynier,inactive,,,,5,Dzienny,0,0,0,W toku,Kliknięcia z 7 dni lub wyświetlenia z 1 dnia
2026-04-16,2026-04-16,Poltrakt Drivers CE Week/Full,inactive,,,,Użycie budżetu zestawu reklam,0,0,0,0,W toku,Kliknięcia z 7 dni lub wyświetlenia z 1 dnia
2026-04-16,2026-04-16,Poltrakt PL CE Italy/ pol leads,inactive,,,,11,Dzienny,0,0,0,W toku,Kliknięcia z 7 dni lub wyświetlenia z 1 dnia
2026-04-16,2026-04-16,Poltrakt PL CE Pol Leads,inactive,,,,7,Dzienny,0,0,0,W toku,Kliknięcia z 7 dni lub wyświetlenia z 1 dnia
2026-04-15,2026-04-15,Leads Agency PL,inactive,,,,10,Dzienny,0,0,0,W toku,Kliknięcia z 7 dni lub wyświetlenia z 1 dnia
2026-04-15,2026-04-15,Pracownik Magazynowy PL/ RU/ ENG Leads,inactive,,,,15,Dzienny,0,0,0,W toku,Kliknięcia z 7 dni lub wyświetlenia z 1 dnia
2026-04-15,2026-04-15,Leads RU Mrozek 100 eur,inactive,,,,10,Dzienny,0,0,0,W toku,Kliknięcia z 7 dni lub wyświetlenia z 1 dnia
2026-04-15,2026-04-15,Leads PL Dyspozytor Poltrakt,inactive,,,,10,Dzienny,0,0,0,W toku,Kliknięcia z 7 dni lub wyświetlenia z 1 dnia
2026-04-15,2026-04-15,Leads PL Dyspozytor Poltrakt,inactive,,,,10,Dzienny,0,0,0,W toku,Kliknięcia z 7 dni lub wyświetlenia z 1 dnia
2026-04-15,2026-04-15,PL Agency Ads,inactive,,,,10,Dzienny,0,0,0,W toku,Kliknięcia z 7 dni lub wyświetlenia z 1 dnia
2026-04-15,2026-04-15,RU Leads Poltrakt CE PL S/F Start 20.06.2026,inactive,,,,30,Dzienny,0,0,0,W toku,Kliknięcia z 7 dni lub wyświetlenia z 1 dnia
2026-04-15,2026-04-15,Leads RU Mrozek 100 eur,inactive,,,,10,Dzienny,0,0,0,W toku,Kliknięcia z 7 dni lub wyświetlenia z 1 dnia
2026-04-15,2026-04-15,Leads ENG Poltrakt Week/Cadence Poland,inactive,,,,20,Dzienny,0,0,0,W toku,Kliknięcia z 7 dni lub wyświetlenia z 1 dnia
2026-04-15,2026-04-15,PL Agency Ads Start 14.05.2026,inactive,,,,10,Dzienny,0,0,0,W toku,Kliknięcia z 7 dni lub wyświetlenia z 1 dnia
2026-04-15,2026-04-15,Poltrakt PL Magazynier,inactive,,,,5,Dzienny,0,0,0,W toku,Kliknięcia z 7 dni lub wyświetlenia z 1 dnia
2026-04-15,2026-04-15,Poltrakt Drivers CE Week/Full,inactive,,,,Użycie budżetu zestawu reklam,0,0,0,0,W toku,Kliknięcia z 7 dni lub wyświetlenia z 1 dnia
2026-04-15,2026-04-15,Poltrakt PL CE Italy/ pol leads,inactive,,,,11,Dzienny,0,0,0,W toku,Kliknięcia z 7 dni lub wyświetlenia z 1 dnia
2026-04-15,2026-04-15,Poltrakt PL CE Pol Leads,inactive,,,,7,Dzienny,0,0,0,W toku,Kliknięcia z 7 dni lub wyświetlenia z 1 dnia
2026-04-14,2026-04-14,Leads Agency PL,inactive,,,,10,Dzienny,0,0,0,W toku,Kliknięcia z 7 dni lub wyświetlenia z 1 dnia
2026-04-14,2026-04-14,Pracownik Magazynowy PL/ RU/ ENG Leads,inactive,,,,15,Dzienny,0,0,0,W toku,Kliknięcia z 7 dni lub wyświetlenia z 1 dnia
2026-04-14,2026-04-14,Leads RU Mrozek 100 eur,inactive,,,,10,Dzienny,0,0,0,W toku,Kliknięcia z 7 dni lub wyświetlenia z 1 dnia
2026-04-14,2026-04-14,Leads PL Dyspozytor Poltrakt,inactive,,,,10,Dzienny,0,0,0,W toku,Kliknięcia z 7 dni lub wyświetlenia z 1 dnia
2026-04-14,2026-04-14,Leads PL Dyspozytor Poltrakt,inactive,,,,10,Dzienny,0,0,0,W toku,Kliknięcia z 7 dni lub wyświetlenia z 1 dnia
2026-04-14,2026-04-14,PL Agency Ads,inactive,,,,10,Dzienny,0,0,0,W toku,Kliknięcia z 7 dni lub wyświetlenia z 1 dnia
2026-04-14,2026-04-14,RU Leads Poltrakt CE PL S/F Start 20.06.2026,inactive,,,,30,Dzienny,0,0,0,W toku,Kliknięcia z 7 dni lub wyświetlenia z 1 dnia
2026-04-14,2026-04-14,Leads RU Mrozek 100 eur,inactive,,,,10,Dzienny,0,0,0,W toku,Kliknięcia z 7 dni lub wyświetlenia z 1 dnia
2026-04-14,2026-04-14,Leads ENG Poltrakt Week/Cadence Poland,inactive,,,,20,Dzienny,0,0,0,W toku,Kliknięcia z 7 dni lub wyświetlenia z 1 dnia
2026-04-14,2026-04-14,PL Agency Ads Start 14.05.2026,inactive,,,,10,Dzienny,0,0,0,W toku,Kliknięcia z 7 dni lub wyświetlenia z 1 dnia
2026-04-14,2026-04-14,Poltrakt PL Magazynier,inactive,,,,5,Dzienny,0,0,0,W toku,Kliknięcia z 7 dni lub wyświetlenia z 1 dnia
2026-04-14,2026-04-14,Poltrakt Drivers CE Week/Full,inactive,,,,Użycie budżetu zestawu reklam,0,0,0,0,W toku,Kliknięcia z 7 dni lub wyświetlenia z 1 dnia
2026-04-14,2026-04-14,Poltrakt PL CE Italy/ pol leads,inactive,,,,11,Dzienny,0,0,0,W toku,Kliknięcia z 7 dni lub wyświetlenia z 1 dnia
2026-04-14,2026-04-14,Poltrakt PL CE Pol Leads,inactive,,,,7,Dzienny,0,0,0,W toku,Kliknięcia z 7 dni lub wyświetlenia z 1 dnia
2026-04-13,2026-04-13,Leads Agency PL,inactive,,,,10,Dzienny,0,0,0,W toku,Kliknięcia z 7 dni lub wyświetlenia z 1 dnia
2026-04-13,2026-04-13,Pracownik Magazynowy PL/ RU/ ENG Leads,inactive,,,,15,Dzienny,0,0,0,W toku,Kliknięcia z 7 dni lub wyświetlenia z 1 dnia
2026-04-13,2026-04-13,Leads RU Mrozek 100 eur,inactive,,,,10,Dzienny,0,0,0,W toku,Kliknięcia z 7 dni lub wyświetlenia z 1 dnia
2026-04-13,2026-04-13,Leads PL Dyspozytor Poltrakt,inactive,,,,10,Dzienny,0,0,0,W toku,Kliknięcia z 7 dni lub wyświetlenia z 1 dnia
2026-04-13,2026-04-13,Leads PL Dyspozytor Poltrakt,inactive,,,,10,Dzienny,0,0,0,W toku,Kliknięcia z 7 dni lub wyświetlenia z 1 dnia
2026-04-13,2026-04-13,PL Agency Ads,inactive,,,,10,Dzienny,0,0,0,W toku,Kliknięcia z 7 dni lub wyświetlenia z 1 dnia
2026-04-13,2026-04-13,RU Leads Poltrakt CE PL S/F Start 20.06.2026,inactive,,,,30,Dzienny,0,0,0,W toku,Kliknięcia z 7 dni lub wyświetlenia z 1 dnia
2026-04-13,2026-04-13,Leads RU Mrozek 100 eur,inactive,,,,10,Dzienny,0,0,0,W toku,Kliknięcia z 7 dni lub wyświetlenia z 1 dnia
2026-04-13,2026-04-13,Leads ENG Poltrakt Week/Cadence Poland,inactive,,,,20,Dzienny,0,0,0,W toku,Kliknięcia z 7 dni lub wyświetlenia z 1 dnia
2026-04-13,2026-04-13,PL Agency Ads Start 14.05.2026,inactive,,,,10,Dzienny,0,0,0,W toku,Kliknięcia z 7 dni lub wyświetlenia z 1 dnia
2026-04-13,2026-04-13,Poltrakt PL Magazynier,inactive,,,,5,Dzienny,0,0,0,W toku,Kliknięcia z 7 dni lub wyświetlenia z 1 dnia
2026-04-13,2026-04-13,Poltrakt Drivers CE Week/Full,inactive,,,,Użycie budżetu zestawu reklam,0,0,0,0,W toku,Kliknięcia z 7 dni lub wyświetlenia z 1 dnia
2026-04-13,2026-04-13,Poltrakt PL CE Italy/ pol leads,inactive,,,,11,Dzienny,0,0,0,W toku,Kliknięcia z 7 dni lub wyświetlenia z 1 dnia
2026-04-13,2026-04-13,Poltrakt PL CE Pol Leads,inactive,,,,7,Dzienny,0,0,0,W toku,Kliknięcia z 7 dni lub wyświetlenia z 1 dnia
2026-04-12,2026-04-12,Leads Agency PL,inactive,,,,10,Dzienny,0,0,0,W toku,Kliknięcia z 7 dni lub wyświetlenia z 1 dnia
2026-04-12,2026-04-12,Pracownik Magazynowy PL/ RU/ ENG Leads,inactive,,,,15,Dzienny,0,0,0,W toku,Kliknięcia z 7 dni lub wyświetlenia z 1 dnia
2026-04-12,2026-04-12,Leads RU Mrozek 100 eur,inactive,,,,10,Dzienny,0,0,0,W toku,Kliknięcia z 7 dni lub wyświetlenia z 1 dnia
2026-04-12,2026-04-12,Leads PL Dyspozytor Poltrakt,inactive,,,,10,Dzienny,0,0,0,W toku,Kliknięcia z 7 dni lub wyświetlenia z 1 dnia
2026-04-12,2026-04-12,Leads PL Dyspozytor Poltrakt,inactive,,,,10,Dzienny,0,0,0,W toku,Kliknięcia z 7 dni lub wyświetlenia z 1 dnia
2026-04-12,2026-04-12,PL Agency Ads,inactive,,,,10,Dzienny,0,0,0,W toku,Kliknięcia z 7 dni lub wyświetlenia z 1 dnia
2026-04-12,2026-04-12,RU Leads Poltrakt CE PL S/F Start 20.06.2026,inactive,,,,30,Dzienny,0,0,0,W toku,Kliknięcia z 7 dni lub wyświetlenia z 1 dnia
2026-04-12,2026-04-12,Leads RU Mrozek 100 eur,inactive,,,,10,Dzienny,0,0,0,W toku,Kliknięcia z 7 dni lub wyświetlenia z 1 dnia
2026-04-12,2026-04-12,Leads ENG Poltrakt Week/Cadence Poland,inactive,,,,20,Dzienny,0,0,0,W toku,Kliknięcia z 7 dni lub wyświetlenia z 1 dnia
2026-04-12,2026-04-12,PL Agency Ads Start 14.05.2026,inactive,,,,10,Dzienny,0,0,0,W toku,Kliknięcia z 7 dni lub wyświetlenia z 1 dnia
2026-04-12,2026-04-12,Poltrakt PL Magazynier,inactive,,,,5,Dzienny,0,0,0,W toku,Kliknięcia z 7 dni lub wyświetlenia z 1 dnia
2026-04-12,2026-04-12,Poltrakt Drivers CE Week/Full,inactive,,,,Użycie budżetu zestawu reklam,0,0,0,0,W toku,Kliknięcia z 7 dni lub wyświetlenia z 1 dnia
2026-04-12,2026-04-12,Poltrakt PL CE Italy/ pol leads,inactive,,,,11,Dzienny,0,0,0,W toku,Kliknięcia z 7 dni lub wyświetlenia z 1 dnia
2026-04-12,2026-04-12,Poltrakt PL CE Pol Leads,inactive,,,,7,Dzienny,0,0,0,W toku,Kliknięcia z 7 dni lub wyświetlenia z 1 dnia
2026-04-11,2026-04-11,Leads Agency PL,inactive,,,,10,Dzienny,0,0,0,W toku,Kliknięcia z 7 dni lub wyświetlenia z 1 dnia
2026-04-11,2026-04-11,Pracownik Magazynowy PL/ RU/ ENG Leads,inactive,,,,15,Dzienny,0,0,0,W toku,Kliknięcia z 7 dni lub wyświetlenia z 1 dnia
2026-04-11,2026-04-11,Leads RU Mrozek 100 eur,inactive,,,,10,Dzienny,0,0,0,W toku,Kliknięcia z 7 dni lub wyświetlenia z 1 dnia
2026-04-11,2026-04-11,Leads PL Dyspozytor Poltrakt,inactive,,,,10,Dzienny,0,0,0,W toku,Kliknięcia z 7 dni lub wyświetlenia z 1 dnia
2026-04-11,2026-04-11,Leads PL Dyspozytor Poltrakt,inactive,,,,10,Dzienny,0,0,0,W toku,Kliknięcia z 7 dni lub wyświetlenia z 1 dnia
2026-04-11,2026-04-11,PL Agency Ads,inactive,,,,10,Dzienny,0,0,0,W toku,Kliknięcia z 7 dni lub wyświetlenia z 1 dnia
2026-04-11,2026-04-11,RU Leads Poltrakt CE PL S/F Start 20.06.2026,inactive,,,,30,Dzienny,0,0,0,W toku,Kliknięcia z 7 dni lub wyświetlenia z 1 dnia
2026-04-11,2026-04-11,Leads RU Mrozek 100 eur,inactive,,,,10,Dzienny,0,0,0,W toku,Kliknięcia z 7 dni lub wyświetlenia z 1 dnia
2026-04-11,2026-04-11,Leads ENG Poltrakt Week/Cadence Poland,inactive,,,,20,Dzienny,0,0,0,W toku,Kliknięcia z 7 dni lub wyświetlenia z 1 dnia
2026-04-11,2026-04-11,PL Agency Ads Start 14.05.2026,inactive,,,,10,Dzienny,0,0,0,W toku,Kliknięcia z 7 dni lub wyświetlenia z 1 dnia
2026-04-11,2026-04-11,Poltrakt PL Magazynier,inactive,,,,5,Dzienny,0,0,0,W toku,Kliknięcia z 7 dni lub wyświetlenia z 1 dnia
2026-04-11,2026-04-11,Poltrakt Drivers CE Week/Full,inactive,,,,Użycie budżetu zestawu reklam,0,0,0,0,W toku,Kliknięcia z 7 dni lub wyświetlenia z 1 dnia
2026-04-11,2026-04-11,Poltrakt PL CE Italy/ pol leads,inactive,,,,11,Dzienny,0,0,0,W toku,Kliknięcia z 7 dni lub wyświetlenia z 1 dnia
2026-04-11,2026-04-11,Poltrakt PL CE Pol Leads,inactive,,,,7,Dzienny,0,0,0,W toku,Kliknięcia z 7 dni lub wyświetlenia z 1 dnia
2026-04-10,2026-04-10,Leads Agency PL,inactive,,,,10,Dzienny,0,0,0,W toku,Kliknięcia z 7 dni lub wyświetlenia z 1 dnia
2026-04-10,2026-04-10,Pracownik Magazynowy PL/ RU/ ENG Leads,inactive,,,,15,Dzienny,0,0,0,W toku,Kliknięcia z 7 dni lub wyświetlenia z 1 dnia
2026-04-10,2026-04-10,Leads RU Mrozek 100 eur,inactive,,,,10,Dzienny,0,0,0,W toku,Kliknięcia z 7 dni lub wyświetlenia z 1 dnia
2026-04-10,2026-04-10,Leads PL Dyspozytor Poltrakt,inactive,,,,10,Dzienny,0,0,0,W toku,Kliknięcia z 7 dni lub wyświetlenia z 1 dnia
2026-04-10,2026-04-10,Leads PL Dyspozytor Poltrakt,inactive,,,,10,Dzienny,0,0,0,W toku,Kliknięcia z 7 dni lub wyświetlenia z 1 dnia
2026-04-10,2026-04-10,PL Agency Ads,inactive,,,,10,Dzienny,0,0,0,W toku,Kliknięcia z 7 dni lub wyświetlenia z 1 dnia
2026-04-10,2026-04-10,RU Leads Poltrakt CE PL S/F Start 20.06.2026,inactive,,,,30,Dzienny,0,0,0,W toku,Kliknięcia z 7 dni lub wyświetlenia z 1 dnia
2026-04-10,2026-04-10,Leads RU Mrozek 100 eur,inactive,,,,10,Dzienny,0,0,0,W toku,Kliknięcia z 7 dni lub wyświetlenia z 1 dnia
2026-04-10,2026-04-10,Leads ENG Poltrakt Week/Cadence Poland,inactive,,,,20,Dzienny,0,0,0,W toku,Kliknięcia z 7 dni lub wyświetlenia z 1 dnia
2026-04-10,2026-04-10,PL Agency Ads Start 14.05.2026,inactive,,,,10,Dzienny,0,0,0,W toku,Kliknięcia z 7 dni lub wyświetlenia z 1 dnia
2026-04-10,2026-04-10,Poltrakt PL Magazynier,inactive,,,,5,Dzienny,0,0,0,W toku,Kliknięcia z 7 dni lub wyświetlenia z 1 dnia
2026-04-10,2026-04-10,Poltrakt Drivers CE Week/Full,inactive,,,,Użycie budżetu zestawu reklam,0,0,0,0,W toku,Kliknięcia z 7 dni lub wyświetlenia z 1 dnia
2026-04-10,2026-04-10,Poltrakt PL CE Italy/ pol leads,inactive,,,,11,Dzienny,0,0,0,W toku,Kliknięcia z 7 dni lub wyświetlenia z 1 dnia
2026-04-10,2026-04-10,Poltrakt PL CE Pol Leads,inactive,,,,7,Dzienny,0,0,0,W toku,Kliknięcia z 7 dni lub wyświetlenia z 1 dnia
2026-04-09,2026-04-09,Leads Agency PL,inactive,,,,10,Dzienny,0,0,0,W toku,Kliknięcia z 7 dni lub wyświetlenia z 1 dnia
2026-04-09,2026-04-09,Pracownik Magazynowy PL/ RU/ ENG Leads,inactive,,,,15,Dzienny,0,0,0,W toku,Kliknięcia z 7 dni lub wyświetlenia z 1 dnia
2026-04-09,2026-04-09,Leads RU Mrozek 100 eur,inactive,,,,10,Dzienny,0,0,0,W toku,Kliknięcia z 7 dni lub wyświetlenia z 1 dnia
2026-04-09,2026-04-09,Leads PL Dyspozytor Poltrakt,inactive,,,,10,Dzienny,0,0,0,W toku,Kliknięcia z 7 dni lub wyświetlenia z 1 dnia
2026-04-09,2026-04-09,Leads PL Dyspozytor Poltrakt,inactive,,,,10,Dzienny,0,0,0,W toku,Kliknięcia z 7 dni lub wyświetlenia z 1 dnia
2026-04-09,2026-04-09,PL Agency Ads,inactive,,,,10,Dzienny,0,0,0,W toku,Kliknięcia z 7 dni lub wyświetlenia z 1 dnia
2026-04-09,2026-04-09,RU Leads Poltrakt CE PL S/F Start 20.06.2026,inactive,,,,30,Dzienny,0,0,0,W toku,Kliknięcia z 7 dni lub wyświetlenia z 1 dnia
2026-04-09,2026-04-09,Leads RU Mrozek 100 eur,inactive,,,,10,Dzienny,0,0,0,W toku,Kliknięcia z 7 dni lub wyświetlenia z 1 dnia
2026-04-09,2026-04-09,Leads ENG Poltrakt Week/Cadence Poland,inactive,,,,20,Dzienny,0,0,0,W toku,Kliknięcia z 7 dni lub wyświetlenia z 1 dnia
2026-04-09,2026-04-09,PL Agency Ads Start 14.05.2026,inactive,,,,10,Dzienny,0,0,0,W toku,Kliknięcia z 7 dni lub wyświetlenia z 1 dnia
2026-04-09,2026-04-09,Poltrakt PL Magazynier,inactive,,,,5,Dzienny,0,0,0,W toku,Kliknięcia z 7 dni lub wyświetlenia z 1 dnia
2026-04-09,2026-04-09,Poltrakt Drivers CE Week/Full,inactive,,,,Użycie budżetu zestawu reklam,0,0,0,0,W toku,Kliknięcia z 7 dni lub wyświetlenia z 1 dnia
2026-04-09,2026-04-09,Poltrakt PL CE Italy/ pol leads,inactive,,,,11,Dzienny,0,0,0,W toku,Kliknięcia z 7 dni lub wyświetlenia z 1 dnia
2026-04-09,2026-04-09,Poltrakt PL CE Pol Leads,inactive,,,,7,Dzienny,0,0,0,W toku,Kliknięcia z 7 dni lub wyświetlenia z 1 dnia
2026-04-08,2026-04-08,Leads Agency PL,inactive,,,,10,Dzienny,0,0,0,W toku,Kliknięcia z 7 dni lub wyświetlenia z 1 dnia
2026-04-08,2026-04-08,Pracownik Magazynowy PL/ RU/ ENG Leads,inactive,,,,15,Dzienny,0,0,0,W toku,Kliknięcia z 7 dni lub wyświetlenia z 1 dnia
2026-04-08,2026-04-08,Leads RU Mrozek 100 eur,inactive,,,,10,Dzienny,0,0,0,W toku,Kliknięcia z 7 dni lub wyświetlenia z 1 dnia
2026-04-08,2026-04-08,Leads PL Dyspozytor Poltrakt,inactive,,,,10,Dzienny,0,0,0,W toku,Kliknięcia z 7 dni lub wyświetlenia z 1 dnia
2026-04-08,2026-04-08,Leads PL Dyspozytor Poltrakt,inactive,,,,10,Dzienny,0,0,0,W toku,Kliknięcia z 7 dni lub wyświetlenia z 1 dnia
2026-04-08,2026-04-08,PL Agency Ads,inactive,,,,10,Dzienny,0,0,0,W toku,Kliknięcia z 7 dni lub wyświetlenia z 1 dnia
2026-04-08,2026-04-08,RU Leads Poltrakt CE PL S/F Start 20.06.2026,inactive,,,,30,Dzienny,0,0,0,W toku,Kliknięcia z 7 dni lub wyświetlenia z 1 dnia
2026-04-08,2026-04-08,Leads RU Mrozek 100 eur,inactive,,,,10,Dzienny,0,0,0,W toku,Kliknięcia z 7 dni lub wyświetlenia z 1 dnia
2026-04-08,2026-04-08,Leads ENG Poltrakt Week/Cadence Poland,inactive,,,,20,Dzienny,0,0,0,W toku,Kliknięcia z 7 dni lub wyświetlenia z 1 dnia
2026-04-08,2026-04-08,PL Agency Ads Start 14.05.2026,inactive,,,,10,Dzienny,0,0,0,W toku,Kliknięcia z 7 dni lub wyświetlenia z 1 dnia
2026-04-08,2026-04-08,Poltrakt PL Magazynier,inactive,,,,5,Dzienny,0,0,0,W toku,Kliknięcia z 7 dni lub wyświetlenia z 1 dnia
2026-04-08,2026-04-08,Poltrakt Drivers CE Week/Full,inactive,,,,Użycie budżetu zestawu reklam,0,0,0,0,W toku,Kliknięcia z 7 dni lub wyświetlenia z 1 dnia
2026-04-08,2026-04-08,Poltrakt PL CE Italy/ pol leads,inactive,,,,11,Dzienny,0,0,0,W toku,Kliknięcia z 7 dni lub wyświetlenia z 1 dnia
2026-04-08,2026-04-08,Poltrakt PL CE Pol Leads,inactive,,,,7,Dzienny,0,0,0,W toku,Kliknięcia z 7 dni lub wyświetlenia z 1 dnia
2026-04-07,2026-04-07,Leads Agency PL,inactive,,,,10,Dzienny,0,0,0,W toku,Kliknięcia z 7 dni lub wyświetlenia z 1 dnia
2026-04-07,2026-04-07,Pracownik Magazynowy PL/ RU/ ENG Leads,inactive,,,,15,Dzienny,0,0,0,W toku,Kliknięcia z 7 dni lub wyświetlenia z 1 dnia
2026-04-07,2026-04-07,Leads RU Mrozek 100 eur,inactive,,,,10,Dzienny,0,0,0,W toku,Kliknięcia z 7 dni lub wyświetlenia z 1 dnia
2026-04-07,2026-04-07,Leads PL Dyspozytor Poltrakt,inactive,,,,10,Dzienny,0,0,0,W toku,Kliknięcia z 7 dni lub wyświetlenia z 1 dnia
2026-04-07,2026-04-07,Leads PL Dyspozytor Poltrakt,inactive,,,,10,Dzienny,0,0,0,W toku,Kliknięcia z 7 dni lub wyświetlenia z 1 dnia
2026-04-07,2026-04-07,PL Agency Ads,inactive,,,,10,Dzienny,0,0,0,W toku,Kliknięcia z 7 dni lub wyświetlenia z 1 dnia
2026-04-07,2026-04-07,RU Leads Poltrakt CE PL S/F Start 20.06.2026,inactive,,,,30,Dzienny,0,0,0,W toku,Kliknięcia z 7 dni lub wyświetlenia z 1 dnia
2026-04-07,2026-04-07,Leads RU Mrozek 100 eur,inactive,,,,10,Dzienny,0,0,0,W toku,Kliknięcia z 7 dni lub wyświetlenia z 1 dnia
2026-04-07,2026-04-07,Leads ENG Poltrakt Week/Cadence Poland,inactive,,,,20,Dzienny,0,0,0,W toku,Kliknięcia z 7 dni lub wyświetlenia z 1 dnia
2026-04-07,2026-04-07,PL Agency Ads Start 14.05.2026,inactive,,,,10,Dzienny,0,0,0,W toku,Kliknięcia z 7 dni lub wyświetlenia z 1 dnia
2026-04-07,2026-04-07,Poltrakt PL Magazynier,inactive,,,,5,Dzienny,0,0,0,W toku,Kliknięcia z 7 dni lub wyświetlenia z 1 dnia
2026-04-07,2026-04-07,Poltrakt Drivers CE Week/Full,inactive,,,,Użycie budżetu zestawu reklam,0,0,0,0,W toku,Kliknięcia z 7 dni lub wyświetlenia z 1 dnia
2026-04-07,2026-04-07,Poltrakt PL CE Italy/ pol leads,inactive,,,,11,Dzienny,0,0,0,W toku,Kliknięcia z 7 dni lub wyświetlenia z 1 dnia
2026-04-07,2026-04-07,Poltrakt PL CE Pol Leads,inactive,,,,7,Dzienny,0,0,0,W toku,Kliknięcia z 7 dni lub wyświetlenia z 1 dnia
2026-04-06,2026-04-06,Leads Agency PL,inactive,,,,10,Dzienny,0,0,0,W toku,Kliknięcia z 7 dni lub wyświetlenia z 1 dnia
2026-04-06,2026-04-06,Pracownik Magazynowy PL/ RU/ ENG Leads,inactive,,,,15,Dzienny,0,0,0,W toku,Kliknięcia z 7 dni lub wyświetlenia z 1 dnia
2026-04-06,2026-04-06,Leads RU Mrozek 100 eur,inactive,,,,10,Dzienny,0,0,0,W toku,Kliknięcia z 7 dni lub wyświetlenia z 1 dnia
2026-04-06,2026-04-06,Leads PL Dyspozytor Poltrakt,inactive,,,,10,Dzienny,0,0,0,W toku,Kliknięcia z 7 dni lub wyświetlenia z 1 dnia
2026-04-06,2026-04-06,Leads PL Dyspozytor Poltrakt,inactive,,,,10,Dzienny,0,0,0,W toku,Kliknięcia z 7 dni lub wyświetlenia z 1 dnia
2026-04-06,2026-04-06,PL Agency Ads,inactive,,,,10,Dzienny,0,0,0,W toku,Kliknięcia z 7 dni lub wyświetlenia z 1 dnia
2026-04-06,2026-04-06,RU Leads Poltrakt CE PL S/F Start 20.06.2026,inactive,,,,30,Dzienny,0,0,0,W toku,Kliknięcia z 7 dni lub wyświetlenia z 1 dnia
2026-04-06,2026-04-06,Leads RU Mrozek 100 eur,inactive,,,,10,Dzienny,0,0,0,W toku,Kliknięcia z 7 dni lub wyświetlenia z 1 dnia
2026-04-06,2026-04-06,Leads ENG Poltrakt Week/Cadence Poland,inactive,,,,20,Dzienny,0,0,0,W toku,Kliknięcia z 7 dni lub wyświetlenia z 1 dnia
2026-04-06,2026-04-06,PL Agency Ads Start 14.05.2026,inactive,,,,10,Dzienny,0,0,0,W toku,Kliknięcia z 7 dni lub wyświetlenia z 1 dnia
2026-04-06,2026-04-06,Poltrakt PL Magazynier,inactive,3,actions:leadgen.other,0.33,5,Dzienny,0.99,478,407,W toku,Kliknięcia z 7 dni lub wyświetlenia z 1 dnia
2026-04-06,2026-04-06,Poltrakt Drivers CE Week/Full,inactive,5,actions:leadgen.other,0.562,Użycie budżetu zestawu reklam,0,2.81,970,811,W toku,Kliknięcia z 7 dni lub wyświetlenia z 1 dnia
2026-04-06,2026-04-06,Poltrakt PL CE Italy/ pol leads,inactive,,,,11,Dzienny,0,0,0,W toku,Kliknięcia z 7 dni lub wyświetlenia z 1 dnia
2026-04-06,2026-04-06,Poltrakt PL CE Pol Leads,inactive,,,,7,Dzienny,0,0,0,W toku,Kliknięcia z 7 dni lub wyświetlenia z 1 dnia
2026-04-05,2026-04-05,Leads Agency PL,inactive,,,,10,Dzienny,0,0,0,W toku,Kliknięcia z 7 dni lub wyświetlenia z 1 dnia
2026-04-05,2026-04-05,Pracownik Magazynowy PL/ RU/ ENG Leads,inactive,,,,15,Dzienny,0,0,0,W toku,Kliknięcia z 7 dni lub wyświetlenia z 1 dnia
2026-04-05,2026-04-05,Leads RU Mrozek 100 eur,inactive,,,,10,Dzienny,0,0,0,W toku,Kliknięcia z 7 dni lub wyświetlenia z 1 dnia
2026-04-05,2026-04-05,Leads PL Dyspozytor Poltrakt,inactive,,,,10,Dzienny,0,0,0,W toku,Kliknięcia z 7 dni lub wyświetlenia z 1 dnia
2026-04-05,2026-04-05,Leads PL Dyspozytor Poltrakt,inactive,,,,10,Dzienny,0,0,0,W toku,Kliknięcia z 7 dni lub wyświetlenia z 1 dnia
2026-04-05,2026-04-05,PL Agency Ads,inactive,,,,10,Dzienny,0,0,0,W toku,Kliknięcia z 7 dni lub wyświetlenia z 1 dnia
2026-04-05,2026-04-05,RU Leads Poltrakt CE PL S/F Start 20.06.2026,inactive,,,,30,Dzienny,0,0,0,W toku,Kliknięcia z 7 dni lub wyświetlenia z 1 dnia
2026-04-05,2026-04-05,Leads RU Mrozek 100 eur,inactive,,,,10,Dzienny,0,0,0,W toku,Kliknięcia z 7 dni lub wyświetlenia z 1 dnia
2026-04-05,2026-04-05,Leads ENG Poltrakt Week/Cadence Poland,inactive,,,,20,Dzienny,0,0,0,W toku,Kliknięcia z 7 dni lub wyświetlenia z 1 dnia
2026-04-05,2026-04-05,PL Agency Ads Start 14.05.2026,inactive,,,,10,Dzienny,0,0,0,W toku,Kliknięcia z 7 dni lub wyświetlenia z 1 dnia
2026-04-05,2026-04-05,Poltrakt PL Magazynier,inactive,14,actions:leadgen.other,0.345,5,Dzienny,4.83,2555,1787,W toku,Kliknięcia z 7 dni lub wyświetlenia z 1 dnia
2026-04-05,2026-04-05,Poltrakt Drivers CE Week/Full,inactive,28,actions:leadgen.other,0.3775,Użycie budżetu zestawu reklam,0,10.57,3663,2389,W toku,Kliknięcia z 7 dni lub wyświetlenia z 1 dnia
2026-04-05,2026-04-05,Poltrakt PL CE Italy/ pol leads,inactive,,,,11,Dzienny,0,0,0,W toku,Kliknięcia z 7 dni lub wyświetlenia z 1 dnia
2026-04-05,2026-04-05,Poltrakt PL CE Pol Leads,inactive,,,,7,Dzienny,0,0,0,W toku,Kliknięcia z 7 dni lub wyświetlenia z 1 dnia
2026-04-04,2026-04-04,Leads Agency PL,inactive,,,,10,Dzienny,0,0,0,W toku,Kliknięcia z 7 dni lub wyświetlenia z 1 dnia
2026-04-04,2026-04-04,Pracownik Magazynowy PL/ RU/ ENG Leads,inactive,,,,15,Dzienny,0,0,0,W toku,Kliknięcia z 7 dni lub wyświetlenia z 1 dnia
2026-04-04,2026-04-04,Leads RU Mrozek 100 eur,inactive,,,,10,Dzienny,0,0,0,W toku,Kliknięcia z 7 dni lub wyświetlenia z 1 dnia
2026-04-04,2026-04-04,Leads PL Dyspozytor Poltrakt,inactive,,,,10,Dzienny,0,0,0,W toku,Kliknięcia z 7 dni lub wyświetlenia z 1 dnia
2026-04-04,2026-04-04,Leads PL Dyspozytor Poltrakt,inactive,,,,10,Dzienny,0,0,0,W toku,Kliknięcia z 7 dni lub wyświetlenia z 1 dnia
2026-04-04,2026-04-04,PL Agency Ads,inactive,,,,10,Dzienny,0,0,0,W toku,Kliknięcia z 7 dni lub wyświetlenia z 1 dnia
2026-04-04,2026-04-04,RU Leads Poltrakt CE PL S/F Start 20.06.2026,inactive,,,,30,Dzienny,0,0,0,W toku,Kliknięcia z 7 dni lub wyświetlenia z 1 dnia
2026-04-04,2026-04-04,Leads RU Mrozek 100 eur,inactive,,,,10,Dzienny,0,0,0,W toku,Kliknięcia z 7 dni lub wyświetlenia z 1 dnia
2026-04-04,2026-04-04,Leads ENG Poltrakt Week/Cadence Poland,inactive,,,,20,Dzienny,0,0,0,W toku,Kliknięcia z 7 dni lub wyświetlenia z 1 dnia
2026-04-04,2026-04-04,PL Agency Ads Start 14.05.2026,inactive,,,,10,Dzienny,0,0,0,W toku,Kliknięcia z 7 dni lub wyświetlenia z 1 dnia
2026-04-04,2026-04-04,Poltrakt PL Magazynier,inactive,14,actions:leadgen.other,0.21071429,5,Dzienny,2.95,1507,1093,W toku,Kliknięcia z 7 dni lub wyświetlenia z 1 dnia
2026-04-04,2026-04-04,Poltrakt Drivers CE Week/Full,inactive,16,actions:leadgen.other,0.446875,Użycie budżetu zestawu reklam,0,7.15,2056,1464,W toku,Kliknięcia z 7 dni lub wyświetlenia z 1 dnia
2026-04-04,2026-04-04,Poltrakt PL CE Italy/ pol leads,inactive,,,,11,Dzienny,0,0,0,W toku,Kliknięcia z 7 dni lub wyświetlenia z 1 dnia
2026-04-04,2026-04-04,Poltrakt PL CE Pol Leads,inactive,,,,7,Dzienny,0,0,0,W toku,Kliknięcia z 7 dni lub wyświetlenia z 1 dnia
2026-04-03,2026-04-03,Leads Agency PL,inactive,,,,10,Dzienny,0,0,0,W toku,Kliknięcia z 7 dni lub wyświetlenia z 1 dnia
2026-04-03,2026-04-03,Pracownik Magazynowy PL/ RU/ ENG Leads,inactive,,,,15,Dzienny,0,0,0,W toku,Kliknięcia z 7 dni lub wyświetlenia z 1 dnia
2026-04-03,2026-04-03,Leads RU Mrozek 100 eur,inactive,,,,10,Dzienny,0,0,0,W toku,Kliknięcia z 7 dni lub wyświetlenia z 1 dnia
2026-04-03,2026-04-03,Leads PL Dyspozytor Poltrakt,inactive,,,,10,Dzienny,0,0,0,W toku,Kliknięcia z 7 dni lub wyświetlenia z 1 dnia
2026-04-03,2026-04-03,Leads PL Dyspozytor Poltrakt,inactive,,,,10,Dzienny,0,0,0,W toku,Kliknięcia z 7 dni lub wyświetlenia z 1 dnia
2026-04-03,2026-04-03,PL Agency Ads,inactive,,,,10,Dzienny,0,0,0,W toku,Kliknięcia z 7 dni lub wyświetlenia z 1 dnia
2026-04-03,2026-04-03,RU Leads Poltrakt CE PL S/F Start 20.06.2026,inactive,,,,30,Dzienny,0,0,0,W toku,Kliknięcia z 7 dni lub wyświetlenia z 1 dnia
2026-04-03,2026-04-03,Leads RU Mrozek 100 eur,inactive,,,,10,Dzienny,0,0,0,W toku,Kliknięcia z 7 dni lub wyświetlenia z 1 dnia
2026-04-03,2026-04-03,Leads ENG Poltrakt Week/Cadence Poland,inactive,,,,20,Dzienny,0,0,0,W toku,Kliknięcia z 7 dni lub wyświetlenia z 1 dnia
2026-04-03,2026-04-03,PL Agency Ads Start 14.05.2026,inactive,,,,10,Dzienny,0,0,0,W toku,Kliknięcia z 7 dni lub wyświetlenia z 1 dnia
2026-04-03,2026-04-03,Poltrakt PL Magazynier,inactive,16,actions:leadgen.other,0.3475,5,Dzienny,5.56,1905,1301,W toku,Kliknięcia z 7 dni lub wyświetlenia z 1 dnia
2026-04-03,2026-04-03,Poltrakt Drivers CE Week/Full,inactive,33,actions:leadgen.other,0.31545455,Użycie budżetu zestawu reklam,0,10.41,2763,1763,W toku,Kliknięcia z 7 dni lub wyświetlenia z 1 dnia
2026-04-03,2026-04-03,Poltrakt PL CE Italy/ pol leads,inactive,,,,11,Dzienny,0,0,0,W toku,Kliknięcia z 7 dni lub wyświetlenia z 1 dnia
2026-04-03,2026-04-03,Poltrakt PL CE Pol Leads,inactive,,,,7,Dzienny,0,0,0,W toku,Kliknięcia z 7 dni lub wyświetlenia z 1 dnia
2026-04-02,2026-04-02,Leads Agency PL,inactive,,,,10,Dzienny,0,0,0,W toku,Kliknięcia z 7 dni lub wyświetlenia z 1 dnia
2026-04-02,2026-04-02,Pracownik Magazynowy PL/ RU/ ENG Leads,inactive,,,,15,Dzienny,0,0,0,W toku,Kliknięcia z 7 dni lub wyświetlenia z 1 dnia
2026-04-02,2026-04-02,Leads RU Mrozek 100 eur,inactive,,,,10,Dzienny,0,0,0,W toku,Kliknięcia z 7 dni lub wyświetlenia z 1 dnia
2026-04-02,2026-04-02,Leads PL Dyspozytor Poltrakt,inactive,,,,10,Dzienny,0,0,0,W toku,Kliknięcia z 7 dni lub wyświetlenia z 1 dnia
2026-04-02,2026-04-02,Leads PL Dyspozytor Poltrakt,inactive,,,,10,Dzienny,0,0,0,W toku,Kliknięcia z 7 dni lub wyświetlenia z 1 dnia
2026-04-02,2026-04-02,PL Agency Ads,inactive,,,,10,Dzienny,0,0,0,W toku,Kliknięcia z 7 dni lub wyświetlenia z 1 dnia
2026-04-02,2026-04-02,RU Leads Poltrakt CE PL S/F Start 20.06.2026,inactive,,,,30,Dzienny,0,0,0,W toku,Kliknięcia z 7 dni lub wyświetlenia z 1 dnia
2026-04-02,2026-04-02,Leads RU Mrozek 100 eur,inactive,,,,10,Dzienny,0,0,0,W toku,Kliknięcia z 7 dni lub wyświetlenia z 1 dnia
2026-04-02,2026-04-02,Leads ENG Poltrakt Week/Cadence Poland,inactive,,,,20,Dzienny,0,0,0,W toku,Kliknięcia z 7 dni lub wyświetlenia z 1 dnia
2026-04-02,2026-04-02,PL Agency Ads Start 14.05.2026,inactive,,,,10,Dzienny,0,0,0,W toku,Kliknięcia z 7 dni lub wyświetlenia z 1 dnia
2026-04-02,2026-04-02,Poltrakt PL Magazynier,inactive,9,actions:leadgen.other,0.38,5,Dzienny,3.42,1083,875,W toku,Kliknięcia z 7 dni lub wyświetlenia z 1 dnia
2026-04-02,2026-04-02,Poltrakt Drivers CE Week/Full,inactive,19,actions:leadgen.other,0.35421053,Użycie budżetu zestawu reklam,0,6.73,1314,1023,W toku,Kliknięcia z 7 dni lub wyświetlenia z 1 dnia
2026-04-02,2026-04-02,Poltrakt PL CE Italy/ pol leads,inactive,,,,11,Dzienny,0,0,0,W toku,Kliknięcia z 7 dni lub wyświetlenia z 1 dnia
2026-04-02,2026-04-02,Poltrakt PL CE Pol Leads,inactive,,,,7,Dzienny,0,0,0,W toku,Kliknięcia z 7 dni lub wyświetlenia z 1 dnia
2026-04-01,2026-04-01,Leads Agency PL,inactive,,,,10,Dzienny,0,0,0,W toku,Kliknięcia z 7 dni lub wyświetlenia z 1 dnia
2026-04-01,2026-04-01,Pracownik Magazynowy PL/ RU/ ENG Leads,inactive,,,,15,Dzienny,0,0,0,W toku,Kliknięcia z 7 dni lub wyświetlenia z 1 dnia
2026-04-01,2026-04-01,Leads RU Mrozek 100 eur,inactive,,,,10,Dzienny,0,0,0,W toku,Kliknięcia z 7 dni lub wyświetlenia z 1 dnia
2026-04-01,2026-04-01,Leads PL Dyspozytor Poltrakt,inactive,,,,10,Dzienny,0,0,0,W toku,Kliknięcia z 7 dni lub wyświetlenia z 1 dnia
2026-04-01,2026-04-01,Leads PL Dyspozytor Poltrakt,inactive,,,,10,Dzienny,0,0,0,W toku,Kliknięcia z 7 dni lub wyświetlenia z 1 dnia
2026-04-01,2026-04-01,PL Agency Ads,inactive,,,,10,Dzienny,0,0,0,W toku,Kliknięcia z 7 dni lub wyświetlenia z 1 dnia
2026-04-01,2026-04-01,RU Leads Poltrakt CE PL S/F Start 20.06.2026,inactive,,,,30,Dzienny,0,0,0,W toku,Kliknięcia z 7 dni lub wyświetlenia z 1 dnia
2026-04-01,2026-04-01,Leads RU Mrozek 100 eur,inactive,,,,10,Dzienny,0,0,0,W toku,Kliknięcia z 7 dni lub wyświetlenia z 1 dnia
2026-04-01,2026-04-01,Leads ENG Poltrakt Week/Cadence Poland,inactive,,,,20,Dzienny,0,0,0,W toku,Kliknięcia z 7 dni lub wyświetlenia z 1 dnia
2026-04-01,2026-04-01,PL Agency Ads Start 14.05.2026,inactive,,,,10,Dzienny,0,0,0,W toku,Kliknięcia z 7 dni lub wyświetlenia z 1 dnia
2026-04-01,2026-04-01,Poltrakt PL Magazynier,inactive,,,,5,Dzienny,0,0,0,W toku,Kliknięcia z 7 dni lub wyświetlenia z 1 dnia
2026-04-01,2026-04-01,Poltrakt Drivers CE Week/Full,inactive,,,,Użycie budżetu zestawu reklam,0,0,0,0,W toku,Kliknięcia z 7 dni lub wyświetlenia z 1 dnia
2026-04-01,2026-04-01,Poltrakt PL CE Italy/ pol leads,inactive,,,,11,Dzienny,0,0,0,W toku,Kliknięcia z 7 dni lub wyświetlenia z 1 dnia
2026-04-01,2026-04-01,Poltrakt PL CE Pol Leads,inactive,,,,7,Dzienny,0,0,0,W toku,Kliknięcia z 7 dni lub wyświetlenia z 1 dnia
2026-03-31,2026-03-31,Leads Agency PL,inactive,,,,10,Dzienny,0,0,0,W toku,Kliknięcia z 7 dni lub wyświetlenia z 1 dnia
2026-03-31,2026-03-31,Pracownik Magazynowy PL/ RU/ ENG Leads,inactive,,,,15,Dzienny,0,0,0,W toku,Kliknięcia z 7 dni lub wyświetlenia z 1 dnia
2026-03-31,2026-03-31,Leads RU Mrozek 100 eur,inactive,,,,10,Dzienny,0,0,0,W toku,Kliknięcia z 7 dni lub wyświetlenia z 1 dnia
2026-03-31,2026-03-31,Leads PL Dyspozytor Poltrakt,inactive,,,,10,Dzienny,0,0,0,W toku,Kliknięcia z 7 dni lub wyświetlenia z 1 dnia
2026-03-31,2026-03-31,Leads PL Dyspozytor Poltrakt,inactive,,,,10,Dzienny,0,0,0,W toku,Kliknięcia z 7 dni lub wyświetlenia z 1 dnia
2026-03-31,2026-03-31,PL Agency Ads,inactive,,,,10,Dzienny,0,0,0,W toku,Kliknięcia z 7 dni lub wyświetlenia z 1 dnia
2026-03-31,2026-03-31,RU Leads Poltrakt CE PL S/F Start 20.06.2026,inactive,,,,30,Dzienny,0,0,0,W toku,Kliknięcia z 7 dni lub wyświetlenia z 1 dnia
2026-03-31,2026-03-31,Leads RU Mrozek 100 eur,inactive,,,,10,Dzienny,0,0,0,W toku,Kliknięcia z 7 dni lub wyświetlenia z 1 dnia
2026-03-31,2026-03-31,Leads ENG Poltrakt Week/Cadence Poland,inactive,,,,20,Dzienny,0,0,0,W toku,Kliknięcia z 7 dni lub wyświetlenia z 1 dnia
2026-03-31,2026-03-31,PL Agency Ads Start 14.05.2026,inactive,,,,10,Dzienny,0,0,0,W toku,Kliknięcia z 7 dni lub wyświetlenia z 1 dnia
2026-03-31,2026-03-31,Poltrakt PL Magazynier,inactive,,,,5,Dzienny,0,0,0,W toku,Kliknięcia z 7 dni lub wyświetlenia z 1 dnia
2026-03-31,2026-03-31,Poltrakt Drivers CE Week/Full,inactive,,,,Użycie budżetu zestawu reklam,0,0,0,0,W toku,Kliknięcia z 7 dni lub wyświetlenia z 1 dnia
2026-03-31,2026-03-31,Poltrakt PL CE Italy/ pol leads,inactive,,,,11,Dzienny,0,0,0,W toku,Kliknięcia z 7 dni lub wyświetlenia z 1 dnia
2026-03-31,2026-03-31,Poltrakt PL CE Pol Leads,inactive,,,,7,Dzienny,0,0,0,W toku,Kliknięcia z 7 dni lub wyświetlenia z 1 dnia
2026-03-30,2026-03-30,Leads Agency PL,inactive,,,,10,Dzienny,0,0,0,W toku,Kliknięcia z 7 dni lub wyświetlenia z 1 dnia
2026-03-30,2026-03-30,Pracownik Magazynowy PL/ RU/ ENG Leads,inactive,,,,15,Dzienny,0,0,0,W toku,Kliknięcia z 7 dni lub wyświetlenia z 1 dnia
2026-03-30,2026-03-30,Leads RU Mrozek 100 eur,inactive,,,,10,Dzienny,0,0,0,W toku,Kliknięcia z 7 dni lub wyświetlenia z 1 dnia
2026-03-30,2026-03-30,Leads PL Dyspozytor Poltrakt,inactive,,,,10,Dzienny,0,0,0,W toku,Kliknięcia z 7 dni lub wyświetlenia z 1 dnia
2026-03-30,2026-03-30,Leads PL Dyspozytor Poltrakt,inactive,,,,10,Dzienny,0,0,0,W toku,Kliknięcia z 7 dni lub wyświetlenia z 1 dnia
2026-03-30,2026-03-30,PL Agency Ads,inactive,,,,10,Dzienny,0,0,0,W toku,Kliknięcia z 7 dni lub wyświetlenia z 1 dnia
2026-03-30,2026-03-30,RU Leads Poltrakt CE PL S/F Start 20.06.2026,inactive,,,,30,Dzienny,0,0,0,W toku,Kliknięcia z 7 dni lub wyświetlenia z 1 dnia
2026-03-30,2026-03-30,Leads RU Mrozek 100 eur,inactive,,,,10,Dzienny,0,0,0,W toku,Kliknięcia z 7 dni lub wyświetlenia z 1 dnia
2026-03-30,2026-03-30,Leads ENG Poltrakt Week/Cadence Poland,inactive,,,,20,Dzienny,0,0,0,W toku,Kliknięcia z 7 dni lub wyświetlenia z 1 dnia
2026-03-30,2026-03-30,PL Agency Ads Start 14.05.2026,inactive,,,,10,Dzienny,0,0,0,W toku,Kliknięcia z 7 dni lub wyświetlenia z 1 dnia
2026-03-30,2026-03-30,Poltrakt PL Magazynier,inactive,,,,5,Dzienny,0,0,0,W toku,Kliknięcia z 7 dni lub wyświetlenia z 1 dnia
2026-03-30,2026-03-30,Poltrakt Drivers CE Week/Full,inactive,,,,Użycie budżetu zestawu reklam,0,0,0,0,W toku,Kliknięcia z 7 dni lub wyświetlenia z 1 dnia
2026-03-30,2026-03-30,Poltrakt PL CE Italy/ pol leads,inactive,,,,11,Dzienny,0,0,0,W toku,Kliknięcia z 7 dni lub wyświetlenia z 1 dnia
2026-03-30,2026-03-30,Poltrakt PL CE Pol Leads,inactive,,,,7,Dzienny,0,0,0,W toku,Kliknięcia z 7 dni lub wyświetlenia z 1 dnia
2026-03-29,2026-03-29,Leads Agency PL,inactive,,,,10,Dzienny,0,0,0,W toku,Kliknięcia z 7 dni lub wyświetlenia z 1 dnia
2026-03-29,2026-03-29,Pracownik Magazynowy PL/ RU/ ENG Leads,inactive,,,,15,Dzienny,0,0,0,W toku,Kliknięcia z 7 dni lub wyświetlenia z 1 dnia
2026-03-29,2026-03-29,Leads RU Mrozek 100 eur,inactive,,,,10,Dzienny,0,0,0,W toku,Kliknięcia z 7 dni lub wyświetlenia z 1 dnia
2026-03-29,2026-03-29,Leads PL Dyspozytor Poltrakt,inactive,,,,10,Dzienny,0,0,0,W toku,Kliknięcia z 7 dni lub wyświetlenia z 1 dnia
2026-03-29,2026-03-29,Leads PL Dyspozytor Poltrakt,inactive,,,,10,Dzienny,0,0,0,W toku,Kliknięcia z 7 dni lub wyświetlenia z 1 dnia
2026-03-29,2026-03-29,PL Agency Ads,inactive,,,,10,Dzienny,0,0,0,W toku,Kliknięcia z 7 dni lub wyświetlenia z 1 dnia
2026-03-29,2026-03-29,RU Leads Poltrakt CE PL S/F Start 20.06.2026,inactive,,,,30,Dzienny,0,0,0,W toku,Kliknięcia z 7 dni lub wyświetlenia z 1 dnia
2026-03-29,2026-03-29,Leads RU Mrozek 100 eur,inactive,,,,10,Dzienny,0,0,0,W toku,Kliknięcia z 7 dni lub wyświetlenia z 1 dnia
2026-03-29,2026-03-29,Leads ENG Poltrakt Week/Cadence Poland,inactive,,,,20,Dzienny,0,0,0,W toku,Kliknięcia z 7 dni lub wyświetlenia z 1 dnia
2026-03-29,2026-03-29,PL Agency Ads Start 14.05.2026,inactive,,,,10,Dzienny,0,0,0,W toku,Kliknięcia z 7 dni lub wyświetlenia z 1 dnia
2026-03-29,2026-03-29,Poltrakt PL Magazynier,inactive,,,,5,Dzienny,0,0,0,W toku,Kliknięcia z 7 dni lub wyświetlenia z 1 dnia
2026-03-29,2026-03-29,Poltrakt Drivers CE Week/Full,inactive,,,,Użycie budżetu zestawu reklam,0,0,0,0,W toku,Kliknięcia z 7 dni lub wyświetlenia z 1 dnia
2026-03-29,2026-03-29,Poltrakt PL CE Italy/ pol leads,inactive,,,,11,Dzienny,0,0,0,W toku,Kliknięcia z 7 dni lub wyświetlenia z 1 dnia
2026-03-29,2026-03-29,Poltrakt PL CE Pol Leads,inactive,,,,7,Dzienny,0,0,0,W toku,Kliknięcia z 7 dni lub wyświetlenia z 1 dnia
2026-03-28,2026-03-28,Leads Agency PL,inactive,,,,10,Dzienny,0,0,0,W toku,Kliknięcia z 7 dni lub wyświetlenia z 1 dnia
2026-03-28,2026-03-28,Pracownik Magazynowy PL/ RU/ ENG Leads,inactive,,,,15,Dzienny,0,0,0,W toku,Kliknięcia z 7 dni lub wyświetlenia z 1 dnia
2026-03-28,2026-03-28,Leads RU Mrozek 100 eur,inactive,,,,10,Dzienny,0,0,0,W toku,Kliknięcia z 7 dni lub wyświetlenia z 1 dnia
2026-03-28,2026-03-28,Leads PL Dyspozytor Poltrakt,inactive,,,,10,Dzienny,0,0,0,W toku,Kliknięcia z 7 dni lub wyświetlenia z 1 dnia
2026-03-28,2026-03-28,Leads PL Dyspozytor Poltrakt,inactive,,,,10,Dzienny,0,0,0,W toku,Kliknięcia z 7 dni lub wyświetlenia z 1 dnia
2026-03-28,2026-03-28,PL Agency Ads,inactive,,,,10,Dzienny,0,0,0,W toku,Kliknięcia z 7 dni lub wyświetlenia z 1 dnia
2026-03-28,2026-03-28,RU Leads Poltrakt CE PL S/F Start 20.06.2026,inactive,,,,30,Dzienny,0,0,0,W toku,Kliknięcia z 7 dni lub wyświetlenia z 1 dnia
2026-03-28,2026-03-28,Leads RU Mrozek 100 eur,inactive,,,,10,Dzienny,0,0,0,W toku,Kliknięcia z 7 dni lub wyświetlenia z 1 dnia
2026-03-28,2026-03-28,Leads ENG Poltrakt Week/Cadence Poland,inactive,,,,20,Dzienny,0,0,0,W toku,Kliknięcia z 7 dni lub wyświetlenia z 1 dnia
2026-03-28,2026-03-28,PL Agency Ads Start 14.05.2026,inactive,,,,10,Dzienny,0,0,0,W toku,Kliknięcia z 7 dni lub wyświetlenia z 1 dnia
2026-03-28,2026-03-28,Poltrakt PL Magazynier,inactive,,,,5,Dzienny,0,0,0,W toku,Kliknięcia z 7 dni lub wyświetlenia z 1 dnia
2026-03-28,2026-03-28,Poltrakt Drivers CE Week/Full,inactive,,,,Użycie budżetu zestawu reklam,0,0,0,0,W toku,Kliknięcia z 7 dni lub wyświetlenia z 1 dnia
2026-03-28,2026-03-28,Poltrakt PL CE Italy/ pol leads,inactive,,,,11,Dzienny,0,0,0,W toku,Kliknięcia z 7 dni lub wyświetlenia z 1 dnia
2026-03-28,2026-03-28,Poltrakt PL CE Pol Leads,inactive,,,,7,Dzienny,0,0,0,W toku,Kliknięcia z 7 dni lub wyświetlenia z 1 dnia
2026-03-27,2026-03-27,Leads Agency PL,inactive,,,,10,Dzienny,0,0,0,W toku,Kliknięcia z 7 dni lub wyświetlenia z 1 dnia
2026-03-27,2026-03-27,Pracownik Magazynowy PL/ RU/ ENG Leads,inactive,,,,15,Dzienny,0,0,0,W toku,Kliknięcia z 7 dni lub wyświetlenia z 1 dnia
2026-03-27,2026-03-27,Leads RU Mrozek 100 eur,inactive,,,,10,Dzienny,0,0,0,W toku,Kliknięcia z 7 dni lub wyświetlenia z 1 dnia
2026-03-27,2026-03-27,Leads PL Dyspozytor Poltrakt,inactive,,,,10,Dzienny,0,0,0,W toku,Kliknięcia z 7 dni lub wyświetlenia z 1 dnia
2026-03-27,2026-03-27,Leads PL Dyspozytor Poltrakt,inactive,,,,10,Dzienny,0,0,0,W toku,Kliknięcia z 7 dni lub wyświetlenia z 1 dnia
2026-03-27,2026-03-27,PL Agency Ads,inactive,,,,10,Dzienny,0,0,0,W toku,Kliknięcia z 7 dni lub wyświetlenia z 1 dnia
2026-03-27,2026-03-27,RU Leads Poltrakt CE PL S/F Start 20.06.2026,inactive,,,,30,Dzienny,0,0,0,W toku,Kliknięcia z 7 dni lub wyświetlenia z 1 dnia
2026-03-27,2026-03-27,Leads RU Mrozek 100 eur,inactive,,,,10,Dzienny,0,0,0,W toku,Kliknięcia z 7 dni lub wyświetlenia z 1 dnia
2026-03-27,2026-03-27,Leads ENG Poltrakt Week/Cadence Poland,inactive,,,,20,Dzienny,0,0,0,W toku,Kliknięcia z 7 dni lub wyświetlenia z 1 dnia
2026-03-27,2026-03-27,PL Agency Ads Start 14.05.2026,inactive,,,,10,Dzienny,0,0,0,W toku,Kliknięcia z 7 dni lub wyświetlenia z 1 dnia
2026-03-27,2026-03-27,Poltrakt PL Magazynier,inactive,,,,5,Dzienny,0,0,0,W toku,Kliknięcia z 7 dni lub wyświetlenia z 1 dnia
2026-03-27,2026-03-27,Poltrakt Drivers CE Week/Full,inactive,,,,Użycie budżetu zestawu reklam,0,0,0,0,W toku,Kliknięcia z 7 dni lub wyświetlenia z 1 dnia
2026-03-27,2026-03-27,Poltrakt PL CE Italy/ pol leads,inactive,,,,11,Dzienny,0,0,0,W toku,Kliknięcia z 7 dni lub wyświetlenia z 1 dnia
2026-03-27,2026-03-27,Poltrakt PL CE Pol Leads,inactive,,,,7,Dzienny,0,0,0,W toku,Kliknięcia z 7 dni lub wyświetlenia z 1 dnia
2026-03-26,2026-03-26,Leads Agency PL,inactive,,,,10,Dzienny,0,0,0,W toku,Kliknięcia z 7 dni lub wyświetlenia z 1 dnia
2026-03-26,2026-03-26,Pracownik Magazynowy PL/ RU/ ENG Leads,inactive,,,,15,Dzienny,0,0,0,W toku,Kliknięcia z 7 dni lub wyświetlenia z 1 dnia
2026-03-26,2026-03-26,Leads RU Mrozek 100 eur,inactive,,,,10,Dzienny,0,0,0,W toku,Kliknięcia z 7 dni lub wyświetlenia z 1 dnia
2026-03-26,2026-03-26,Leads PL Dyspozytor Poltrakt,inactive,,,,10,Dzienny,0,0,0,W toku,Kliknięcia z 7 dni lub wyświetlenia z 1 dnia
2026-03-26,2026-03-26,Leads PL Dyspozytor Poltrakt,inactive,,,,10,Dzienny,0,0,0,W toku,Kliknięcia z 7 dni lub wyświetlenia z 1 dnia
2026-03-26,2026-03-26,PL Agency Ads,inactive,,,,10,Dzienny,0,0,0,W toku,Kliknięcia z 7 dni lub wyświetlenia z 1 dnia
2026-03-26,2026-03-26,RU Leads Poltrakt CE PL S/F Start 20.06.2026,inactive,,,,30,Dzienny,0,0,0,W toku,Kliknięcia z 7 dni lub wyświetlenia z 1 dnia
2026-03-26,2026-03-26,Leads RU Mrozek 100 eur,inactive,,,,10,Dzienny,0,0,0,W toku,Kliknięcia z 7 dni lub wyświetlenia z 1 dnia
2026-03-26,2026-03-26,Leads ENG Poltrakt Week/Cadence Poland,inactive,,,,20,Dzienny,0,0,0,W toku,Kliknięcia z 7 dni lub wyświetlenia z 1 dnia
2026-03-26,2026-03-26,PL Agency Ads Start 14.05.2026,inactive,,,,10,Dzienny,0,0,0,W toku,Kliknięcia z 7 dni lub wyświetlenia z 1 dnia
2026-03-26,2026-03-26,Poltrakt PL Magazynier,inactive,,,,5,Dzienny,0,0,0,W toku,Kliknięcia z 7 dni lub wyświetlenia z 1 dnia
2026-03-26,2026-03-26,Poltrakt Drivers CE Week/Full,inactive,,,,Użycie budżetu zestawu reklam,0,0,0,0,W toku,Kliknięcia z 7 dni lub wyświetlenia z 1 dnia
2026-03-26,2026-03-26,Poltrakt PL CE Italy/ pol leads,inactive,,,,11,Dzienny,0,0,0,W toku,Kliknięcia z 7 dni lub wyświetlenia z 1 dnia
2026-03-26,2026-03-26,Poltrakt PL CE Pol Leads,inactive,,,,7,Dzienny,0,0,0,W toku,Kliknięcia z 7 dni lub wyświetlenia z 1 dnia
2026-03-25,2026-03-25,Leads Agency PL,inactive,,,,10,Dzienny,0,0,0,W toku,Kliknięcia z 7 dni lub wyświetlenia z 1 dnia
2026-03-25,2026-03-25,Pracownik Magazynowy PL/ RU/ ENG Leads,inactive,,,,15,Dzienny,0,0,0,W toku,Kliknięcia z 7 dni lub wyświetlenia z 1 dnia
2026-03-25,2026-03-25,Leads RU Mrozek 100 eur,inactive,,,,10,Dzienny,0,0,0,W toku,Kliknięcia z 7 dni lub wyświetlenia z 1 dnia
2026-03-25,2026-03-25,Leads PL Dyspozytor Poltrakt,inactive,,,,10,Dzienny,0,0,0,W toku,Kliknięcia z 7 dni lub wyświetlenia z 1 dnia
2026-03-25,2026-03-25,Leads PL Dyspozytor Poltrakt,inactive,,,,10,Dzienny,0,0,0,W toku,Kliknięcia z 7 dni lub wyświetlenia z 1 dnia
2026-03-25,2026-03-25,PL Agency Ads,inactive,,,,10,Dzienny,0,0,0,W toku,Kliknięcia z 7 dni lub wyświetlenia z 1 dnia
2026-03-25,2026-03-25,RU Leads Poltrakt CE PL S/F Start 20.06.2026,inactive,,,,30,Dzienny,0,0,0,W toku,Kliknięcia z 7 dni lub wyświetlenia z 1 dnia
2026-03-25,2026-03-25,Leads RU Mrozek 100 eur,inactive,,,,10,Dzienny,0,0,0,W toku,Kliknięcia z 7 dni lub wyświetlenia z 1 dnia
2026-03-25,2026-03-25,Leads ENG Poltrakt Week/Cadence Poland,inactive,,,,20,Dzienny,0,0,0,W toku,Kliknięcia z 7 dni lub wyświetlenia z 1 dnia
2026-03-25,2026-03-25,PL Agency Ads Start 14.05.2026,inactive,,,,10,Dzienny,0,0,0,W toku,Kliknięcia z 7 dni lub wyświetlenia z 1 dnia
2026-03-25,2026-03-25,Poltrakt PL Magazynier,inactive,,,,5,Dzienny,0,0,0,W toku,Kliknięcia z 7 dni lub wyświetlenia z 1 dnia
2026-03-25,2026-03-25,Poltrakt Drivers CE Week/Full,inactive,,,,Użycie budżetu zestawu reklam,0,0,0,0,W toku,Kliknięcia z 7 dni lub wyświetlenia z 1 dnia
2026-03-25,2026-03-25,Poltrakt PL CE Italy/ pol leads,inactive,,,,11,Dzienny,0,0,0,W toku,Kliknięcia z 7 dni lub wyświetlenia z 1 dnia
2026-03-25,2026-03-25,Poltrakt PL CE Pol Leads,inactive,,,,7,Dzienny,0,0,0,W toku,Kliknięcia z 7 dni lub wyświetlenia z 1 dnia
2026-03-24,2026-03-24,Leads Agency PL,inactive,,,,10,Dzienny,0,0,0,W toku,Kliknięcia z 7 dni lub wyświetlenia z 1 dnia
2026-03-24,2026-03-24,Pracownik Magazynowy PL/ RU/ ENG Leads,inactive,,,,15,Dzienny,0,0,0,W toku,Kliknięcia z 7 dni lub wyświetlenia z 1 dnia
2026-03-24,2026-03-24,Leads RU Mrozek 100 eur,inactive,,,,10,Dzienny,0,0,0,W toku,Kliknięcia z 7 dni lub wyświetlenia z 1 dnia
2026-03-24,2026-03-24,Leads PL Dyspozytor Poltrakt,inactive,,,,10,Dzienny,0,0,0,W toku,Kliknięcia z 7 dni lub wyświetlenia z 1 dnia
2026-03-24,2026-03-24,Leads PL Dyspozytor Poltrakt,inactive,,,,10,Dzienny,0,0,0,W toku,Kliknięcia z 7 dni lub wyświetlenia z 1 dnia
2026-03-24,2026-03-24,PL Agency Ads,inactive,,,,10,Dzienny,0,0,0,W toku,Kliknięcia z 7 dni lub wyświetlenia z 1 dnia
2026-03-24,2026-03-24,RU Leads Poltrakt CE PL S/F Start 20.06.2026,inactive,,,,30,Dzienny,0,0,0,W toku,Kliknięcia z 7 dni lub wyświetlenia z 1 dnia
2026-03-24,2026-03-24,Leads RU Mrozek 100 eur,inactive,,,,10,Dzienny,0,0,0,W toku,Kliknięcia z 7 dni lub wyświetlenia z 1 dnia
2026-03-24,2026-03-24,Leads ENG Poltrakt Week/Cadence Poland,inactive,,,,20,Dzienny,0,0,0,W toku,Kliknięcia z 7 dni lub wyświetlenia z 1 dnia
2026-03-24,2026-03-24,PL Agency Ads Start 14.05.2026,inactive,,,,10,Dzienny,0,0,0,W toku,Kliknięcia z 7 dni lub wyświetlenia z 1 dnia
2026-03-24,2026-03-24,Poltrakt PL Magazynier,inactive,,,,5,Dzienny,0,0,0,W toku,Kliknięcia z 7 dni lub wyświetlenia z 1 dnia
2026-03-24,2026-03-24,Poltrakt Drivers CE Week/Full,inactive,,,,Użycie budżetu zestawu reklam,0,0,0,0,W toku,Kliknięcia z 7 dni lub wyświetlenia z 1 dnia
2026-03-24,2026-03-24,Poltrakt PL CE Italy/ pol leads,inactive,,,,11,Dzienny,0,0,0,W toku,Kliknięcia z 7 dni lub wyświetlenia z 1 dnia
2026-03-24,2026-03-24,Poltrakt PL CE Pol Leads,inactive,,,,7,Dzienny,0,0,0,W toku,Kliknięcia z 7 dni lub wyświetlenia z 1 dnia
2026-03-23,2026-03-23,Leads Agency PL,inactive,,,,10,Dzienny,0,0,0,W toku,Kliknięcia z 7 dni lub wyświetlenia z 1 dnia
2026-03-23,2026-03-23,Pracownik Magazynowy PL/ RU/ ENG Leads,inactive,,,,15,Dzienny,0,0,0,W toku,Kliknięcia z 7 dni lub wyświetlenia z 1 dnia
2026-03-23,2026-03-23,Leads RU Mrozek 100 eur,inactive,,,,10,Dzienny,0,0,0,W toku,Kliknięcia z 7 dni lub wyświetlenia z 1 dnia
2026-03-23,2026-03-23,Leads PL Dyspozytor Poltrakt,inactive,,,,10,Dzienny,0,0,0,W toku,Kliknięcia z 7 dni lub wyświetlenia z 1 dnia
2026-03-23,2026-03-23,Leads PL Dyspozytor Poltrakt,inactive,,,,10,Dzienny,0,0,0,W toku,Kliknięcia z 7 dni lub wyświetlenia z 1 dnia
2026-03-23,2026-03-23,PL Agency Ads,inactive,,,,10,Dzienny,0,0,0,W toku,Kliknięcia z 7 dni lub wyświetlenia z 1 dnia
2026-03-23,2026-03-23,RU Leads Poltrakt CE PL S/F Start 20.06.2026,inactive,,,,30,Dzienny,0,0,0,W toku,Kliknięcia z 7 dni lub wyświetlenia z 1 dnia
2026-03-23,2026-03-23,Leads RU Mrozek 100 eur,inactive,,,,10,Dzienny,0,0,0,W toku,Kliknięcia z 7 dni lub wyświetlenia z 1 dnia
2026-03-23,2026-03-23,Leads ENG Poltrakt Week/Cadence Poland,inactive,,,,20,Dzienny,0,0,0,W toku,Kliknięcia z 7 dni lub wyświetlenia z 1 dnia
2026-03-23,2026-03-23,PL Agency Ads Start 14.05.2026,inactive,,,,10,Dzienny,0,0,0,W toku,Kliknięcia z 7 dni lub wyświetlenia z 1 dnia
2026-03-23,2026-03-23,Poltrakt PL Magazynier,inactive,,,,5,Dzienny,0,0,0,W toku,Kliknięcia z 7 dni lub wyświetlenia z 1 dnia
2026-03-23,2026-03-23,Poltrakt Drivers CE Week/Full,inactive,,,,Użycie budżetu zestawu reklam,0,0,0,0,W toku,Kliknięcia z 7 dni lub wyświetlenia z 1 dnia
2026-03-23,2026-03-23,Poltrakt PL CE Italy/ pol leads,inactive,1,actions:leadgen.other,0.7,11,Dzienny,0.7,351,310,W toku,Kliknięcia z 7 dni lub wyświetlenia z 1 dnia
2026-03-23,2026-03-23,Poltrakt PL CE Pol Leads,inactive,,,,7,Dzienny,0,0,0,W toku,Kliknięcia z 7 dni lub wyświetlenia z 1 dnia
2026-03-22,2026-03-22,Leads Agency PL,inactive,,,,10,Dzienny,0,0,0,W toku,Kliknięcia z 7 dni lub wyświetlenia z 1 dnia
2026-03-22,2026-03-22,Pracownik Magazynowy PL/ RU/ ENG Leads,inactive,,,,15,Dzienny,0,0,0,W toku,Kliknięcia z 7 dni lub wyświetlenia z 1 dnia
2026-03-22,2026-03-22,Leads RU Mrozek 100 eur,inactive,,,,10,Dzienny,0,0,0,W toku,Kliknięcia z 7 dni lub wyświetlenia z 1 dnia
2026-03-22,2026-03-22,Leads PL Dyspozytor Poltrakt,inactive,,,,10,Dzienny,0,0,0,W toku,Kliknięcia z 7 dni lub wyświetlenia z 1 dnia
2026-03-22,2026-03-22,Leads PL Dyspozytor Poltrakt,inactive,,,,10,Dzienny,0,0,0,W toku,Kliknięcia z 7 dni lub wyświetlenia z 1 dnia
2026-03-22,2026-03-22,PL Agency Ads,inactive,,,,10,Dzienny,0,0,0,W toku,Kliknięcia z 7 dni lub wyświetlenia z 1 dnia
2026-03-22,2026-03-22,RU Leads Poltrakt CE PL S/F Start 20.06.2026,inactive,,,,30,Dzienny,0,0,0,W toku,Kliknięcia z 7 dni lub wyświetlenia z 1 dnia
2026-03-22,2026-03-22,Leads RU Mrozek 100 eur,inactive,,,,10,Dzienny,0,0,0,W toku,Kliknięcia z 7 dni lub wyświetlenia z 1 dnia
2026-03-22,2026-03-22,Leads ENG Poltrakt Week/Cadence Poland,inactive,,,,20,Dzienny,0,0,0,W toku,Kliknięcia z 7 dni lub wyświetlenia z 1 dnia
2026-03-22,2026-03-22,PL Agency Ads Start 14.05.2026,inactive,,,,10,Dzienny,0,0,0,W toku,Kliknięcia z 7 dni lub wyświetlenia z 1 dnia
2026-03-22,2026-03-22,Poltrakt PL Magazynier,inactive,,,,5,Dzienny,0,0,0,W toku,Kliknięcia z 7 dni lub wyświetlenia z 1 dnia
2026-03-22,2026-03-22,Poltrakt Drivers CE Week/Full,inactive,,,,Użycie budżetu zestawu reklam,0,0,0,0,W toku,Kliknięcia z 7 dni lub wyświetlenia z 1 dnia
2026-03-22,2026-03-22,Poltrakt PL CE Italy/ pol leads,inactive,29,actions:leadgen.other,0.41,11,Dzienny,11.89,5237,3769,W toku,Kliknięcia z 7 dni lub wyświetlenia z 1 dnia
2026-03-22,2026-03-22,Poltrakt PL CE Pol Leads,inactive,,,,7,Dzienny,0,0,0,W toku,Kliknięcia z 7 dni lub wyświetlenia z 1 dnia
2026-03-21,2026-03-21,Leads Agency PL,inactive,,,,10,Dzienny,0,0,0,W toku,Kliknięcia z 7 dni lub wyświetlenia z 1 dnia
2026-03-21,2026-03-21,Pracownik Magazynowy PL/ RU/ ENG Leads,inactive,,,,15,Dzienny,0,0,0,W toku,Kliknięcia z 7 dni lub wyświetlenia z 1 dnia
2026-03-21,2026-03-21,Leads RU Mrozek 100 eur,inactive,,,,10,Dzienny,0,0,0,W toku,Kliknięcia z 7 dni lub wyświetlenia z 1 dnia
2026-03-21,2026-03-21,Leads PL Dyspozytor Poltrakt,inactive,,,,10,Dzienny,0,0,0,W toku,Kliknięcia z 7 dni lub wyświetlenia z 1 dnia
2026-03-21,2026-03-21,Leads PL Dyspozytor Poltrakt,inactive,,,,10,Dzienny,0,0,0,W toku,Kliknięcia z 7 dni lub wyświetlenia z 1 dnia
2026-03-21,2026-03-21,PL Agency Ads,inactive,,,,10,Dzienny,0,0,0,W toku,Kliknięcia z 7 dni lub wyświetlenia z 1 dnia
2026-03-21,2026-03-21,RU Leads Poltrakt CE PL S/F Start 20.06.2026,inactive,,,,30,Dzienny,0,0,0,W toku,Kliknięcia z 7 dni lub wyświetlenia z 1 dnia
2026-03-21,2026-03-21,Leads RU Mrozek 100 eur,inactive,,,,10,Dzienny,0,0,0,W toku,Kliknięcia z 7 dni lub wyświetlenia z 1 dnia
2026-03-21,2026-03-21,Leads ENG Poltrakt Week/Cadence Poland,inactive,,,,20,Dzienny,0,0,0,W toku,Kliknięcia z 7 dni lub wyświetlenia z 1 dnia
2026-03-21,2026-03-21,PL Agency Ads Start 14.05.2026,inactive,,,,10,Dzienny,0,0,0,W toku,Kliknięcia z 7 dni lub wyświetlenia z 1 dnia
2026-03-21,2026-03-21,Poltrakt PL Magazynier,inactive,,,,5,Dzienny,0,0,0,W toku,Kliknięcia z 7 dni lub wyświetlenia z 1 dnia
2026-03-21,2026-03-21,Poltrakt Drivers CE Week/Full,inactive,,,,Użycie budżetu zestawu reklam,0,0,0,0,W toku,Kliknięcia z 7 dni lub wyświetlenia z 1 dnia
2026-03-21,2026-03-21,Poltrakt PL CE Italy/ pol leads,inactive,10,actions:leadgen.other,0.822,11,Dzienny,8.22,2427,1765,W toku,Kliknięcia z 7 dni lub wyświetlenia z 1 dnia
2026-03-21,2026-03-21,Poltrakt PL CE Pol Leads,inactive,,,,7,Dzienny,0,0,0,W toku,Kliknięcia z 7 dni lub wyświetlenia z 1 dnia
2026-03-20,2026-03-20,Leads Agency PL,inactive,,,,10,Dzienny,0,0,0,W toku,Kliknięcia z 7 dni lub wyświetlenia z 1 dnia
2026-03-20,2026-03-20,Pracownik Magazynowy PL/ RU/ ENG Leads,inactive,,,,15,Dzienny,0,0,0,W toku,Kliknięcia z 7 dni lub wyświetlenia z 1 dnia
2026-03-20,2026-03-20,Leads RU Mrozek 100 eur,inactive,,,,10,Dzienny,0,0,0,W toku,Kliknięcia z 7 dni lub wyświetlenia z 1 dnia
2026-03-20,2026-03-20,Leads PL Dyspozytor Poltrakt,inactive,,,,10,Dzienny,0,0,0,W toku,Kliknięcia z 7 dni lub wyświetlenia z 1 dnia
2026-03-20,2026-03-20,Leads PL Dyspozytor Poltrakt,inactive,,,,10,Dzienny,0,0,0,W toku,Kliknięcia z 7 dni lub wyświetlenia z 1 dnia
2026-03-20,2026-03-20,PL Agency Ads,inactive,,,,10,Dzienny,0,0,0,W toku,Kliknięcia z 7 dni lub wyświetlenia z 1 dnia
2026-03-20,2026-03-20,RU Leads Poltrakt CE PL S/F Start 20.06.2026,inactive,,,,30,Dzienny,0,0,0,W toku,Kliknięcia z 7 dni lub wyświetlenia z 1 dnia
2026-03-20,2026-03-20,Leads RU Mrozek 100 eur,inactive,,,,10,Dzienny,0,0,0,W toku,Kliknięcia z 7 dni lub wyświetlenia z 1 dnia
2026-03-20,2026-03-20,Leads ENG Poltrakt Week/Cadence Poland,inactive,,,,20,Dzienny,0,0,0,W toku,Kliknięcia z 7 dni lub wyświetlenia z 1 dnia
2026-03-20,2026-03-20,PL Agency Ads Start 14.05.2026,inactive,,,,10,Dzienny,0,0,0,W toku,Kliknięcia z 7 dni lub wyświetlenia z 1 dnia
2026-03-20,2026-03-20,Poltrakt PL Magazynier,inactive,,,,5,Dzienny,0,0,0,W toku,Kliknięcia z 7 dni lub wyświetlenia z 1 dnia
2026-03-20,2026-03-20,Poltrakt Drivers CE Week/Full,inactive,,,,Użycie budżetu zestawu reklam,0,0,0,0,W toku,Kliknięcia z 7 dni lub wyświetlenia z 1 dnia
2026-03-20,2026-03-20,Poltrakt PL CE Italy/ pol leads,inactive,19,actions:leadgen.other,0.53315789,11,Dzienny,10.13,2763,1865,W toku,Kliknięcia z 7 dni lub wyświetlenia z 1 dnia
2026-03-20,2026-03-20,Poltrakt PL CE Pol Leads,inactive,,,,7,Dzienny,0,0,0,W toku,Kliknięcia z 7 dni lub wyświetlenia z 1 dnia
2026-03-19,2026-03-19,Leads Agency PL,inactive,,,,10,Dzienny,0,0,0,W toku,Kliknięcia z 7 dni lub wyświetlenia z 1 dnia
2026-03-19,2026-03-19,Pracownik Magazynowy PL/ RU/ ENG Leads,inactive,,,,15,Dzienny,0,0,0,W toku,Kliknięcia z 7 dni lub wyświetlenia z 1 dnia
2026-03-19,2026-03-19,Leads RU Mrozek 100 eur,inactive,,,,10,Dzienny,0,0,0,W toku,Kliknięcia z 7 dni lub wyświetlenia z 1 dnia
2026-03-19,2026-03-19,Leads PL Dyspozytor Poltrakt,inactive,,,,10,Dzienny,0,0,0,W toku,Kliknięcia z 7 dni lub wyświetlenia z 1 dnia
2026-03-19,2026-03-19,Leads PL Dyspozytor Poltrakt,inactive,,,,10,Dzienny,0,0,0,W toku,Kliknięcia z 7 dni lub wyświetlenia z 1 dnia
2026-03-19,2026-03-19,PL Agency Ads,inactive,,,,10,Dzienny,0,0,0,W toku,Kliknięcia z 7 dni lub wyświetlenia z 1 dnia
2026-03-19,2026-03-19,RU Leads Poltrakt CE PL S/F Start 20.06.2026,inactive,,,,30,Dzienny,0,0,0,W toku,Kliknięcia z 7 dni lub wyświetlenia z 1 dnia
2026-03-19,2026-03-19,Leads RU Mrozek 100 eur,inactive,,,,10,Dzienny,0,0,0,W toku,Kliknięcia z 7 dni lub wyświetlenia z 1 dnia
2026-03-19,2026-03-19,Leads ENG Poltrakt Week/Cadence Poland,inactive,,,,20,Dzienny,0,0,0,W toku,Kliknięcia z 7 dni lub wyświetlenia z 1 dnia
2026-03-19,2026-03-19,PL Agency Ads Start 14.05.2026,inactive,,,,10,Dzienny,0,0,0,W toku,Kliknięcia z 7 dni lub wyświetlenia z 1 dnia
2026-03-19,2026-03-19,Poltrakt PL Magazynier,inactive,,,,5,Dzienny,0,0,0,W toku,Kliknięcia z 7 dni lub wyświetlenia z 1 dnia
2026-03-19,2026-03-19,Poltrakt Drivers CE Week/Full,inactive,,,,Użycie budżetu zestawu reklam,0,0,0,0,W toku,Kliknięcia z 7 dni lub wyświetlenia z 1 dnia
2026-03-19,2026-03-19,Poltrakt PL CE Italy/ pol leads,inactive,4,actions:leadgen.other,1.3025,11,Dzienny,5.21,1061,934,W toku,Kliknięcia z 7 dni lub wyświetlenia z 1 dnia
2026-03-19,2026-03-19,Poltrakt PL CE Pol Leads,inactive,,,,7,Dzienny,0,0,0,W toku,Kliknięcia z 7 dni lub wyświetlenia z 1 dnia
2026-03-18,2026-03-18,Leads Agency PL,inactive,,,,10,Dzienny,0,0,0,W toku,Kliknięcia z 7 dni lub wyświetlenia z 1 dnia
2026-03-18,2026-03-18,Pracownik Magazynowy PL/ RU/ ENG Leads,inactive,,,,15,Dzienny,0,0,0,W toku,Kliknięcia z 7 dni lub wyświetlenia z 1 dnia
2026-03-18,2026-03-18,Leads RU Mrozek 100 eur,inactive,,,,10,Dzienny,0,0,0,W toku,Kliknięcia z 7 dni lub wyświetlenia z 1 dnia
2026-03-18,2026-03-18,Leads PL Dyspozytor Poltrakt,inactive,,,,10,Dzienny,0,0,0,W toku,Kliknięcia z 7 dni lub wyświetlenia z 1 dnia
2026-03-18,2026-03-18,Leads PL Dyspozytor Poltrakt,inactive,,,,10,Dzienny,0,0,0,W toku,Kliknięcia z 7 dni lub wyświetlenia z 1 dnia
2026-03-18,2026-03-18,PL Agency Ads,inactive,,,,10,Dzienny,0,0,0,W toku,Kliknięcia z 7 dni lub wyświetlenia z 1 dnia
2026-03-18,2026-03-18,RU Leads Poltrakt CE PL S/F Start 20.06.2026,inactive,,,,30,Dzienny,0,0,0,W toku,Kliknięcia z 7 dni lub wyświetlenia z 1 dnia
2026-03-18,2026-03-18,Leads RU Mrozek 100 eur,inactive,,,,10,Dzienny,0,0,0,W toku,Kliknięcia z 7 dni lub wyświetlenia z 1 dnia
2026-03-18,2026-03-18,Leads ENG Poltrakt Week/Cadence Poland,inactive,,,,20,Dzienny,0,0,0,W toku,Kliknięcia z 7 dni lub wyświetlenia z 1 dnia
2026-03-18,2026-03-18,PL Agency Ads Start 14.05.2026,inactive,,,,10,Dzienny,0,0,0,W toku,Kliknięcia z 7 dni lub wyświetlenia z 1 dnia
2026-03-18,2026-03-18,Poltrakt PL Magazynier,inactive,,,,5,Dzienny,0,0,0,W toku,Kliknięcia z 7 dni lub wyświetlenia z 1 dnia
2026-03-18,2026-03-18,Poltrakt Drivers CE Week/Full,inactive,,,,Użycie budżetu zestawu reklam,0,0,0,0,W toku,Kliknięcia z 7 dni lub wyświetlenia z 1 dnia
2026-03-18,2026-03-18,Poltrakt PL CE Italy/ pol leads,inactive,,,,11,Dzienny,0,0,0,W toku,Kliknięcia z 7 dni lub wyświetlenia z 1 dnia
2026-03-18,2026-03-18,Poltrakt PL CE Pol Leads,inactive,,,,7,Dzienny,0,0,0,W toku,Kliknięcia z 7 dni lub wyświetlenia z 1 dnia
2026-03-17,2026-03-17,Leads Agency PL,inactive,,,,10,Dzienny,0,0,0,W toku,Kliknięcia z 7 dni lub wyświetlenia z 1 dnia
2026-03-17,2026-03-17,Pracownik Magazynowy PL/ RU/ ENG Leads,inactive,,,,15,Dzienny,0,0,0,W toku,Kliknięcia z 7 dni lub wyświetlenia z 1 dnia
2026-03-17,2026-03-17,Leads RU Mrozek 100 eur,inactive,,,,10,Dzienny,0,0,0,W toku,Kliknięcia z 7 dni lub wyświetlenia z 1 dnia
2026-03-17,2026-03-17,Leads PL Dyspozytor Poltrakt,inactive,,,,10,Dzienny,0,0,0,W toku,Kliknięcia z 7 dni lub wyświetlenia z 1 dnia
2026-03-17,2026-03-17,Leads PL Dyspozytor Poltrakt,inactive,,,,10,Dzienny,0,0,0,W toku,Kliknięcia z 7 dni lub wyświetlenia z 1 dnia
2026-03-17,2026-03-17,PL Agency Ads,inactive,,,,10,Dzienny,0,0,0,W toku,Kliknięcia z 7 dni lub wyświetlenia z 1 dnia
2026-03-17,2026-03-17,RU Leads Poltrakt CE PL S/F Start 20.06.2026,inactive,,,,30,Dzienny,0,0,0,W toku,Kliknięcia z 7 dni lub wyświetlenia z 1 dnia
2026-03-17,2026-03-17,Leads RU Mrozek 100 eur,inactive,,,,10,Dzienny,0,0,0,W toku,Kliknięcia z 7 dni lub wyświetlenia z 1 dnia
2026-03-17,2026-03-17,Leads ENG Poltrakt Week/Cadence Poland,inactive,,,,20,Dzienny,0,0,0,W toku,Kliknięcia z 7 dni lub wyświetlenia z 1 dnia
2026-03-17,2026-03-17,PL Agency Ads Start 14.05.2026,inactive,,,,10,Dzienny,0,0,0,W toku,Kliknięcia z 7 dni lub wyświetlenia z 1 dnia
2026-03-17,2026-03-17,Poltrakt PL Magazynier,inactive,,,,5,Dzienny,0,0,0,W toku,Kliknięcia z 7 dni lub wyświetlenia z 1 dnia
2026-03-17,2026-03-17,Poltrakt Drivers CE Week/Full,inactive,,,,Użycie budżetu zestawu reklam,0,0,0,0,W toku,Kliknięcia z 7 dni lub wyświetlenia z 1 dnia
2026-03-17,2026-03-17,Poltrakt PL CE Italy/ pol leads,inactive,,,,11,Dzienny,0,0,0,W toku,Kliknięcia z 7 dni lub wyświetlenia z 1 dnia
2026-03-17,2026-03-17,Poltrakt PL CE Pol Leads,inactive,,,,7,Dzienny,0,0,0,W toku,Kliknięcia z 7 dni lub wyświetlenia z 1 dnia
2026-03-16,2026-03-16,Leads Agency PL,inactive,,,,10,Dzienny,0,0,0,W toku,Kliknięcia z 7 dni lub wyświetlenia z 1 dnia
2026-03-16,2026-03-16,Pracownik Magazynowy PL/ RU/ ENG Leads,inactive,,,,15,Dzienny,0,0,0,W toku,Kliknięcia z 7 dni lub wyświetlenia z 1 dnia
2026-03-16,2026-03-16,Leads RU Mrozek 100 eur,inactive,,,,10,Dzienny,0,0,0,W toku,Kliknięcia z 7 dni lub wyświetlenia z 1 dnia
2026-03-16,2026-03-16,Leads PL Dyspozytor Poltrakt,inactive,,,,10,Dzienny,0,0,0,W toku,Kliknięcia z 7 dni lub wyświetlenia z 1 dnia
2026-03-16,2026-03-16,Leads PL Dyspozytor Poltrakt,inactive,,,,10,Dzienny,0,0,0,W toku,Kliknięcia z 7 dni lub wyświetlenia z 1 dnia
2026-03-16,2026-03-16,PL Agency Ads,inactive,,,,10,Dzienny,0,0,0,W toku,Kliknięcia z 7 dni lub wyświetlenia z 1 dnia
2026-03-16,2026-03-16,RU Leads Poltrakt CE PL S/F Start 20.06.2026,inactive,,,,30,Dzienny,0,0,0,W toku,Kliknięcia z 7 dni lub wyświetlenia z 1 dnia
2026-03-16,2026-03-16,Leads RU Mrozek 100 eur,inactive,,,,10,Dzienny,0,0,0,W toku,Kliknięcia z 7 dni lub wyświetlenia z 1 dnia
2026-03-16,2026-03-16,Leads ENG Poltrakt Week/Cadence Poland,inactive,,,,20,Dzienny,0,0,0,W toku,Kliknięcia z 7 dni lub wyświetlenia z 1 dnia
2026-03-16,2026-03-16,PL Agency Ads Start 14.05.2026,inactive,,,,10,Dzienny,0,0,0,W toku,Kliknięcia z 7 dni lub wyświetlenia z 1 dnia
2026-03-16,2026-03-16,Poltrakt PL Magazynier,inactive,,,,5,Dzienny,0,0,0,W toku,Kliknięcia z 7 dni lub wyświetlenia z 1 dnia
2026-03-16,2026-03-16,Poltrakt Drivers CE Week/Full,inactive,,,,Użycie budżetu zestawu reklam,0,0,0,0,W toku,Kliknięcia z 7 dni lub wyświetlenia z 1 dnia
2026-03-16,2026-03-16,Poltrakt PL CE Italy/ pol leads,inactive,,,,11,Dzienny,0,0,0,W toku,Kliknięcia z 7 dni lub wyświetlenia z 1 dnia
2026-03-16,2026-03-16,Poltrakt PL CE Pol Leads,inactive,,,,7,Dzienny,0,0,0,W toku,Kliknięcia z 7 dni lub wyświetlenia z 1 dnia
2026-03-15,2026-03-15,Leads Agency PL,inactive,,,,10,Dzienny,0,0,0,W toku,Kliknięcia z 7 dni lub wyświetlenia z 1 dnia
2026-03-15,2026-03-15,Pracownik Magazynowy PL/ RU/ ENG Leads,inactive,,,,15,Dzienny,0,0,0,W toku,Kliknięcia z 7 dni lub wyświetlenia z 1 dnia
2026-03-15,2026-03-15,Leads RU Mrozek 100 eur,inactive,,,,10,Dzienny,0,0,0,W toku,Kliknięcia z 7 dni lub wyświetlenia z 1 dnia
2026-03-15,2026-03-15,Leads PL Dyspozytor Poltrakt,inactive,,,,10,Dzienny,0,0,0,W toku,Kliknięcia z 7 dni lub wyświetlenia z 1 dnia
2026-03-15,2026-03-15,Leads PL Dyspozytor Poltrakt,inactive,,,,10,Dzienny,0,0,0,W toku,Kliknięcia z 7 dni lub wyświetlenia z 1 dnia
2026-03-15,2026-03-15,PL Agency Ads,inactive,,,,10,Dzienny,0,0,0,W toku,Kliknięcia z 7 dni lub wyświetlenia z 1 dnia
2026-03-15,2026-03-15,RU Leads Poltrakt CE PL S/F Start 20.06.2026,inactive,,,,30,Dzienny,0,0,0,W toku,Kliknięcia z 7 dni lub wyświetlenia z 1 dnia
2026-03-15,2026-03-15,Leads RU Mrozek 100 eur,inactive,,,,10,Dzienny,0,0,0,W toku,Kliknięcia z 7 dni lub wyświetlenia z 1 dnia
2026-03-15,2026-03-15,Leads ENG Poltrakt Week/Cadence Poland,inactive,,,,20,Dzienny,0,0,0,W toku,Kliknięcia z 7 dni lub wyświetlenia z 1 dnia
2026-03-15,2026-03-15,PL Agency Ads Start 14.05.2026,inactive,,,,10,Dzienny,0,0,0,W toku,Kliknięcia z 7 dni lub wyświetlenia z 1 dnia
2026-03-15,2026-03-15,Poltrakt PL Magazynier,inactive,,,,5,Dzienny,0,0,0,W toku,Kliknięcia z 7 dni lub wyświetlenia z 1 dnia
2026-03-15,2026-03-15,Poltrakt Drivers CE Week/Full,inactive,,,,Użycie budżetu zestawu reklam,0,0,0,0,W toku,Kliknięcia z 7 dni lub wyświetlenia z 1 dnia
2026-03-15,2026-03-15,Poltrakt PL CE Italy/ pol leads,inactive,,,,11,Dzienny,0,0,0,W toku,Kliknięcia z 7 dni lub wyświetlenia z 1 dnia
2026-03-15,2026-03-15,Poltrakt PL CE Pol Leads,inactive,,,,7,Dzienny,0,0,0,W toku,Kliknięcia z 7 dni lub wyświetlenia z 1 dnia
2026-03-14,2026-03-14,Leads Agency PL,inactive,,,,10,Dzienny,0,0,0,W toku,Kliknięcia z 7 dni lub wyświetlenia z 1 dnia
2026-03-14,2026-03-14,Pracownik Magazynowy PL/ RU/ ENG Leads,inactive,,,,15,Dzienny,0,0,0,W toku,Kliknięcia z 7 dni lub wyświetlenia z 1 dnia
2026-03-14,2026-03-14,Leads RU Mrozek 100 eur,inactive,,,,10,Dzienny,0,0,0,W toku,Kliknięcia z 7 dni lub wyświetlenia z 1 dnia
2026-03-14,2026-03-14,Leads PL Dyspozytor Poltrakt,inactive,,,,10,Dzienny,0,0,0,W toku,Kliknięcia z 7 dni lub wyświetlenia z 1 dnia
2026-03-14,2026-03-14,Leads PL Dyspozytor Poltrakt,inactive,,,,10,Dzienny,0,0,0,W toku,Kliknięcia z 7 dni lub wyświetlenia z 1 dnia
2026-03-14,2026-03-14,PL Agency Ads,inactive,,,,10,Dzienny,0,0,0,W toku,Kliknięcia z 7 dni lub wyświetlenia z 1 dnia
2026-03-14,2026-03-14,RU Leads Poltrakt CE PL S/F Start 20.06.2026,inactive,,,,30,Dzienny,0,0,0,W toku,Kliknięcia z 7 dni lub wyświetlenia z 1 dnia
2026-03-14,2026-03-14,Leads RU Mrozek 100 eur,inactive,,,,10,Dzienny,0,0,0,W toku,Kliknięcia z 7 dni lub wyświetlenia z 1 dnia
2026-03-14,2026-03-14,Leads ENG Poltrakt Week/Cadence Poland,inactive,,,,20,Dzienny,0,0,0,W toku,Kliknięcia z 7 dni lub wyświetlenia z 1 dnia
2026-03-14,2026-03-14,PL Agency Ads Start 14.05.2026,inactive,,,,10,Dzienny,0,0,0,W toku,Kliknięcia z 7 dni lub wyświetlenia z 1 dnia
2026-03-14,2026-03-14,Poltrakt PL Magazynier,inactive,,,,5,Dzienny,0,0,0,W toku,Kliknięcia z 7 dni lub wyświetlenia z 1 dnia
2026-03-14,2026-03-14,Poltrakt Drivers CE Week/Full,inactive,,,,Użycie budżetu zestawu reklam,0,0,0,0,W toku,Kliknięcia z 7 dni lub wyświetlenia z 1 dnia
2026-03-14,2026-03-14,Poltrakt PL CE Italy/ pol leads,inactive,,,,11,Dzienny,0,0,0,W toku,Kliknięcia z 7 dni lub wyświetlenia z 1 dnia
2026-03-14,2026-03-14,Poltrakt PL CE Pol Leads,inactive,,,,7,Dzienny,0,0,0,W toku,Kliknięcia z 7 dni lub wyświetlenia z 1 dnia
2026-03-13,2026-03-13,Leads Agency PL,inactive,,,,10,Dzienny,0,0,0,W toku,Kliknięcia z 7 dni lub wyświetlenia z 1 dnia
2026-03-13,2026-03-13,Pracownik Magazynowy PL/ RU/ ENG Leads,inactive,,,,15,Dzienny,0,0,0,W toku,Kliknięcia z 7 dni lub wyświetlenia z 1 dnia
2026-03-13,2026-03-13,Leads RU Mrozek 100 eur,inactive,,,,10,Dzienny,0,0,0,W toku,Kliknięcia z 7 dni lub wyświetlenia z 1 dnia
2026-03-13,2026-03-13,Leads PL Dyspozytor Poltrakt,inactive,,,,10,Dzienny,0,0,0,W toku,Kliknięcia z 7 dni lub wyświetlenia z 1 dnia
2026-03-13,2026-03-13,Leads PL Dyspozytor Poltrakt,inactive,,,,10,Dzienny,0,0,0,W toku,Kliknięcia z 7 dni lub wyświetlenia z 1 dnia
2026-03-13,2026-03-13,PL Agency Ads,inactive,,,,10,Dzienny,0,0,0,W toku,Kliknięcia z 7 dni lub wyświetlenia z 1 dnia
2026-03-13,2026-03-13,RU Leads Poltrakt CE PL S/F Start 20.06.2026,inactive,,,,30,Dzienny,0,0,0,W toku,Kliknięcia z 7 dni lub wyświetlenia z 1 dnia
2026-03-13,2026-03-13,Leads RU Mrozek 100 eur,inactive,,,,10,Dzienny,0,0,0,W toku,Kliknięcia z 7 dni lub wyświetlenia z 1 dnia
2026-03-13,2026-03-13,Leads ENG Poltrakt Week/Cadence Poland,inactive,,,,20,Dzienny,0,0,0,W toku,Kliknięcia z 7 dni lub wyświetlenia z 1 dnia
2026-03-13,2026-03-13,PL Agency Ads Start 14.05.2026,inactive,,,,10,Dzienny,0,0,0,W toku,Kliknięcia z 7 dni lub wyświetlenia z 1 dnia
2026-03-13,2026-03-13,Poltrakt PL Magazynier,inactive,,,,5,Dzienny,0,0,0,W toku,Kliknięcia z 7 dni lub wyświetlenia z 1 dnia
2026-03-13,2026-03-13,Poltrakt Drivers CE Week/Full,inactive,,,,Użycie budżetu zestawu reklam,0,0,0,0,W toku,Kliknięcia z 7 dni lub wyświetlenia z 1 dnia
2026-03-13,2026-03-13,Poltrakt PL CE Italy/ pol leads,inactive,,,,11,Dzienny,0,0,0,W toku,Kliknięcia z 7 dni lub wyświetlenia z 1 dnia
2026-03-13,2026-03-13,Poltrakt PL CE Pol Leads,inactive,,,,7,Dzienny,0,0,0,W toku,Kliknięcia z 7 dni lub wyświetlenia z 1 dnia
2026-03-12,2026-03-12,Leads Agency PL,inactive,,,,10,Dzienny,0,0,0,W toku,Kliknięcia z 7 dni lub wyświetlenia z 1 dnia
2026-03-12,2026-03-12,Pracownik Magazynowy PL/ RU/ ENG Leads,inactive,,,,15,Dzienny,0,0,0,W toku,Kliknięcia z 7 dni lub wyświetlenia z 1 dnia
2026-03-12,2026-03-12,Leads RU Mrozek 100 eur,inactive,,,,10,Dzienny,0,0,0,W toku,Kliknięcia z 7 dni lub wyświetlenia z 1 dnia
2026-03-12,2026-03-12,Leads PL Dyspozytor Poltrakt,inactive,,,,10,Dzienny,0,0,0,W toku,Kliknięcia z 7 dni lub wyświetlenia z 1 dnia
2026-03-12,2026-03-12,Leads PL Dyspozytor Poltrakt,inactive,,,,10,Dzienny,0,0,0,W toku,Kliknięcia z 7 dni lub wyświetlenia z 1 dnia
2026-03-12,2026-03-12,PL Agency Ads,inactive,,,,10,Dzienny,0,0,0,W toku,Kliknięcia z 7 dni lub wyświetlenia z 1 dnia
2026-03-12,2026-03-12,RU Leads Poltrakt CE PL S/F Start 20.06.2026,inactive,,,,30,Dzienny,0,0,0,W toku,Kliknięcia z 7 dni lub wyświetlenia z 1 dnia
2026-03-12,2026-03-12,Leads RU Mrozek 100 eur,inactive,,,,10,Dzienny,0,0,0,W toku,Kliknięcia z 7 dni lub wyświetlenia z 1 dnia
2026-03-12,2026-03-12,Leads ENG Poltrakt Week/Cadence Poland,inactive,,,,20,Dzienny,0,0,0,W toku,Kliknięcia z 7 dni lub wyświetlenia z 1 dnia
2026-03-12,2026-03-12,PL Agency Ads Start 14.05.2026,inactive,,,,10,Dzienny,0,0,0,W toku,Kliknięcia z 7 dni lub wyświetlenia z 1 dnia
2026-03-12,2026-03-12,Poltrakt PL Magazynier,inactive,,,,5,Dzienny,0,0,0,W toku,Kliknięcia z 7 dni lub wyświetlenia z 1 dnia
2026-03-12,2026-03-12,Poltrakt Drivers CE Week/Full,inactive,,,,Użycie budżetu zestawu reklam,0,0,0,0,W toku,Kliknięcia z 7 dni lub wyświetlenia z 1 dnia
2026-03-12,2026-03-12,Poltrakt PL CE Italy/ pol leads,inactive,,,,11,Dzienny,0,0,0,W toku,Kliknięcia z 7 dni lub wyświetlenia z 1 dnia
2026-03-12,2026-03-12,Poltrakt PL CE Pol Leads,inactive,,,,7,Dzienny,0,0,0,W toku,Kliknięcia z 7 dni lub wyświetlenia z 1 dnia
2026-03-11,2026-03-11,Leads Agency PL,inactive,,,,10,Dzienny,0,0,0,W toku,Kliknięcia z 7 dni lub wyświetlenia z 1 dnia
2026-03-11,2026-03-11,Pracownik Magazynowy PL/ RU/ ENG Leads,inactive,,,,15,Dzienny,0,0,0,W toku,Kliknięcia z 7 dni lub wyświetlenia z 1 dnia
2026-03-11,2026-03-11,Leads RU Mrozek 100 eur,inactive,,,,10,Dzienny,0,0,0,W toku,Kliknięcia z 7 dni lub wyświetlenia z 1 dnia
2026-03-11,2026-03-11,Leads PL Dyspozytor Poltrakt,inactive,,,,10,Dzienny,0,0,0,W toku,Kliknięcia z 7 dni lub wyświetlenia z 1 dnia
2026-03-11,2026-03-11,Leads PL Dyspozytor Poltrakt,inactive,,,,10,Dzienny,0,0,0,W toku,Kliknięcia z 7 dni lub wyświetlenia z 1 dnia
2026-03-11,2026-03-11,PL Agency Ads,inactive,,,,10,Dzienny,0,0,0,W toku,Kliknięcia z 7 dni lub wyświetlenia z 1 dnia
2026-03-11,2026-03-11,RU Leads Poltrakt CE PL S/F Start 20.06.2026,inactive,,,,30,Dzienny,0,0,0,W toku,Kliknięcia z 7 dni lub wyświetlenia z 1 dnia
2026-03-11,2026-03-11,Leads RU Mrozek 100 eur,inactive,,,,10,Dzienny,0,0,0,W toku,Kliknięcia z 7 dni lub wyświetlenia z 1 dnia
2026-03-11,2026-03-11,Leads ENG Poltrakt Week/Cadence Poland,inactive,,,,20,Dzienny,0,0,0,W toku,Kliknięcia z 7 dni lub wyświetlenia z 1 dnia
2026-03-11,2026-03-11,PL Agency Ads Start 14.05.2026,inactive,,,,10,Dzienny,0,0,0,W toku,Kliknięcia z 7 dni lub wyświetlenia z 1 dnia
2026-03-11,2026-03-11,Poltrakt PL Magazynier,inactive,,,,5,Dzienny,0,0,0,W toku,Kliknięcia z 7 dni lub wyświetlenia z 1 dnia
2026-03-11,2026-03-11,Poltrakt Drivers CE Week/Full,inactive,,,,Użycie budżetu zestawu reklam,0,0,0,0,W toku,Kliknięcia z 7 dni lub wyświetlenia z 1 dnia
2026-03-11,2026-03-11,Poltrakt PL CE Italy/ pol leads,inactive,,,,11,Dzienny,0,0,0,W toku,Kliknięcia z 7 dni lub wyświetlenia z 1 dnia
2026-03-11,2026-03-11,Poltrakt PL CE Pol Leads,inactive,,,,7,Dzienny,0,0,0,W toku,Kliknięcia z 7 dni lub wyświetlenia z 1 dnia
2026-03-10,2026-03-10,Leads Agency PL,inactive,,,,10,Dzienny,0,0,0,W toku,Kliknięcia z 7 dni lub wyświetlenia z 1 dnia
2026-03-10,2026-03-10,Pracownik Magazynowy PL/ RU/ ENG Leads,inactive,,,,15,Dzienny,0,0,0,W toku,Kliknięcia z 7 dni lub wyświetlenia z 1 dnia
2026-03-10,2026-03-10,Leads RU Mrozek 100 eur,inactive,,,,10,Dzienny,0,0,0,W toku,Kliknięcia z 7 dni lub wyświetlenia z 1 dnia
2026-03-10,2026-03-10,Leads PL Dyspozytor Poltrakt,inactive,,,,10,Dzienny,0,0,0,W toku,Kliknięcia z 7 dni lub wyświetlenia z 1 dnia
2026-03-10,2026-03-10,Leads PL Dyspozytor Poltrakt,inactive,,,,10,Dzienny,0,0,0,W toku,Kliknięcia z 7 dni lub wyświetlenia z 1 dnia
2026-03-10,2026-03-10,PL Agency Ads,inactive,,,,10,Dzienny,0,0,0,W toku,Kliknięcia z 7 dni lub wyświetlenia z 1 dnia
2026-03-10,2026-03-10,RU Leads Poltrakt CE PL S/F Start 20.06.2026,inactive,,,,30,Dzienny,0,0,0,W toku,Kliknięcia z 7 dni lub wyświetlenia z 1 dnia
2026-03-10,2026-03-10,Leads RU Mrozek 100 eur,inactive,,,,10,Dzienny,0,0,0,W toku,Kliknięcia z 7 dni lub wyświetlenia z 1 dnia
2026-03-10,2026-03-10,Leads ENG Poltrakt Week/Cadence Poland,inactive,,,,20,Dzienny,0,0,0,W toku,Kliknięcia z 7 dni lub wyświetlenia z 1 dnia
2026-03-10,2026-03-10,PL Agency Ads Start 14.05.2026,inactive,,,,10,Dzienny,0,0,0,W toku,Kliknięcia z 7 dni lub wyświetlenia z 1 dnia
2026-03-10,2026-03-10,Poltrakt PL Magazynier,inactive,,,,5,Dzienny,0,0,0,W toku,Kliknięcia z 7 dni lub wyświetlenia z 1 dnia
2026-03-10,2026-03-10,Poltrakt Drivers CE Week/Full,inactive,,,,Użycie budżetu zestawu reklam,0,0,0,0,W toku,Kliknięcia z 7 dni lub wyświetlenia z 1 dnia
2026-03-10,2026-03-10,Poltrakt PL CE Italy/ pol leads,inactive,,,,11,Dzienny,0,0,0,W toku,Kliknięcia z 7 dni lub wyświetlenia z 1 dnia
2026-03-10,2026-03-10,Poltrakt PL CE Pol Leads,inactive,,,,7,Dzienny,0,0,0,W toku,Kliknięcia z 7 dni lub wyświetlenia z 1 dnia
2026-03-09,2026-03-09,Leads Agency PL,inactive,,,,10,Dzienny,0,0,0,W toku,Kliknięcia z 7 dni lub wyświetlenia z 1 dnia
2026-03-09,2026-03-09,Pracownik Magazynowy PL/ RU/ ENG Leads,inactive,,,,15,Dzienny,0,0,0,W toku,Kliknięcia z 7 dni lub wyświetlenia z 1 dnia
2026-03-09,2026-03-09,Leads RU Mrozek 100 eur,inactive,,,,10,Dzienny,0,0,0,W toku,Kliknięcia z 7 dni lub wyświetlenia z 1 dnia
2026-03-09,2026-03-09,Leads PL Dyspozytor Poltrakt,inactive,,,,10,Dzienny,0,0,0,W toku,Kliknięcia z 7 dni lub wyświetlenia z 1 dnia
2026-03-09,2026-03-09,Leads PL Dyspozytor Poltrakt,inactive,,,,10,Dzienny,0,0,0,W toku,Kliknięcia z 7 dni lub wyświetlenia z 1 dnia
2026-03-09,2026-03-09,PL Agency Ads,inactive,,,,10,Dzienny,0,0,0,W toku,Kliknięcia z 7 dni lub wyświetlenia z 1 dnia
2026-03-09,2026-03-09,RU Leads Poltrakt CE PL S/F Start 20.06.2026,inactive,,,,30,Dzienny,0,0,0,W toku,Kliknięcia z 7 dni lub wyświetlenia z 1 dnia
2026-03-09,2026-03-09,Leads RU Mrozek 100 eur,inactive,,,,10,Dzienny,0,0,0,W toku,Kliknięcia z 7 dni lub wyświetlenia z 1 dnia
2026-03-09,2026-03-09,Leads ENG Poltrakt Week/Cadence Poland,inactive,,,,20,Dzienny,0,0,0,W toku,Kliknięcia z 7 dni lub wyświetlenia z 1 dnia
2026-03-09,2026-03-09,PL Agency Ads Start 14.05.2026,inactive,,,,10,Dzienny,0,0,0,W toku,Kliknięcia z 7 dni lub wyświetlenia z 1 dnia
2026-03-09,2026-03-09,Poltrakt PL Magazynier,inactive,,,,5,Dzienny,0,0,0,W toku,Kliknięcia z 7 dni lub wyświetlenia z 1 dnia
2026-03-09,2026-03-09,Poltrakt Drivers CE Week/Full,inactive,,,,Użycie budżetu zestawu reklam,0,0,0,0,W toku,Kliknięcia z 7 dni lub wyświetlenia z 1 dnia
2026-03-09,2026-03-09,Poltrakt PL CE Italy/ pol leads,inactive,,,,11,Dzienny,0,0,0,W toku,Kliknięcia z 7 dni lub wyświetlenia z 1 dnia
2026-03-09,2026-03-09,Poltrakt PL CE Pol Leads,inactive,,,,7,Dzienny,0,0,0,W toku,Kliknięcia z 7 dni lub wyświetlenia z 1 dnia
2026-03-08,2026-03-08,Leads Agency PL,inactive,,,,10,Dzienny,0,0,0,W toku,Kliknięcia z 7 dni lub wyświetlenia z 1 dnia
2026-03-08,2026-03-08,Pracownik Magazynowy PL/ RU/ ENG Leads,inactive,,,,15,Dzienny,0,0,0,W toku,Kliknięcia z 7 dni lub wyświetlenia z 1 dnia
2026-03-08,2026-03-08,Leads RU Mrozek 100 eur,inactive,,,,10,Dzienny,0,0,0,W toku,Kliknięcia z 7 dni lub wyświetlenia z 1 dnia
2026-03-08,2026-03-08,Leads PL Dyspozytor Poltrakt,inactive,,,,10,Dzienny,0,0,0,W toku,Kliknięcia z 7 dni lub wyświetlenia z 1 dnia
2026-03-08,2026-03-08,Leads PL Dyspozytor Poltrakt,inactive,,,,10,Dzienny,0,0,0,W toku,Kliknięcia z 7 dni lub wyświetlenia z 1 dnia
2026-03-08,2026-03-08,PL Agency Ads,inactive,,,,10,Dzienny,0,0,0,W toku,Kliknięcia z 7 dni lub wyświetlenia z 1 dnia
2026-03-08,2026-03-08,RU Leads Poltrakt CE PL S/F Start 20.06.2026,inactive,,,,30,Dzienny,0,0,0,W toku,Kliknięcia z 7 dni lub wyświetlenia z 1 dnia
2026-03-08,2026-03-08,Leads RU Mrozek 100 eur,inactive,,,,10,Dzienny,0,0,0,W toku,Kliknięcia z 7 dni lub wyświetlenia z 1 dnia
2026-03-08,2026-03-08,Leads ENG Poltrakt Week/Cadence Poland,inactive,,,,20,Dzienny,0,0,0,W toku,Kliknięcia z 7 dni lub wyświetlenia z 1 dnia
2026-03-08,2026-03-08,PL Agency Ads Start 14.05.2026,inactive,,,,10,Dzienny,0,0,0,W toku,Kliknięcia z 7 dni lub wyświetlenia z 1 dnia
2026-03-08,2026-03-08,Poltrakt PL Magazynier,inactive,,,,5,Dzienny,0,0,0,W toku,Kliknięcia z 7 dni lub wyświetlenia z 1 dnia
2026-03-08,2026-03-08,Poltrakt Drivers CE Week/Full,inactive,,,,Użycie budżetu zestawu reklam,0,0,0,0,W toku,Kliknięcia z 7 dni lub wyświetlenia z 1 dnia
2026-03-08,2026-03-08,Poltrakt PL CE Italy/ pol leads,inactive,,,,11,Dzienny,0,0,0,W toku,Kliknięcia z 7 dni lub wyświetlenia z 1 dnia
2026-03-08,2026-03-08,Poltrakt PL CE Pol Leads,inactive,,,,7,Dzienny,0,0,0,W toku,Kliknięcia z 7 dni lub wyświetlenia z 1 dnia
2026-03-07,2026-03-07,Leads Agency PL,inactive,,,,10,Dzienny,0,0,0,W toku,Kliknięcia z 7 dni lub wyświetlenia z 1 dnia
2026-03-07,2026-03-07,Pracownik Magazynowy PL/ RU/ ENG Leads,inactive,,,,15,Dzienny,0,0,0,W toku,Kliknięcia z 7 dni lub wyświetlenia z 1 dnia
2026-03-07,2026-03-07,Leads RU Mrozek 100 eur,inactive,,,,10,Dzienny,0,0,0,W toku,Kliknięcia z 7 dni lub wyświetlenia z 1 dnia
2026-03-07,2026-03-07,Leads PL Dyspozytor Poltrakt,inactive,,,,10,Dzienny,0,0,0,W toku,Kliknięcia z 7 dni lub wyświetlenia z 1 dnia
2026-03-07,2026-03-07,Leads PL Dyspozytor Poltrakt,inactive,,,,10,Dzienny,0,0,0,W toku,Kliknięcia z 7 dni lub wyświetlenia z 1 dnia
2026-03-07,2026-03-07,PL Agency Ads,inactive,,,,10,Dzienny,0,0,0,W toku,Kliknięcia z 7 dni lub wyświetlenia z 1 dnia
2026-03-07,2026-03-07,RU Leads Poltrakt CE PL S/F Start 20.06.2026,inactive,,,,30,Dzienny,0,0,0,W toku,Kliknięcia z 7 dni lub wyświetlenia z 1 dnia
2026-03-07,2026-03-07,Leads RU Mrozek 100 eur,inactive,,,,10,Dzienny,0,0,0,W toku,Kliknięcia z 7 dni lub wyświetlenia z 1 dnia
2026-03-07,2026-03-07,Leads ENG Poltrakt Week/Cadence Poland,inactive,,,,20,Dzienny,0,0,0,W toku,Kliknięcia z 7 dni lub wyświetlenia z 1 dnia
2026-03-07,2026-03-07,PL Agency Ads Start 14.05.2026,inactive,,,,10,Dzienny,0,0,0,W toku,Kliknięcia z 7 dni lub wyświetlenia z 1 dnia
2026-03-07,2026-03-07,Poltrakt PL Magazynier,inactive,,,,5,Dzienny,0,0,0,W toku,Kliknięcia z 7 dni lub wyświetlenia z 1 dnia
2026-03-07,2026-03-07,Poltrakt Drivers CE Week/Full,inactive,,,,Użycie budżetu zestawu reklam,0,0,0,0,W toku,Kliknięcia z 7 dni lub wyświetlenia z 1 dnia
2026-03-07,2026-03-07,Poltrakt PL CE Italy/ pol leads,inactive,,,,11,Dzienny,0,0,0,W toku,Kliknięcia z 7 dni lub wyświetlenia z 1 dnia
2026-03-07,2026-03-07,Poltrakt PL CE Pol Leads,inactive,,,,7,Dzienny,0,0,0,W toku,Kliknięcia z 7 dni lub wyświetlenia z 1 dnia
2026-03-06,2026-03-06,Leads Agency PL,inactive,,,,10,Dzienny,0,0,0,W toku,Kliknięcia z 7 dni lub wyświetlenia z 1 dnia
2026-03-06,2026-03-06,Pracownik Magazynowy PL/ RU/ ENG Leads,inactive,,,,15,Dzienny,0,0,0,W toku,Kliknięcia z 7 dni lub wyświetlenia z 1 dnia
2026-03-06,2026-03-06,Leads RU Mrozek 100 eur,inactive,,,,10,Dzienny,0,0,0,W toku,Kliknięcia z 7 dni lub wyświetlenia z 1 dnia
2026-03-06,2026-03-06,Leads PL Dyspozytor Poltrakt,inactive,,,,10,Dzienny,0,0,0,W toku,Kliknięcia z 7 dni lub wyświetlenia z 1 dnia
2026-03-06,2026-03-06,Leads PL Dyspozytor Poltrakt,inactive,,,,10,Dzienny,0,0,0,W toku,Kliknięcia z 7 dni lub wyświetlenia z 1 dnia
2026-03-06,2026-03-06,PL Agency Ads,inactive,,,,10,Dzienny,0,0,0,W toku,Kliknięcia z 7 dni lub wyświetlenia z 1 dnia
2026-03-06,2026-03-06,RU Leads Poltrakt CE PL S/F Start 20.06.2026,inactive,,,,30,Dzienny,0,0,0,W toku,Kliknięcia z 7 dni lub wyświetlenia z 1 dnia
2026-03-06,2026-03-06,Leads RU Mrozek 100 eur,inactive,,,,10,Dzienny,0,0,0,W toku,Kliknięcia z 7 dni lub wyświetlenia z 1 dnia
2026-03-06,2026-03-06,Leads ENG Poltrakt Week/Cadence Poland,inactive,,,,20,Dzienny,0,0,0,W toku,Kliknięcia z 7 dni lub wyświetlenia z 1 dnia
2026-03-06,2026-03-06,PL Agency Ads Start 14.05.2026,inactive,,,,10,Dzienny,0,0,0,W toku,Kliknięcia z 7 dni lub wyświetlenia z 1 dnia
2026-03-06,2026-03-06,Poltrakt PL Magazynier,inactive,,,,5,Dzienny,0,0,0,W toku,Kliknięcia z 7 dni lub wyświetlenia z 1 dnia
2026-03-06,2026-03-06,Poltrakt Drivers CE Week/Full,inactive,,,,Użycie budżetu zestawu reklam,0,0,0,0,W toku,Kliknięcia z 7 dni lub wyświetlenia z 1 dnia
2026-03-06,2026-03-06,Poltrakt PL CE Italy/ pol leads,inactive,,,,11,Dzienny,0,0,0,W toku,Kliknięcia z 7 dni lub wyświetlenia z 1 dnia
2026-03-06,2026-03-06,Poltrakt PL CE Pol Leads,inactive,,,,7,Dzienny,0,0,0,W toku,Kliknięcia z 7 dni lub wyświetlenia z 1 dnia
2026-03-05,2026-03-05,Leads Agency PL,inactive,,,,10,Dzienny,0,0,0,W toku,Kliknięcia z 7 dni lub wyświetlenia z 1 dnia
2026-03-05,2026-03-05,Pracownik Magazynowy PL/ RU/ ENG Leads,inactive,,,,15,Dzienny,0,0,0,W toku,Kliknięcia z 7 dni lub wyświetlenia z 1 dnia
2026-03-05,2026-03-05,Leads RU Mrozek 100 eur,inactive,,,,10,Dzienny,0,0,0,W toku,Kliknięcia z 7 dni lub wyświetlenia z 1 dnia
2026-03-05,2026-03-05,Leads PL Dyspozytor Poltrakt,inactive,,,,10,Dzienny,0,0,0,W toku,Kliknięcia z 7 dni lub wyświetlenia z 1 dnia
2026-03-05,2026-03-05,Leads PL Dyspozytor Poltrakt,inactive,,,,10,Dzienny,0,0,0,W toku,Kliknięcia z 7 dni lub wyświetlenia z 1 dnia
2026-03-05,2026-03-05,PL Agency Ads,inactive,,,,10,Dzienny,0,0,0,W toku,Kliknięcia z 7 dni lub wyświetlenia z 1 dnia
2026-03-05,2026-03-05,RU Leads Poltrakt CE PL S/F Start 20.06.2026,inactive,,,,30,Dzienny,0,0,0,W toku,Kliknięcia z 7 dni lub wyświetlenia z 1 dnia
2026-03-05,2026-03-05,Leads RU Mrozek 100 eur,inactive,,,,10,Dzienny,0,0,0,W toku,Kliknięcia z 7 dni lub wyświetlenia z 1 dnia
2026-03-05,2026-03-05,Leads ENG Poltrakt Week/Cadence Poland,inactive,,,,20,Dzienny,0,0,0,W toku,Kliknięcia z 7 dni lub wyświetlenia z 1 dnia
2026-03-05,2026-03-05,PL Agency Ads Start 14.05.2026,inactive,,,,10,Dzienny,0,0,0,W toku,Kliknięcia z 7 dni lub wyświetlenia z 1 dnia
2026-03-05,2026-03-05,Poltrakt PL Magazynier,inactive,,,,5,Dzienny,0,0,0,W toku,Kliknięcia z 7 dni lub wyświetlenia z 1 dnia
2026-03-05,2026-03-05,Poltrakt Drivers CE Week/Full,inactive,,,,Użycie budżetu zestawu reklam,0,0,0,0,W toku,Kliknięcia z 7 dni lub wyświetlenia z 1 dnia
2026-03-05,2026-03-05,Poltrakt PL CE Italy/ pol leads,inactive,,,,11,Dzienny,0,0,0,W toku,Kliknięcia z 7 dni lub wyświetlenia z 1 dnia
2026-03-05,2026-03-05,Poltrakt PL CE Pol Leads,inactive,,,,7,Dzienny,0,0,0,W toku,Kliknięcia z 7 dni lub wyświetlenia z 1 dnia
2026-03-04,2026-03-04,Leads Agency PL,inactive,,,,10,Dzienny,0,0,0,W toku,Kliknięcia z 7 dni lub wyświetlenia z 1 dnia
2026-03-04,2026-03-04,Pracownik Magazynowy PL/ RU/ ENG Leads,inactive,,,,15,Dzienny,0,0,0,W toku,Kliknięcia z 7 dni lub wyświetlenia z 1 dnia
2026-03-04,2026-03-04,Leads RU Mrozek 100 eur,inactive,,,,10,Dzienny,0,0,0,W toku,Kliknięcia z 7 dni lub wyświetlenia z 1 dnia
2026-03-04,2026-03-04,Leads PL Dyspozytor Poltrakt,inactive,,,,10,Dzienny,0,0,0,W toku,Kliknięcia z 7 dni lub wyświetlenia z 1 dnia
2026-03-04,2026-03-04,Leads PL Dyspozytor Poltrakt,inactive,,,,10,Dzienny,0,0,0,W toku,Kliknięcia z 7 dni lub wyświetlenia z 1 dnia
2026-03-04,2026-03-04,PL Agency Ads,inactive,,,,10,Dzienny,0,0,0,W toku,Kliknięcia z 7 dni lub wyświetlenia z 1 dnia
2026-03-04,2026-03-04,RU Leads Poltrakt CE PL S/F Start 20.06.2026,inactive,,,,30,Dzienny,0,0,0,W toku,Kliknięcia z 7 dni lub wyświetlenia z 1 dnia
2026-03-04,2026-03-04,Leads RU Mrozek 100 eur,inactive,,,,10,Dzienny,0,0,0,W toku,Kliknięcia z 7 dni lub wyświetlenia z 1 dnia
2026-03-04,2026-03-04,Leads ENG Poltrakt Week/Cadence Poland,inactive,,,,20,Dzienny,0,0,0,W toku,Kliknięcia z 7 dni lub wyświetlenia z 1 dnia
2026-03-04,2026-03-04,PL Agency Ads Start 14.05.2026,inactive,,,,10,Dzienny,0,0,0,W toku,Kliknięcia z 7 dni lub wyświetlenia z 1 dnia
2026-03-04,2026-03-04,Poltrakt PL Magazynier,inactive,,,,5,Dzienny,0,0,0,W toku,Kliknięcia z 7 dni lub wyświetlenia z 1 dnia
2026-03-04,2026-03-04,Poltrakt Drivers CE Week/Full,inactive,,,,Użycie budżetu zestawu reklam,0,0,0,0,W toku,Kliknięcia z 7 dni lub wyświetlenia z 1 dnia
2026-03-04,2026-03-04,Poltrakt PL CE Italy/ pol leads,inactive,,,,11,Dzienny,0,0,0,W toku,Kliknięcia z 7 dni lub wyświetlenia z 1 dnia
2026-03-04,2026-03-04,Poltrakt PL CE Pol Leads,inactive,,,,7,Dzienny,0,0,0,W toku,Kliknięcia z 7 dni lub wyświetlenia z 1 dnia
2026-03-03,2026-03-03,Leads Agency PL,inactive,,,,10,Dzienny,0,0,0,W toku,Kliknięcia z 7 dni lub wyświetlenia z 1 dnia
2026-03-03,2026-03-03,Pracownik Magazynowy PL/ RU/ ENG Leads,inactive,,,,15,Dzienny,0,0,0,W toku,Kliknięcia z 7 dni lub wyświetlenia z 1 dnia
2026-03-03,2026-03-03,Leads RU Mrozek 100 eur,inactive,,,,10,Dzienny,0,0,0,W toku,Kliknięcia z 7 dni lub wyświetlenia z 1 dnia
2026-03-03,2026-03-03,Leads PL Dyspozytor Poltrakt,inactive,,,,10,Dzienny,0,0,0,W toku,Kliknięcia z 7 dni lub wyświetlenia z 1 dnia
2026-03-03,2026-03-03,Leads PL Dyspozytor Poltrakt,inactive,,,,10,Dzienny,0,0,0,W toku,Kliknięcia z 7 dni lub wyświetlenia z 1 dnia
2026-03-03,2026-03-03,PL Agency Ads,inactive,,,,10,Dzienny,0,0,0,W toku,Kliknięcia z 7 dni lub wyświetlenia z 1 dnia
2026-03-03,2026-03-03,RU Leads Poltrakt CE PL S/F Start 20.06.2026,inactive,,,,30,Dzienny,0,0,0,W toku,Kliknięcia z 7 dni lub wyświetlenia z 1 dnia
2026-03-03,2026-03-03,Leads RU Mrozek 100 eur,inactive,,,,10,Dzienny,0,0,0,W toku,Kliknięcia z 7 dni lub wyświetlenia z 1 dnia
2026-03-03,2026-03-03,Leads ENG Poltrakt Week/Cadence Poland,inactive,,,,20,Dzienny,0,0,0,W toku,Kliknięcia z 7 dni lub wyświetlenia z 1 dnia
2026-03-03,2026-03-03,PL Agency Ads Start 14.05.2026,inactive,,,,10,Dzienny,0,0,0,W toku,Kliknięcia z 7 dni lub wyświetlenia z 1 dnia
2026-03-03,2026-03-03,Poltrakt PL Magazynier,inactive,,,,5,Dzienny,0,0,0,W toku,Kliknięcia z 7 dni lub wyświetlenia z 1 dnia
2026-03-03,2026-03-03,Poltrakt Drivers CE Week/Full,inactive,,,,Użycie budżetu zestawu reklam,0,0,0,0,W toku,Kliknięcia z 7 dni lub wyświetlenia z 1 dnia
2026-03-03,2026-03-03,Poltrakt PL CE Italy/ pol leads,inactive,,,,11,Dzienny,0,0,0,W toku,Kliknięcia z 7 dni lub wyświetlenia z 1 dnia
2026-03-03,2026-03-03,Poltrakt PL CE Pol Leads,inactive,7,actions:leadgen.other,0.44571429,7,Dzienny,3.12,1023,872,W toku,Kliknięcia z 7 dni lub wyświetlenia z 1 dnia
2026-03-02,2026-03-02,Leads Agency PL,inactive,,,,10,Dzienny,0,0,0,W toku,Kliknięcia z 7 dni lub wyświetlenia z 1 dnia
2026-03-02,2026-03-02,Pracownik Magazynowy PL/ RU/ ENG Leads,inactive,,,,15,Dzienny,0,0,0,W toku,Kliknięcia z 7 dni lub wyświetlenia z 1 dnia
2026-03-02,2026-03-02,Leads RU Mrozek 100 eur,inactive,,,,10,Dzienny,0,0,0,W toku,Kliknięcia z 7 dni lub wyświetlenia z 1 dnia
2026-03-02,2026-03-02,Leads PL Dyspozytor Poltrakt,inactive,,,,10,Dzienny,0,0,0,W toku,Kliknięcia z 7 dni lub wyświetlenia z 1 dnia
2026-03-02,2026-03-02,Leads PL Dyspozytor Poltrakt,inactive,,,,10,Dzienny,0,0,0,W toku,Kliknięcia z 7 dni lub wyświetlenia z 1 dnia
2026-03-02,2026-03-02,PL Agency Ads,inactive,,,,10,Dzienny,0,0,0,W toku,Kliknięcia z 7 dni lub wyświetlenia z 1 dnia
2026-03-02,2026-03-02,RU Leads Poltrakt CE PL S/F Start 20.06.2026,inactive,,,,30,Dzienny,0,0,0,W toku,Kliknięcia z 7 dni lub wyświetlenia z 1 dnia
2026-03-02,2026-03-02,Leads RU Mrozek 100 eur,inactive,,,,10,Dzienny,0,0,0,W toku,Kliknięcia z 7 dni lub wyświetlenia z 1 dnia
2026-03-02,2026-03-02,Leads ENG Poltrakt Week/Cadence Poland,inactive,,,,20,Dzienny,0,0,0,W toku,Kliknięcia z 7 dni lub wyświetlenia z 1 dnia
2026-03-02,2026-03-02,PL Agency Ads Start 14.05.2026,inactive,,,,10,Dzienny,0,0,0,W toku,Kliknięcia z 7 dni lub wyświetlenia z 1 dnia
2026-03-02,2026-03-02,Poltrakt PL Magazynier,inactive,,,,5,Dzienny,0,0,0,W toku,Kliknięcia z 7 dni lub wyświetlenia z 1 dnia
2026-03-02,2026-03-02,Poltrakt Drivers CE Week/Full,inactive,,,,Użycie budżetu zestawu reklam,0,0,0,0,W toku,Kliknięcia z 7 dni lub wyświetlenia z 1 dnia
2026-03-02,2026-03-02,Poltrakt PL CE Italy/ pol leads,inactive,,,,11,Dzienny,0,0,0,W toku,Kliknięcia z 7 dni lub wyświetlenia z 1 dnia
2026-03-02,2026-03-02,Poltrakt PL CE Pol Leads,inactive,9,actions:leadgen.other,0.53222222,7,Dzienny,4.79,1052,887,W toku,Kliknięcia z 7 dni lub wyświetlenia z 1 dnia
2026-03-01,2026-03-01,Leads Agency PL,inactive,,,,10,Dzienny,0,0,0,W toku,Kliknięcia z 7 dni lub wyświetlenia z 1 dnia
2026-03-01,2026-03-01,Pracownik Magazynowy PL/ RU/ ENG Leads,inactive,,,,15,Dzienny,0,0,0,W toku,Kliknięcia z 7 dni lub wyświetlenia z 1 dnia
2026-03-01,2026-03-01,Leads RU Mrozek 100 eur,inactive,,,,10,Dzienny,0,0,0,W toku,Kliknięcia z 7 dni lub wyświetlenia z 1 dnia
2026-03-01,2026-03-01,Leads PL Dyspozytor Poltrakt,inactive,,,,10,Dzienny,0,0,0,W toku,Kliknięcia z 7 dni lub wyświetlenia z 1 dnia
2026-03-01,2026-03-01,Leads PL Dyspozytor Poltrakt,inactive,,,,10,Dzienny,0,0,0,W toku,Kliknięcia z 7 dni lub wyświetlenia z 1 dnia
2026-03-01,2026-03-01,PL Agency Ads,inactive,,,,10,Dzienny,0,0,0,W toku,Kliknięcia z 7 dni lub wyświetlenia z 1 dnia
2026-03-01,2026-03-01,RU Leads Poltrakt CE PL S/F Start 20.06.2026,inactive,,,,30,Dzienny,0,0,0,W toku,Kliknięcia z 7 dni lub wyświetlenia z 1 dnia
2026-03-01,2026-03-01,Leads RU Mrozek 100 eur,inactive,,,,10,Dzienny,0,0,0,W toku,Kliknięcia z 7 dni lub wyświetlenia z 1 dnia
2026-03-01,2026-03-01,Leads ENG Poltrakt Week/Cadence Poland,inactive,,,,20,Dzienny,0,0,0,W toku,Kliknięcia z 7 dni lub wyświetlenia z 1 dnia
2026-03-01,2026-03-01,PL Agency Ads Start 14.05.2026,inactive,,,,10,Dzienny,0,0,0,W toku,Kliknięcia z 7 dni lub wyświetlenia z 1 dnia
2026-03-01,2026-03-01,Poltrakt PL Magazynier,inactive,,,,5,Dzienny,0,0,0,W toku,Kliknięcia z 7 dni lub wyświetlenia z 1 dnia
2026-03-01,2026-03-01,Poltrakt Drivers CE Week/Full,inactive,,,,Użycie budżetu zestawu reklam,0,0,0,0,W toku,Kliknięcia z 7 dni lub wyświetlenia z 1 dnia
2026-03-01,2026-03-01,Poltrakt PL CE Italy/ pol leads,inactive,,,,11,Dzienny,0,0,0,W toku,Kliknięcia z 7 dni lub wyświetlenia z 1 dnia
2026-03-01,2026-03-01,Poltrakt PL CE Pol Leads,inactive,,,,7,Dzienny,0,0,0,W toku,Kliknięcia z 7 dni lub wyświetlenia z 1 dnia
2026-02-28,2026-02-28,Leads Agency PL,inactive,,,,10,Dzienny,0,0,0,W toku,Kliknięcia z 7 dni lub wyświetlenia z 1 dnia
2026-02-28,2026-02-28,Pracownik Magazynowy PL/ RU/ ENG Leads,inactive,,,,15,Dzienny,0,0,0,W toku,Kliknięcia z 7 dni lub wyświetlenia z 1 dnia
2026-02-28,2026-02-28,Leads RU Mrozek 100 eur,inactive,,,,10,Dzienny,0,0,0,W toku,Kliknięcia z 7 dni lub wyświetlenia z 1 dnia
2026-02-28,2026-02-28,Leads PL Dyspozytor Poltrakt,inactive,,,,10,Dzienny,0,0,0,W toku,Kliknięcia z 7 dni lub wyświetlenia z 1 dnia
2026-02-28,2026-02-28,Leads PL Dyspozytor Poltrakt,inactive,,,,10,Dzienny,0,0,0,W toku,Kliknięcia z 7 dni lub wyświetlenia z 1 dnia
2026-02-28,2026-02-28,PL Agency Ads,inactive,,,,10,Dzienny,0,0,0,W toku,Kliknięcia z 7 dni lub wyświetlenia z 1 dnia
2026-02-28,2026-02-28,RU Leads Poltrakt CE PL S/F Start 20.06.2026,inactive,,,,30,Dzienny,0,0,0,W toku,Kliknięcia z 7 dni lub wyświetlenia z 1 dnia
2026-02-28,2026-02-28,Leads RU Mrozek 100 eur,inactive,,,,10,Dzienny,0,0,0,W toku,Kliknięcia z 7 dni lub wyświetlenia z 1 dnia
2026-02-28,2026-02-28,Leads ENG Poltrakt Week/Cadence Poland,inactive,,,,20,Dzienny,0,0,0,W toku,Kliknięcia z 7 dni lub wyświetlenia z 1 dnia
2026-02-28,2026-02-28,PL Agency Ads Start 14.05.2026,inactive,,,,10,Dzienny,0,0,0,W toku,Kliknięcia z 7 dni lub wyświetlenia z 1 dnia
2026-02-28,2026-02-28,Poltrakt PL Magazynier,inactive,,,,5,Dzienny,0,0,0,W toku,Kliknięcia z 7 dni lub wyświetlenia z 1 dnia
2026-02-28,2026-02-28,Poltrakt Drivers CE Week/Full,inactive,,,,Użycie budżetu zestawu reklam,0,0,0,0,W toku,Kliknięcia z 7 dni lub wyświetlenia z 1 dnia
2026-02-28,2026-02-28,Poltrakt PL CE Italy/ pol leads,inactive,,,,11,Dzienny,0,0,0,W toku,Kliknięcia z 7 dni lub wyświetlenia z 1 dnia
2026-02-28,2026-02-28,Poltrakt PL CE Pol Leads,inactive,,,,7,Dzienny,0,0,0,W toku,Kliknięcia z 7 dni lub wyświetlenia z 1 dnia
2026-02-27,2026-02-27,Leads Agency PL,inactive,,,,10,Dzienny,0,0,0,W toku,Kliknięcia z 7 dni lub wyświetlenia z 1 dnia
2026-02-27,2026-02-27,Pracownik Magazynowy PL/ RU/ ENG Leads,inactive,,,,15,Dzienny,0,0,0,W toku,Kliknięcia z 7 dni lub wyświetlenia z 1 dnia
2026-02-27,2026-02-27,Leads RU Mrozek 100 eur,inactive,,,,10,Dzienny,0,0,0,W toku,Kliknięcia z 7 dni lub wyświetlenia z 1 dnia
2026-02-27,2026-02-27,Leads PL Dyspozytor Poltrakt,inactive,,,,10,Dzienny,0,0,0,W toku,Kliknięcia z 7 dni lub wyświetlenia z 1 dnia
2026-02-27,2026-02-27,Leads PL Dyspozytor Poltrakt,inactive,,,,10,Dzienny,0,0,0,W toku,Kliknięcia z 7 dni lub wyświetlenia z 1 dnia
2026-02-27,2026-02-27,PL Agency Ads,inactive,,,,10,Dzienny,0,0,0,W toku,Kliknięcia z 7 dni lub wyświetlenia z 1 dnia
2026-02-27,2026-02-27,RU Leads Poltrakt CE PL S/F Start 20.06.2026,inactive,,,,30,Dzienny,0,0,0,W toku,Kliknięcia z 7 dni lub wyświetlenia z 1 dnia
2026-02-27,2026-02-27,Leads RU Mrozek 100 eur,inactive,,,,10,Dzienny,0,0,0,W toku,Kliknięcia z 7 dni lub wyświetlenia z 1 dnia
2026-02-27,2026-02-27,Leads ENG Poltrakt Week/Cadence Poland,inactive,,,,20,Dzienny,0,0,0,W toku,Kliknięcia z 7 dni lub wyświetlenia z 1 dnia
2026-02-27,2026-02-27,PL Agency Ads Start 14.05.2026,inactive,,,,10,Dzienny,0,0,0,W toku,Kliknięcia z 7 dni lub wyświetlenia z 1 dnia
2026-02-27,2026-02-27,Poltrakt PL Magazynier,inactive,,,,5,Dzienny,0,0,0,W toku,Kliknięcia z 7 dni lub wyświetlenia z 1 dnia
2026-02-27,2026-02-27,Poltrakt Drivers CE Week/Full,inactive,,,,Użycie budżetu zestawu reklam,0,0,0,0,W toku,Kliknięcia z 7 dni lub wyświetlenia z 1 dnia
2026-02-27,2026-02-27,Poltrakt PL CE Italy/ pol leads,inactive,,,,11,Dzienny,0,0,0,W toku,Kliknięcia z 7 dni lub wyświetlenia z 1 dnia
2026-02-27,2026-02-27,Poltrakt PL CE Pol Leads,inactive,,,,7,Dzienny,0,0,0,W toku,Kliknięcia z 7 dni lub wyświetlenia z 1 dnia
2026-02-26,2026-02-26,Leads Agency PL,inactive,,,,10,Dzienny,0,0,0,W toku,Kliknięcia z 7 dni lub wyświetlenia z 1 dnia
2026-02-26,2026-02-26,Pracownik Magazynowy PL/ RU/ ENG Leads,inactive,,,,15,Dzienny,0,0,0,W toku,Kliknięcia z 7 dni lub wyświetlenia z 1 dnia
2026-02-26,2026-02-26,Leads RU Mrozek 100 eur,inactive,,,,10,Dzienny,0,0,0,W toku,Kliknięcia z 7 dni lub wyświetlenia z 1 dnia
2026-02-26,2026-02-26,Leads PL Dyspozytor Poltrakt,inactive,,,,10,Dzienny,0,0,0,W toku,Kliknięcia z 7 dni lub wyświetlenia z 1 dnia
2026-02-26,2026-02-26,Leads PL Dyspozytor Poltrakt,inactive,,,,10,Dzienny,0,0,0,W toku,Kliknięcia z 7 dni lub wyświetlenia z 1 dnia
2026-02-26,2026-02-26,PL Agency Ads,inactive,,,,10,Dzienny,0,0,0,W toku,Kliknięcia z 7 dni lub wyświetlenia z 1 dnia
2026-02-26,2026-02-26,RU Leads Poltrakt CE PL S/F Start 20.06.2026,inactive,,,,30,Dzienny,0,0,0,W toku,Kliknięcia z 7 dni lub wyświetlenia z 1 dnia
2026-02-26,2026-02-26,Leads RU Mrozek 100 eur,inactive,,,,10,Dzienny,0,0,0,W toku,Kliknięcia z 7 dni lub wyświetlenia z 1 dnia
2026-02-26,2026-02-26,Leads ENG Poltrakt Week/Cadence Poland,inactive,,,,20,Dzienny,0,0,0,W toku,Kliknięcia z 7 dni lub wyświetlenia z 1 dnia
2026-02-26,2026-02-26,PL Agency Ads Start 14.05.2026,inactive,,,,10,Dzienny,0,0,0,W toku,Kliknięcia z 7 dni lub wyświetlenia z 1 dnia
2026-02-26,2026-02-26,Poltrakt PL Magazynier,inactive,,,,5,Dzienny,0,0,0,W toku,Kliknięcia z 7 dni lub wyświetlenia z 1 dnia
2026-02-26,2026-02-26,Poltrakt Drivers CE Week/Full,inactive,,,,Użycie budżetu zestawu reklam,0,0,0,0,W toku,Kliknięcia z 7 dni lub wyświetlenia z 1 dnia
2026-02-26,2026-02-26,Poltrakt PL CE Italy/ pol leads,inactive,,,,11,Dzienny,0,0,0,W toku,Kliknięcia z 7 dni lub wyświetlenia z 1 dnia
2026-02-26,2026-02-26,Poltrakt PL CE Pol Leads,inactive,,,,7,Dzienny,0,0,0,W toku,Kliknięcia z 7 dni lub wyświetlenia z 1 dnia
2026-02-25,2026-02-25,Leads Agency PL,inactive,,,,10,Dzienny,0,0,0,W toku,Kliknięcia z 7 dni lub wyświetlenia z 1 dnia
2026-02-25,2026-02-25,Pracownik Magazynowy PL/ RU/ ENG Leads,inactive,,,,15,Dzienny,0,0,0,W toku,Kliknięcia z 7 dni lub wyświetlenia z 1 dnia
2026-02-25,2026-02-25,Leads RU Mrozek 100 eur,inactive,,,,10,Dzienny,0,0,0,W toku,Kliknięcia z 7 dni lub wyświetlenia z 1 dnia
2026-02-25,2026-02-25,Leads PL Dyspozytor Poltrakt,inactive,,,,10,Dzienny,0,0,0,W toku,Kliknięcia z 7 dni lub wyświetlenia z 1 dnia
2026-02-25,2026-02-25,Leads PL Dyspozytor Poltrakt,inactive,,,,10,Dzienny,0,0,0,W toku,Kliknięcia z 7 dni lub wyświetlenia z 1 dnia
2026-02-25,2026-02-25,PL Agency Ads,inactive,,,,10,Dzienny,0,0,0,W toku,Kliknięcia z 7 dni lub wyświetlenia z 1 dnia
2026-02-25,2026-02-25,RU Leads Poltrakt CE PL S/F Start 20.06.2026,inactive,,,,30,Dzienny,0,0,0,W toku,Kliknięcia z 7 dni lub wyświetlenia z 1 dnia
2026-02-25,2026-02-25,Leads RU Mrozek 100 eur,inactive,,,,10,Dzienny,0,0,0,W toku,Kliknięcia z 7 dni lub wyświetlenia z 1 dnia
2026-02-25,2026-02-25,Leads ENG Poltrakt Week/Cadence Poland,inactive,,,,20,Dzienny,0,0,0,W toku,Kliknięcia z 7 dni lub wyświetlenia z 1 dnia
2026-02-25,2026-02-25,PL Agency Ads Start 14.05.2026,inactive,,,,10,Dzienny,0,0,0,W toku,Kliknięcia z 7 dni lub wyświetlenia z 1 dnia
2026-02-25,2026-02-25,Poltrakt PL Magazynier,inactive,,,,5,Dzienny,0,0,0,W toku,Kliknięcia z 7 dni lub wyświetlenia z 1 dnia
2026-02-25,2026-02-25,Poltrakt Drivers CE Week/Full,inactive,,,,Użycie budżetu zestawu reklam,0,0,0,0,W toku,Kliknięcia z 7 dni lub wyświetlenia z 1 dnia
2026-02-25,2026-02-25,Poltrakt PL CE Italy/ pol leads,inactive,,,,11,Dzienny,0,0,0,W toku,Kliknięcia z 7 dni lub wyświetlenia z 1 dnia
2026-02-25,2026-02-25,Poltrakt PL CE Pol Leads,inactive,,,,7,Dzienny,0,0,0,W toku,Kliknięcia z 7 dni lub wyświetlenia z 1 dnia
2026-02-24,2026-02-24,Leads Agency PL,inactive,,,,10,Dzienny,0,0,0,W toku,Kliknięcia z 7 dni lub wyświetlenia z 1 dnia
2026-02-24,2026-02-24,Pracownik Magazynowy PL/ RU/ ENG Leads,inactive,,,,15,Dzienny,0,0,0,W toku,Kliknięcia z 7 dni lub wyświetlenia z 1 dnia
2026-02-24,2026-02-24,Leads RU Mrozek 100 eur,inactive,,,,10,Dzienny,0,0,0,W toku,Kliknięcia z 7 dni lub wyświetlenia z 1 dnia
2026-02-24,2026-02-24,Leads PL Dyspozytor Poltrakt,inactive,,,,10,Dzienny,0,0,0,W toku,Kliknięcia z 7 dni lub wyświetlenia z 1 dnia
2026-02-24,2026-02-24,Leads PL Dyspozytor Poltrakt,inactive,,,,10,Dzienny,0,0,0,W toku,Kliknięcia z 7 dni lub wyświetlenia z 1 dnia
2026-02-24,2026-02-24,PL Agency Ads,inactive,,,,10,Dzienny,0,0,0,W toku,Kliknięcia z 7 dni lub wyświetlenia z 1 dnia
2026-02-24,2026-02-24,RU Leads Poltrakt CE PL S/F Start 20.06.2026,inactive,,,,30,Dzienny,0,0,0,W toku,Kliknięcia z 7 dni lub wyświetlenia z 1 dnia
2026-02-24,2026-02-24,Leads RU Mrozek 100 eur,inactive,,,,10,Dzienny,0,0,0,W toku,Kliknięcia z 7 dni lub wyświetlenia z 1 dnia
2026-02-24,2026-02-24,Leads ENG Poltrakt Week/Cadence Poland,inactive,,,,20,Dzienny,0,0,0,W toku,Kliknięcia z 7 dni lub wyświetlenia z 1 dnia
2026-02-24,2026-02-24,PL Agency Ads Start 14.05.2026,inactive,,,,10,Dzienny,0,0,0,W toku,Kliknięcia z 7 dni lub wyświetlenia z 1 dnia
2026-02-24,2026-02-24,Poltrakt PL Magazynier,inactive,,,,5,Dzienny,0,0,0,W toku,Kliknięcia z 7 dni lub wyświetlenia z 1 dnia
2026-02-24,2026-02-24,Poltrakt Drivers CE Week/Full,inactive,,,,Użycie budżetu zestawu reklam,0,0,0,0,W toku,Kliknięcia z 7 dni lub wyświetlenia z 1 dnia
2026-02-24,2026-02-24,Poltrakt PL CE Italy/ pol leads,inactive,,,,11,Dzienny,0,0,0,W toku,Kliknięcia z 7 dni lub wyświetlenia z 1 dnia
2026-02-24,2026-02-24,Poltrakt PL CE Pol Leads,inactive,,,,7,Dzienny,0,0,0,W toku,Kliknięcia z 7 dni lub wyświetlenia z 1 dnia
2026-02-23,2026-02-23,Leads Agency PL,inactive,,,,10,Dzienny,0,0,0,W toku,Kliknięcia z 7 dni lub wyświetlenia z 1 dnia
2026-02-23,2026-02-23,Pracownik Magazynowy PL/ RU/ ENG Leads,inactive,,,,15,Dzienny,0,0,0,W toku,Kliknięcia z 7 dni lub wyświetlenia z 1 dnia
2026-02-23,2026-02-23,Leads RU Mrozek 100 eur,inactive,,,,10,Dzienny,0,0,0,W toku,Kliknięcia z 7 dni lub wyświetlenia z 1 dnia
2026-02-23,2026-02-23,Leads PL Dyspozytor Poltrakt,inactive,,,,10,Dzienny,0,0,0,W toku,Kliknięcia z 7 dni lub wyświetlenia z 1 dnia
2026-02-23,2026-02-23,Leads PL Dyspozytor Poltrakt,inactive,,,,10,Dzienny,0,0,0,W toku,Kliknięcia z 7 dni lub wyświetlenia z 1 dnia
2026-02-23,2026-02-23,PL Agency Ads,inactive,,,,10,Dzienny,0,0,0,W toku,Kliknięcia z 7 dni lub wyświetlenia z 1 dnia
2026-02-23,2026-02-23,RU Leads Poltrakt CE PL S/F Start 20.06.2026,inactive,,,,30,Dzienny,0,0,0,W toku,Kliknięcia z 7 dni lub wyświetlenia z 1 dnia
2026-02-23,2026-02-23,Leads RU Mrozek 100 eur,inactive,,,,10,Dzienny,0,0,0,W toku,Kliknięcia z 7 dni lub wyświetlenia z 1 dnia
2026-02-23,2026-02-23,Leads ENG Poltrakt Week/Cadence Poland,inactive,,,,20,Dzienny,0,0,0,W toku,Kliknięcia z 7 dni lub wyświetlenia z 1 dnia
2026-02-23,2026-02-23,PL Agency Ads Start 14.05.2026,inactive,,,,10,Dzienny,0,0,0,W toku,Kliknięcia z 7 dni lub wyświetlenia z 1 dnia
2026-02-23,2026-02-23,Poltrakt PL Magazynier,inactive,,,,5,Dzienny,0,0,0,W toku,Kliknięcia z 7 dni lub wyświetlenia z 1 dnia
2026-02-23,2026-02-23,Poltrakt Drivers CE Week/Full,inactive,,,,Użycie budżetu zestawu reklam,0,0,0,0,W toku,Kliknięcia z 7 dni lub wyświetlenia z 1 dnia
2026-02-23,2026-02-23,Poltrakt PL CE Italy/ pol leads,inactive,,,,11,Dzienny,0,0,0,W toku,Kliknięcia z 7 dni lub wyświetlenia z 1 dnia
2026-02-23,2026-02-23,Poltrakt PL CE Pol Leads,inactive,,,,7,Dzienny,0,0,0,W toku,Kliknięcia z 7 dni lub wyświetlenia z 1 dnia
2026-02-22,2026-02-22,Leads Agency PL,inactive,,,,10,Dzienny,0,0,0,W toku,Kliknięcia z 7 dni lub wyświetlenia z 1 dnia
2026-02-22,2026-02-22,Pracownik Magazynowy PL/ RU/ ENG Leads,inactive,,,,15,Dzienny,0,0,0,W toku,Kliknięcia z 7 dni lub wyświetlenia z 1 dnia
2026-02-22,2026-02-22,Leads RU Mrozek 100 eur,inactive,,,,10,Dzienny,0,0,0,W toku,Kliknięcia z 7 dni lub wyświetlenia z 1 dnia
2026-02-22,2026-02-22,Leads PL Dyspozytor Poltrakt,inactive,,,,10,Dzienny,0,0,0,W toku,Kliknięcia z 7 dni lub wyświetlenia z 1 dnia
2026-02-22,2026-02-22,Leads PL Dyspozytor Poltrakt,inactive,,,,10,Dzienny,0,0,0,W toku,Kliknięcia z 7 dni lub wyświetlenia z 1 dnia
2026-02-22,2026-02-22,PL Agency Ads,inactive,,,,10,Dzienny,0,0,0,W toku,Kliknięcia z 7 dni lub wyświetlenia z 1 dnia
2026-02-22,2026-02-22,RU Leads Poltrakt CE PL S/F Start 20.06.2026,inactive,,,,30,Dzienny,0,0,0,W toku,Kliknięcia z 7 dni lub wyświetlenia z 1 dnia
2026-02-22,2026-02-22,Leads RU Mrozek 100 eur,inactive,,,,10,Dzienny,0,0,0,W toku,Kliknięcia z 7 dni lub wyświetlenia z 1 dnia
2026-02-22,2026-02-22,Leads ENG Poltrakt Week/Cadence Poland,inactive,,,,20,Dzienny,0,0,0,W toku,Kliknięcia z 7 dni lub wyświetlenia z 1 dnia
2026-02-22,2026-02-22,PL Agency Ads Start 14.05.2026,inactive,,,,10,Dzienny,0,0,0,W toku,Kliknięcia z 7 dni lub wyświetlenia z 1 dnia
2026-02-22,2026-02-22,Poltrakt PL Magazynier,inactive,,,,5,Dzienny,0,0,0,W toku,Kliknięcia z 7 dni lub wyświetlenia z 1 dnia
2026-02-22,2026-02-22,Poltrakt Drivers CE Week/Full,inactive,,,,Użycie budżetu zestawu reklam,0,0,0,0,W toku,Kliknięcia z 7 dni lub wyświetlenia z 1 dnia
2026-02-22,2026-02-22,Poltrakt PL CE Italy/ pol leads,inactive,,,,11,Dzienny,0,0,0,W toku,Kliknięcia z 7 dni lub wyświetlenia z 1 dnia
2026-02-22,2026-02-22,Poltrakt PL CE Pol Leads,inactive,,,,7,Dzienny,0,0,0,W toku,Kliknięcia z 7 dni lub wyświetlenia z 1 dnia
2026-02-21,2026-02-21,Leads Agency PL,inactive,,,,10,Dzienny,0,0,0,W toku,Kliknięcia z 7 dni lub wyświetlenia z 1 dnia
2026-02-21,2026-02-21,Pracownik Magazynowy PL/ RU/ ENG Leads,inactive,,,,15,Dzienny,0,0,0,W toku,Kliknięcia z 7 dni lub wyświetlenia z 1 dnia
2026-02-21,2026-02-21,Leads RU Mrozek 100 eur,inactive,,,,10,Dzienny,0,0,0,W toku,Kliknięcia z 7 dni lub wyświetlenia z 1 dnia
2026-02-21,2026-02-21,Leads PL Dyspozytor Poltrakt,inactive,,,,10,Dzienny,0,0,0,W toku,Kliknięcia z 7 dni lub wyświetlenia z 1 dnia
2026-02-21,2026-02-21,Leads PL Dyspozytor Poltrakt,inactive,,,,10,Dzienny,0,0,0,W toku,Kliknięcia z 7 dni lub wyświetlenia z 1 dnia
2026-02-21,2026-02-21,PL Agency Ads,inactive,,,,10,Dzienny,0,0,0,W toku,Kliknięcia z 7 dni lub wyświetlenia z 1 dnia
2026-02-21,2026-02-21,RU Leads Poltrakt CE PL S/F Start 20.06.2026,inactive,,,,30,Dzienny,0,0,0,W toku,Kliknięcia z 7 dni lub wyświetlenia z 1 dnia
2026-02-21,2026-02-21,Leads RU Mrozek 100 eur,inactive,,,,10,Dzienny,0,0,0,W toku,Kliknięcia z 7 dni lub wyświetlenia z 1 dnia
2026-02-21,2026-02-21,Leads ENG Poltrakt Week/Cadence Poland,inactive,,,,20,Dzienny,0,0,0,W toku,Kliknięcia z 7 dni lub wyświetlenia z 1 dnia
2026-02-21,2026-02-21,PL Agency Ads Start 14.05.2026,inactive,,,,10,Dzienny,0,0,0,W toku,Kliknięcia z 7 dni lub wyświetlenia z 1 dnia
2026-02-21,2026-02-21,Poltrakt PL Magazynier,inactive,,,,5,Dzienny,0,0,0,W toku,Kliknięcia z 7 dni lub wyświetlenia z 1 dnia
2026-02-21,2026-02-21,Poltrakt Drivers CE Week/Full,inactive,,,,Użycie budżetu zestawu reklam,0,0,0,0,W toku,Kliknięcia z 7 dni lub wyświetlenia z 1 dnia
2026-02-21,2026-02-21,Poltrakt PL CE Italy/ pol leads,inactive,,,,11,Dzienny,0,0,0,W toku,Kliknięcia z 7 dni lub wyświetlenia z 1 dnia
2026-02-21,2026-02-21,Poltrakt PL CE Pol Leads,inactive,,,,7,Dzienny,0,0,0,W toku,Kliknięcia z 7 dni lub wyświetlenia z 1 dnia
2026-02-20,2026-02-20,Leads Agency PL,inactive,,,,10,Dzienny,0,0,0,W toku,Kliknięcia z 7 dni lub wyświetlenia z 1 dnia
2026-02-20,2026-02-20,Pracownik Magazynowy PL/ RU/ ENG Leads,inactive,,,,15,Dzienny,0,0,0,W toku,Kliknięcia z 7 dni lub wyświetlenia z 1 dnia
2026-02-20,2026-02-20,Leads RU Mrozek 100 eur,inactive,,,,10,Dzienny,0,0,0,W toku,Kliknięcia z 7 dni lub wyświetlenia z 1 dnia
2026-02-20,2026-02-20,Leads PL Dyspozytor Poltrakt,inactive,,,,10,Dzienny,0,0,0,W toku,Kliknięcia z 7 dni lub wyświetlenia z 1 dnia
2026-02-20,2026-02-20,Leads PL Dyspozytor Poltrakt,inactive,,,,10,Dzienny,0,0,0,W toku,Kliknięcia z 7 dni lub wyświetlenia z 1 dnia
2026-02-20,2026-02-20,PL Agency Ads,inactive,,,,10,Dzienny,0,0,0,W toku,Kliknięcia z 7 dni lub wyświetlenia z 1 dnia
2026-02-20,2026-02-20,RU Leads Poltrakt CE PL S/F Start 20.06.2026,inactive,,,,30,Dzienny,0,0,0,W toku,Kliknięcia z 7 dni lub wyświetlenia z 1 dnia
2026-02-20,2026-02-20,Leads RU Mrozek 100 eur,inactive,,,,10,Dzienny,0,0,0,W toku,Kliknięcia z 7 dni lub wyświetlenia z 1 dnia
2026-02-20,2026-02-20,Leads ENG Poltrakt Week/Cadence Poland,inactive,,,,20,Dzienny,0,0,0,W toku,Kliknięcia z 7 dni lub wyświetlenia z 1 dnia
2026-02-20,2026-02-20,PL Agency Ads Start 14.05.2026,inactive,,,,10,Dzienny,0,0,0,W toku,Kliknięcia z 7 dni lub wyświetlenia z 1 dnia
2026-02-20,2026-02-20,Poltrakt PL Magazynier,inactive,,,,5,Dzienny,0,0,0,W toku,Kliknięcia z 7 dni lub wyświetlenia z 1 dnia
2026-02-20,2026-02-20,Poltrakt Drivers CE Week/Full,inactive,,,,Użycie budżetu zestawu reklam,0,0,0,0,W toku,Kliknięcia z 7 dni lub wyświetlenia z 1 dnia
2026-02-20,2026-02-20,Poltrakt PL CE Italy/ pol leads,inactive,,,,11,Dzienny,0,0,0,W toku,Kliknięcia z 7 dni lub wyświetlenia z 1 dnia
2026-02-20,2026-02-20,Poltrakt PL CE Pol Leads,inactive,,,,7,Dzienny,0,0,0,W toku,Kliknięcia z 7 dni lub wyświetlenia z 1 dnia
2026-02-19,2026-02-19,Leads Agency PL,inactive,,,,10,Dzienny,0,0,0,W toku,Kliknięcia z 7 dni lub wyświetlenia z 1 dnia
2026-02-19,2026-02-19,Pracownik Magazynowy PL/ RU/ ENG Leads,inactive,,,,15,Dzienny,0,0,0,W toku,Kliknięcia z 7 dni lub wyświetlenia z 1 dnia
2026-02-19,2026-02-19,Leads RU Mrozek 100 eur,inactive,,,,10,Dzienny,0,0,0,W toku,Kliknięcia z 7 dni lub wyświetlenia z 1 dnia
2026-02-19,2026-02-19,Leads PL Dyspozytor Poltrakt,inactive,,,,10,Dzienny,0,0,0,W toku,Kliknięcia z 7 dni lub wyświetlenia z 1 dnia
2026-02-19,2026-02-19,Leads PL Dyspozytor Poltrakt,inactive,,,,10,Dzienny,0,0,0,W toku,Kliknięcia z 7 dni lub wyświetlenia z 1 dnia
2026-02-19,2026-02-19,PL Agency Ads,inactive,,,,10,Dzienny,0,0,0,W toku,Kliknięcia z 7 dni lub wyświetlenia z 1 dnia
2026-02-19,2026-02-19,RU Leads Poltrakt CE PL S/F Start 20.06.2026,inactive,,,,30,Dzienny,0,0,0,W toku,Kliknięcia z 7 dni lub wyświetlenia z 1 dnia
2026-02-19,2026-02-19,Leads RU Mrozek 100 eur,inactive,,,,10,Dzienny,0,0,0,W toku,Kliknięcia z 7 dni lub wyświetlenia z 1 dnia
2026-02-19,2026-02-19,Leads ENG Poltrakt Week/Cadence Poland,inactive,,,,20,Dzienny,0,0,0,W toku,Kliknięcia z 7 dni lub wyświetlenia z 1 dnia
2026-02-19,2026-02-19,PL Agency Ads Start 14.05.2026,inactive,,,,10,Dzienny,0,0,0,W toku,Kliknięcia z 7 dni lub wyświetlenia z 1 dnia
2026-02-19,2026-02-19,Poltrakt PL Magazynier,inactive,,,,5,Dzienny,0,0,0,W toku,Kliknięcia z 7 dni lub wyświetlenia z 1 dnia
2026-02-19,2026-02-19,Poltrakt Drivers CE Week/Full,inactive,,,,Użycie budżetu zestawu reklam,0,0,0,0,W toku,Kliknięcia z 7 dni lub wyświetlenia z 1 dnia
2026-02-19,2026-02-19,Poltrakt PL CE Italy/ pol leads,inactive,,,,11,Dzienny,0,0,0,W toku,Kliknięcia z 7 dni lub wyświetlenia z 1 dnia
2026-02-19,2026-02-19,Poltrakt PL CE Pol Leads,inactive,,,,7,Dzienny,0,0,0,W toku,Kliknięcia z 7 dni lub wyświetlenia z 1 dnia
2026-02-18,2026-02-18,Leads Agency PL,inactive,,,,10,Dzienny,0,0,0,W toku,Kliknięcia z 7 dni lub wyświetlenia z 1 dnia
2026-02-18,2026-02-18,Pracownik Magazynowy PL/ RU/ ENG Leads,inactive,,,,15,Dzienny,0,0,0,W toku,Kliknięcia z 7 dni lub wyświetlenia z 1 dnia
2026-02-18,2026-02-18,Leads RU Mrozek 100 eur,inactive,,,,10,Dzienny,0,0,0,W toku,Kliknięcia z 7 dni lub wyświetlenia z 1 dnia
2026-02-18,2026-02-18,Leads PL Dyspozytor Poltrakt,inactive,,,,10,Dzienny,0,0,0,W toku,Kliknięcia z 7 dni lub wyświetlenia z 1 dnia
2026-02-18,2026-02-18,Leads PL Dyspozytor Poltrakt,inactive,,,,10,Dzienny,0,0,0,W toku,Kliknięcia z 7 dni lub wyświetlenia z 1 dnia
2026-02-18,2026-02-18,PL Agency Ads,inactive,,,,10,Dzienny,0,0,0,W toku,Kliknięcia z 7 dni lub wyświetlenia z 1 dnia
2026-02-18,2026-02-18,RU Leads Poltrakt CE PL S/F Start 20.06.2026,inactive,,,,30,Dzienny,0,0,0,W toku,Kliknięcia z 7 dni lub wyświetlenia z 1 dnia
2026-02-18,2026-02-18,Leads RU Mrozek 100 eur,inactive,,,,10,Dzienny,0,0,0,W toku,Kliknięcia z 7 dni lub wyświetlenia z 1 dnia
2026-02-18,2026-02-18,Leads ENG Poltrakt Week/Cadence Poland,inactive,,,,20,Dzienny,0,0,0,W toku,Kliknięcia z 7 dni lub wyświetlenia z 1 dnia
2026-02-18,2026-02-18,PL Agency Ads Start 14.05.2026,inactive,,,,10,Dzienny,0,0,0,W toku,Kliknięcia z 7 dni lub wyświetlenia z 1 dnia
2026-02-18,2026-02-18,Poltrakt PL Magazynier,inactive,,,,5,Dzienny,0,0,0,W toku,Kliknięcia z 7 dni lub wyświetlenia z 1 dnia
2026-02-18,2026-02-18,Poltrakt Drivers CE Week/Full,inactive,,,,Użycie budżetu zestawu reklam,0,0,0,0,W toku,Kliknięcia z 7 dni lub wyświetlenia z 1 dnia
2026-02-18,2026-02-18,Poltrakt PL CE Italy/ pol leads,inactive,,,,11,Dzienny,0,0,0,W toku,Kliknięcia z 7 dni lub wyświetlenia z 1 dnia
2026-02-18,2026-02-18,Poltrakt PL CE Pol Leads,inactive,,,,7,Dzienny,0,0,0,W toku,Kliknięcia z 7 dni lub wyświetlenia z 1 dnia
2026-02-17,2026-02-17,Leads Agency PL,inactive,,,,10,Dzienny,0,0,0,W toku,Kliknięcia z 7 dni lub wyświetlenia z 1 dnia
2026-02-17,2026-02-17,Pracownik Magazynowy PL/ RU/ ENG Leads,inactive,,,,15,Dzienny,0,0,0,W toku,Kliknięcia z 7 dni lub wyświetlenia z 1 dnia
2026-02-17,2026-02-17,Leads RU Mrozek 100 eur,inactive,,,,10,Dzienny,0,0,0,W toku,Kliknięcia z 7 dni lub wyświetlenia z 1 dnia
2026-02-17,2026-02-17,Leads PL Dyspozytor Poltrakt,inactive,,,,10,Dzienny,0,0,0,W toku,Kliknięcia z 7 dni lub wyświetlenia z 1 dnia
2026-02-17,2026-02-17,Leads PL Dyspozytor Poltrakt,inactive,,,,10,Dzienny,0,0,0,W toku,Kliknięcia z 7 dni lub wyświetlenia z 1 dnia
2026-02-17,2026-02-17,PL Agency Ads,inactive,,,,10,Dzienny,0,0,0,W toku,Kliknięcia z 7 dni lub wyświetlenia z 1 dnia
2026-02-17,2026-02-17,RU Leads Poltrakt CE PL S/F Start 20.06.2026,inactive,,,,30,Dzienny,0,0,0,W toku,Kliknięcia z 7 dni lub wyświetlenia z 1 dnia
2026-02-17,2026-02-17,Leads RU Mrozek 100 eur,inactive,,,,10,Dzienny,0,0,0,W toku,Kliknięcia z 7 dni lub wyświetlenia z 1 dnia
2026-02-17,2026-02-17,Leads ENG Poltrakt Week/Cadence Poland,inactive,,,,20,Dzienny,0,0,0,W toku,Kliknięcia z 7 dni lub wyświetlenia z 1 dnia
2026-02-17,2026-02-17,PL Agency Ads Start 14.05.2026,inactive,,,,10,Dzienny,0,0,0,W toku,Kliknięcia z 7 dni lub wyświetlenia z 1 dnia
2026-02-17,2026-02-17,Poltrakt PL Magazynier,inactive,,,,5,Dzienny,0,0,0,W toku,Kliknięcia z 7 dni lub wyświetlenia z 1 dnia
2026-02-17,2026-02-17,Poltrakt Drivers CE Week/Full,inactive,,,,Użycie budżetu zestawu reklam,0,0,0,0,W toku,Kliknięcia z 7 dni lub wyświetlenia z 1 dnia
2026-02-17,2026-02-17,Poltrakt PL CE Italy/ pol leads,inactive,,,,11,Dzienny,0,0,0,W toku,Kliknięcia z 7 dni lub wyświetlenia z 1 dnia
2026-02-17,2026-02-17,Poltrakt PL CE Pol Leads,inactive,,,,7,Dzienny,0,0,0,W toku,Kliknięcia z 7 dni lub wyświetlenia z 1 dnia
2026-02-16,2026-02-16,Leads Agency PL,inactive,,,,10,Dzienny,0,0,0,W toku,Kliknięcia z 7 dni lub wyświetlenia z 1 dnia
2026-02-16,2026-02-16,Pracownik Magazynowy PL/ RU/ ENG Leads,inactive,,,,15,Dzienny,0,0,0,W toku,Kliknięcia z 7 dni lub wyświetlenia z 1 dnia
2026-02-16,2026-02-16,Leads RU Mrozek 100 eur,inactive,,,,10,Dzienny,0,0,0,W toku,Kliknięcia z 7 dni lub wyświetlenia z 1 dnia
2026-02-16,2026-02-16,Leads PL Dyspozytor Poltrakt,inactive,,,,10,Dzienny,0,0,0,W toku,Kliknięcia z 7 dni lub wyświetlenia z 1 dnia
2026-02-16,2026-02-16,Leads PL Dyspozytor Poltrakt,inactive,,,,10,Dzienny,0,0,0,W toku,Kliknięcia z 7 dni lub wyświetlenia z 1 dnia
2026-02-16,2026-02-16,PL Agency Ads,inactive,,,,10,Dzienny,0,0,0,W toku,Kliknięcia z 7 dni lub wyświetlenia z 1 dnia
2026-02-16,2026-02-16,RU Leads Poltrakt CE PL S/F Start 20.06.2026,inactive,,,,30,Dzienny,0,0,0,W toku,Kliknięcia z 7 dni lub wyświetlenia z 1 dnia
2026-02-16,2026-02-16,Leads RU Mrozek 100 eur,inactive,,,,10,Dzienny,0,0,0,W toku,Kliknięcia z 7 dni lub wyświetlenia z 1 dnia
2026-02-16,2026-02-16,Leads ENG Poltrakt Week/Cadence Poland,inactive,,,,20,Dzienny,0,0,0,W toku,Kliknięcia z 7 dni lub wyświetlenia z 1 dnia
2026-02-16,2026-02-16,PL Agency Ads Start 14.05.2026,inactive,,,,10,Dzienny,0,0,0,W toku,Kliknięcia z 7 dni lub wyświetlenia z 1 dnia
2026-02-16,2026-02-16,Poltrakt PL Magazynier,inactive,,,,5,Dzienny,0,0,0,W toku,Kliknięcia z 7 dni lub wyświetlenia z 1 dnia
2026-02-16,2026-02-16,Poltrakt Drivers CE Week/Full,inactive,,,,Użycie budżetu zestawu reklam,0,0,0,0,W toku,Kliknięcia z 7 dni lub wyświetlenia z 1 dnia
2026-02-16,2026-02-16,Poltrakt PL CE Italy/ pol leads,inactive,,,,11,Dzienny,0,0,0,W toku,Kliknięcia z 7 dni lub wyświetlenia z 1 dnia
2026-02-16,2026-02-16,Poltrakt PL CE Pol Leads,inactive,,,,7,Dzienny,0,0,0,W toku,Kliknięcia z 7 dni lub wyświetlenia z 1 dnia
2026-02-15,2026-02-15,Leads Agency PL,inactive,,,,10,Dzienny,0,0,0,W toku,Kliknięcia z 7 dni lub wyświetlenia z 1 dnia
2026-02-15,2026-02-15,Pracownik Magazynowy PL/ RU/ ENG Leads,inactive,,,,15,Dzienny,0,0,0,W toku,Kliknięcia z 7 dni lub wyświetlenia z 1 dnia
2026-02-15,2026-02-15,Leads RU Mrozek 100 eur,inactive,,,,10,Dzienny,0,0,0,W toku,Kliknięcia z 7 dni lub wyświetlenia z 1 dnia
2026-02-15,2026-02-15,Leads PL Dyspozytor Poltrakt,inactive,,,,10,Dzienny,0,0,0,W toku,Kliknięcia z 7 dni lub wyświetlenia z 1 dnia
2026-02-15,2026-02-15,Leads PL Dyspozytor Poltrakt,inactive,,,,10,Dzienny,0,0,0,W toku,Kliknięcia z 7 dni lub wyświetlenia z 1 dnia
2026-02-15,2026-02-15,PL Agency Ads,inactive,,,,10,Dzienny,0,0,0,W toku,Kliknięcia z 7 dni lub wyświetlenia z 1 dnia
2026-02-15,2026-02-15,RU Leads Poltrakt CE PL S/F Start 20.06.2026,inactive,,,,30,Dzienny,0,0,0,W toku,Kliknięcia z 7 dni lub wyświetlenia z 1 dnia
2026-02-15,2026-02-15,Leads RU Mrozek 100 eur,inactive,,,,10,Dzienny,0,0,0,W toku,Kliknięcia z 7 dni lub wyświetlenia z 1 dnia
2026-02-15,2026-02-15,Leads ENG Poltrakt Week/Cadence Poland,inactive,,,,20,Dzienny,0,0,0,W toku,Kliknięcia z 7 dni lub wyświetlenia z 1 dnia
2026-02-15,2026-02-15,PL Agency Ads Start 14.05.2026,inactive,,,,10,Dzienny,0,0,0,W toku,Kliknięcia z 7 dni lub wyświetlenia z 1 dnia
2026-02-15,2026-02-15,Poltrakt PL Magazynier,inactive,,,,5,Dzienny,0,0,0,W toku,Kliknięcia z 7 dni lub wyświetlenia z 1 dnia
2026-02-15,2026-02-15,Poltrakt Drivers CE Week/Full,inactive,,,,Użycie budżetu zestawu reklam,0,0,0,0,W toku,Kliknięcia z 7 dni lub wyświetlenia z 1 dnia
2026-02-15,2026-02-15,Poltrakt PL CE Italy/ pol leads,inactive,,,,11,Dzienny,0,0,0,W toku,Kliknięcia z 7 dni lub wyświetlenia z 1 dnia
2026-02-15,2026-02-15,Poltrakt PL CE Pol Leads,inactive,,,,7,Dzienny,0,0,0,W toku,Kliknięcia z 7 dni lub wyświetlenia z 1 dnia
2026-02-14,2026-02-14,Leads Agency PL,inactive,,,,10,Dzienny,0,0,0,W toku,Kliknięcia z 7 dni lub wyświetlenia z 1 dnia
2026-02-14,2026-02-14,Pracownik Magazynowy PL/ RU/ ENG Leads,inactive,,,,15,Dzienny,0,0,0,W toku,Kliknięcia z 7 dni lub wyświetlenia z 1 dnia
2026-02-14,2026-02-14,Leads RU Mrozek 100 eur,inactive,,,,10,Dzienny,0,0,0,W toku,Kliknięcia z 7 dni lub wyświetlenia z 1 dnia
2026-02-14,2026-02-14,Leads PL Dyspozytor Poltrakt,inactive,,,,10,Dzienny,0,0,0,W toku,Kliknięcia z 7 dni lub wyświetlenia z 1 dnia
2026-02-14,2026-02-14,Leads PL Dyspozytor Poltrakt,inactive,,,,10,Dzienny,0,0,0,W toku,Kliknięcia z 7 dni lub wyświetlenia z 1 dnia
2026-02-14,2026-02-14,PL Agency Ads,inactive,,,,10,Dzienny,0,0,0,W toku,Kliknięcia z 7 dni lub wyświetlenia z 1 dnia
2026-02-14,2026-02-14,RU Leads Poltrakt CE PL S/F Start 20.06.2026,inactive,,,,30,Dzienny,0,0,0,W toku,Kliknięcia z 7 dni lub wyświetlenia z 1 dnia
2026-02-14,2026-02-14,Leads RU Mrozek 100 eur,inactive,,,,10,Dzienny,0,0,0,W toku,Kliknięcia z 7 dni lub wyświetlenia z 1 dnia
2026-02-14,2026-02-14,Leads ENG Poltrakt Week/Cadence Poland,inactive,,,,20,Dzienny,0,0,0,W toku,Kliknięcia z 7 dni lub wyświetlenia z 1 dnia
2026-02-14,2026-02-14,PL Agency Ads Start 14.05.2026,inactive,,,,10,Dzienny,0,0,0,W toku,Kliknięcia z 7 dni lub wyświetlenia z 1 dnia
2026-02-14,2026-02-14,Poltrakt PL Magazynier,inactive,,,,5,Dzienny,0,0,0,W toku,Kliknięcia z 7 dni lub wyświetlenia z 1 dnia
2026-02-14,2026-02-14,Poltrakt Drivers CE Week/Full,inactive,,,,Użycie budżetu zestawu reklam,0,0,0,0,W toku,Kliknięcia z 7 dni lub wyświetlenia z 1 dnia
2026-02-14,2026-02-14,Poltrakt PL CE Italy/ pol leads,inactive,,,,11,Dzienny,0,0,0,W toku,Kliknięcia z 7 dni lub wyświetlenia z 1 dnia
2026-02-14,2026-02-14,Poltrakt PL CE Pol Leads,inactive,,,,7,Dzienny,0,0,0,W toku,Kliknięcia z 7 dni lub wyświetlenia z 1 dnia
2026-02-13,2026-02-13,Leads Agency PL,inactive,,,,10,Dzienny,0,0,0,W toku,Kliknięcia z 7 dni lub wyświetlenia z 1 dnia
2026-02-13,2026-02-13,Pracownik Magazynowy PL/ RU/ ENG Leads,inactive,,,,15,Dzienny,0,0,0,W toku,Kliknięcia z 7 dni lub wyświetlenia z 1 dnia
2026-02-13,2026-02-13,Leads RU Mrozek 100 eur,inactive,,,,10,Dzienny,0,0,0,W toku,Kliknięcia z 7 dni lub wyświetlenia z 1 dnia
2026-02-13,2026-02-13,Leads PL Dyspozytor Poltrakt,inactive,,,,10,Dzienny,0,0,0,W toku,Kliknięcia z 7 dni lub wyświetlenia z 1 dnia
2026-02-13,2026-02-13,Leads PL Dyspozytor Poltrakt,inactive,,,,10,Dzienny,0,0,0,W toku,Kliknięcia z 7 dni lub wyświetlenia z 1 dnia
2026-02-13,2026-02-13,PL Agency Ads,inactive,,,,10,Dzienny,0,0,0,W toku,Kliknięcia z 7 dni lub wyświetlenia z 1 dnia
2026-02-13,2026-02-13,RU Leads Poltrakt CE PL S/F Start 20.06.2026,inactive,,,,30,Dzienny,0,0,0,W toku,Kliknięcia z 7 dni lub wyświetlenia z 1 dnia
2026-02-13,2026-02-13,Leads RU Mrozek 100 eur,inactive,,,,10,Dzienny,0,0,0,W toku,Kliknięcia z 7 dni lub wyświetlenia z 1 dnia
2026-02-13,2026-02-13,Leads ENG Poltrakt Week/Cadence Poland,inactive,,,,20,Dzienny,0,0,0,W toku,Kliknięcia z 7 dni lub wyświetlenia z 1 dnia
2026-02-13,2026-02-13,PL Agency Ads Start 14.05.2026,inactive,,,,10,Dzienny,0,0,0,W toku,Kliknięcia z 7 dni lub wyświetlenia z 1 dnia
2026-02-13,2026-02-13,Poltrakt PL Magazynier,inactive,,,,5,Dzienny,0,0,0,W toku,Kliknięcia z 7 dni lub wyświetlenia z 1 dnia
2026-02-13,2026-02-13,Poltrakt Drivers CE Week/Full,inactive,,,,Użycie budżetu zestawu reklam,0,0,0,0,W toku,Kliknięcia z 7 dni lub wyświetlenia z 1 dnia
2026-02-13,2026-02-13,Poltrakt PL CE Italy/ pol leads,inactive,,,,11,Dzienny,0,0,0,W toku,Kliknięcia z 7 dni lub wyświetlenia z 1 dnia
2026-02-13,2026-02-13,Poltrakt PL CE Pol Leads,inactive,,,,7,Dzienny,0,0,0,W toku,Kliknięcia z 7 dni lub wyświetlenia z 1 dnia
2026-02-12,2026-02-12,Leads Agency PL,inactive,,,,10,Dzienny,0,0,0,W toku,Kliknięcia z 7 dni lub wyświetlenia z 1 dnia
2026-02-12,2026-02-12,Pracownik Magazynowy PL/ RU/ ENG Leads,inactive,,,,15,Dzienny,0,0,0,W toku,Kliknięcia z 7 dni lub wyświetlenia z 1 dnia
2026-02-12,2026-02-12,Leads RU Mrozek 100 eur,inactive,,,,10,Dzienny,0,0,0,W toku,Kliknięcia z 7 dni lub wyświetlenia z 1 dnia
2026-02-12,2026-02-12,Leads PL Dyspozytor Poltrakt,inactive,,,,10,Dzienny,0,0,0,W toku,Kliknięcia z 7 dni lub wyświetlenia z 1 dnia
2026-02-12,2026-02-12,Leads PL Dyspozytor Poltrakt,inactive,,,,10,Dzienny,0,0,0,W toku,Kliknięcia z 7 dni lub wyświetlenia z 1 dnia
2026-02-12,2026-02-12,PL Agency Ads,inactive,,,,10,Dzienny,0,0,0,W toku,Kliknięcia z 7 dni lub wyświetlenia z 1 dnia
2026-02-12,2026-02-12,RU Leads Poltrakt CE PL S/F Start 20.06.2026,inactive,,,,30,Dzienny,0,0,0,W toku,Kliknięcia z 7 dni lub wyświetlenia z 1 dnia
2026-02-12,2026-02-12,Leads RU Mrozek 100 eur,inactive,,,,10,Dzienny,0,0,0,W toku,Kliknięcia z 7 dni lub wyświetlenia z 1 dnia
2026-02-12,2026-02-12,Leads ENG Poltrakt Week/Cadence Poland,inactive,,,,20,Dzienny,0,0,0,W toku,Kliknięcia z 7 dni lub wyświetlenia z 1 dnia
2026-02-12,2026-02-12,PL Agency Ads Start 14.05.2026,inactive,,,,10,Dzienny,0,0,0,W toku,Kliknięcia z 7 dni lub wyświetlenia z 1 dnia
2026-02-12,2026-02-12,Poltrakt PL Magazynier,inactive,,,,5,Dzienny,0,0,0,W toku,Kliknięcia z 7 dni lub wyświetlenia z 1 dnia
2026-02-12,2026-02-12,Poltrakt Drivers CE Week/Full,inactive,,,,Użycie budżetu zestawu reklam,0,0,0,0,W toku,Kliknięcia z 7 dni lub wyświetlenia z 1 dnia
2026-02-12,2026-02-12,Poltrakt PL CE Italy/ pol leads,inactive,,,,11,Dzienny,0,0,0,W toku,Kliknięcia z 7 dni lub wyświetlenia z 1 dnia
2026-02-12,2026-02-12,Poltrakt PL CE Pol Leads,inactive,,,,7,Dzienny,0,0,0,W toku,Kliknięcia z 7 dni lub wyświetlenia z 1 dnia
2026-02-11,2026-02-11,Leads Agency PL,inactive,,,,10,Dzienny,0,0,0,W toku,Kliknięcia z 7 dni lub wyświetlenia z 1 dnia
2026-02-11,2026-02-11,Pracownik Magazynowy PL/ RU/ ENG Leads,inactive,,,,15,Dzienny,0,0,0,W toku,Kliknięcia z 7 dni lub wyświetlenia z 1 dnia
2026-02-11,2026-02-11,Leads RU Mrozek 100 eur,inactive,,,,10,Dzienny,0,0,0,W toku,Kliknięcia z 7 dni lub wyświetlenia z 1 dnia
2026-02-11,2026-02-11,Leads PL Dyspozytor Poltrakt,inactive,,,,10,Dzienny,0,0,0,W toku,Kliknięcia z 7 dni lub wyświetlenia z 1 dnia
2026-02-11,2026-02-11,Leads PL Dyspozytor Poltrakt,inactive,,,,10,Dzienny,0,0,0,W toku,Kliknięcia z 7 dni lub wyświetlenia z 1 dnia
2026-02-11,2026-02-11,PL Agency Ads,inactive,,,,10,Dzienny,0,0,0,W toku,Kliknięcia z 7 dni lub wyświetlenia z 1 dnia
2026-02-11,2026-02-11,RU Leads Poltrakt CE PL S/F Start 20.06.2026,inactive,,,,30,Dzienny,0,0,0,W toku,Kliknięcia z 7 dni lub wyświetlenia z 1 dnia
2026-02-11,2026-02-11,Leads RU Mrozek 100 eur,inactive,,,,10,Dzienny,0,0,0,W toku,Kliknięcia z 7 dni lub wyświetlenia z 1 dnia
2026-02-11,2026-02-11,Leads ENG Poltrakt Week/Cadence Poland,inactive,,,,20,Dzienny,0,0,0,W toku,Kliknięcia z 7 dni lub wyświetlenia z 1 dnia
2026-02-11,2026-02-11,PL Agency Ads Start 14.05.2026,inactive,,,,10,Dzienny,0,0,0,W toku,Kliknięcia z 7 dni lub wyświetlenia z 1 dnia
2026-02-11,2026-02-11,Poltrakt PL Magazynier,inactive,,,,5,Dzienny,0,0,0,W toku,Kliknięcia z 7 dni lub wyświetlenia z 1 dnia
2026-02-11,2026-02-11,Poltrakt Drivers CE Week/Full,inactive,,,,Użycie budżetu zestawu reklam,0,0,0,0,W toku,Kliknięcia z 7 dni lub wyświetlenia z 1 dnia
2026-02-11,2026-02-11,Poltrakt PL CE Italy/ pol leads,inactive,,,,11,Dzienny,0,0,0,W toku,Kliknięcia z 7 dni lub wyświetlenia z 1 dnia
2026-02-11,2026-02-11,Poltrakt PL CE Pol Leads,inactive,,,,7,Dzienny,0,0,0,W toku,Kliknięcia z 7 dni lub wyświetlenia z 1 dnia
2026-02-10,2026-02-10,Leads Agency PL,inactive,,,,10,Dzienny,0,0,0,W toku,Kliknięcia z 7 dni lub wyświetlenia z 1 dnia
2026-02-10,2026-02-10,Pracownik Magazynowy PL/ RU/ ENG Leads,inactive,,,,15,Dzienny,0,0,0,W toku,Kliknięcia z 7 dni lub wyświetlenia z 1 dnia
2026-02-10,2026-02-10,Leads RU Mrozek 100 eur,inactive,,,,10,Dzienny,0,0,0,W toku,Kliknięcia z 7 dni lub wyświetlenia z 1 dnia
2026-02-10,2026-02-10,Leads PL Dyspozytor Poltrakt,inactive,,,,10,Dzienny,0,0,0,W toku,Kliknięcia z 7 dni lub wyświetlenia z 1 dnia
2026-02-10,2026-02-10,Leads PL Dyspozytor Poltrakt,inactive,,,,10,Dzienny,0,0,0,W toku,Kliknięcia z 7 dni lub wyświetlenia z 1 dnia
2026-02-10,2026-02-10,PL Agency Ads,inactive,,,,10,Dzienny,0,0,0,W toku,Kliknięcia z 7 dni lub wyświetlenia z 1 dnia
2026-02-10,2026-02-10,RU Leads Poltrakt CE PL S/F Start 20.06.2026,inactive,,,,30,Dzienny,0,0,0,W toku,Kliknięcia z 7 dni lub wyświetlenia z 1 dnia
2026-02-10,2026-02-10,Leads RU Mrozek 100 eur,inactive,,,,10,Dzienny,0,0,0,W toku,Kliknięcia z 7 dni lub wyświetlenia z 1 dnia
2026-02-10,2026-02-10,Leads ENG Poltrakt Week/Cadence Poland,inactive,,,,20,Dzienny,0,0,0,W toku,Kliknięcia z 7 dni lub wyświetlenia z 1 dnia
2026-02-10,2026-02-10,PL Agency Ads Start 14.05.2026,inactive,,,,10,Dzienny,0,0,0,W toku,Kliknięcia z 7 dni lub wyświetlenia z 1 dnia
2026-02-10,2026-02-10,Poltrakt PL Magazynier,inactive,,,,5,Dzienny,0,0,0,W toku,Kliknięcia z 7 dni lub wyświetlenia z 1 dnia
2026-02-10,2026-02-10,Poltrakt Drivers CE Week/Full,inactive,,,,Użycie budżetu zestawu reklam,0,0,0,0,W toku,Kliknięcia z 7 dni lub wyświetlenia z 1 dnia
2026-02-10,2026-02-10,Poltrakt PL CE Italy/ pol leads,inactive,,,,11,Dzienny,0,0,0,W toku,Kliknięcia z 7 dni lub wyświetlenia z 1 dnia
2026-02-10,2026-02-10,Poltrakt PL CE Pol Leads,inactive,,,,7,Dzienny,0,0,0,W toku,Kliknięcia z 7 dni lub wyświetlenia z 1 dnia
2026-02-09,2026-02-09,Leads Agency PL,inactive,,,,10,Dzienny,0,0,0,W toku,Kliknięcia z 7 dni lub wyświetlenia z 1 dnia
2026-02-09,2026-02-09,Pracownik Magazynowy PL/ RU/ ENG Leads,inactive,,,,15,Dzienny,0,0,0,W toku,Kliknięcia z 7 dni lub wyświetlenia z 1 dnia
2026-02-09,2026-02-09,Leads RU Mrozek 100 eur,inactive,,,,10,Dzienny,0,0,0,W toku,Kliknięcia z 7 dni lub wyświetlenia z 1 dnia
2026-02-09,2026-02-09,Leads PL Dyspozytor Poltrakt,inactive,,,,10,Dzienny,0,0,0,W toku,Kliknięcia z 7 dni lub wyświetlenia z 1 dnia
2026-02-09,2026-02-09,Leads PL Dyspozytor Poltrakt,inactive,,,,10,Dzienny,0,0,0,W toku,Kliknięcia z 7 dni lub wyświetlenia z 1 dnia
2026-02-09,2026-02-09,PL Agency Ads,inactive,,,,10,Dzienny,0,0,0,W toku,Kliknięcia z 7 dni lub wyświetlenia z 1 dnia
2026-02-09,2026-02-09,RU Leads Poltrakt CE PL S/F Start 20.06.2026,inactive,,,,30,Dzienny,0,0,0,W toku,Kliknięcia z 7 dni lub wyświetlenia z 1 dnia
2026-02-09,2026-02-09,Leads RU Mrozek 100 eur,inactive,,,,10,Dzienny,0,0,0,W toku,Kliknięcia z 7 dni lub wyświetlenia z 1 dnia
2026-02-09,2026-02-09,Leads ENG Poltrakt Week/Cadence Poland,inactive,,,,20,Dzienny,0,0,0,W toku,Kliknięcia z 7 dni lub wyświetlenia z 1 dnia
2026-02-09,2026-02-09,PL Agency Ads Start 14.05.2026,inactive,,,,10,Dzienny,0,0,0,W toku,Kliknięcia z 7 dni lub wyświetlenia z 1 dnia
2026-02-09,2026-02-09,Poltrakt PL Magazynier,inactive,,,,5,Dzienny,0,0,0,W toku,Kliknięcia z 7 dni lub wyświetlenia z 1 dnia
2026-02-09,2026-02-09,Poltrakt Drivers CE Week/Full,inactive,,,,Użycie budżetu zestawu reklam,0,0,0,0,W toku,Kliknięcia z 7 dni lub wyświetlenia z 1 dnia
2026-02-09,2026-02-09,Poltrakt PL CE Italy/ pol leads,inactive,,,,11,Dzienny,0,0,0,W toku,Kliknięcia z 7 dni lub wyświetlenia z 1 dnia
2026-02-09,2026-02-09,Poltrakt PL CE Pol Leads,inactive,,,,7,Dzienny,0,0,0,W toku,Kliknięcia z 7 dni lub wyświetlenia z 1 dnia
2026-02-08,2026-02-08,Leads Agency PL,inactive,,,,10,Dzienny,0,0,0,W toku,Kliknięcia z 7 dni lub wyświetlenia z 1 dnia
2026-02-08,2026-02-08,Pracownik Magazynowy PL/ RU/ ENG Leads,inactive,,,,15,Dzienny,0,0,0,W toku,Kliknięcia z 7 dni lub wyświetlenia z 1 dnia
2026-02-08,2026-02-08,Leads RU Mrozek 100 eur,inactive,,,,10,Dzienny,0,0,0,W toku,Kliknięcia z 7 dni lub wyświetlenia z 1 dnia
2026-02-08,2026-02-08,Leads PL Dyspozytor Poltrakt,inactive,,,,10,Dzienny,0,0,0,W toku,Kliknięcia z 7 dni lub wyświetlenia z 1 dnia
2026-02-08,2026-02-08,Leads PL Dyspozytor Poltrakt,inactive,,,,10,Dzienny,0,0,0,W toku,Kliknięcia z 7 dni lub wyświetlenia z 1 dnia
2026-02-08,2026-02-08,PL Agency Ads,inactive,,,,10,Dzienny,0,0,0,W toku,Kliknięcia z 7 dni lub wyświetlenia z 1 dnia
2026-02-08,2026-02-08,RU Leads Poltrakt CE PL S/F Start 20.06.2026,inactive,,,,30,Dzienny,0,0,0,W toku,Kliknięcia z 7 dni lub wyświetlenia z 1 dnia
2026-02-08,2026-02-08,Leads RU Mrozek 100 eur,inactive,,,,10,Dzienny,0,0,0,W toku,Kliknięcia z 7 dni lub wyświetlenia z 1 dnia
2026-02-08,2026-02-08,Leads ENG Poltrakt Week/Cadence Poland,inactive,,,,20,Dzienny,0,0,0,W toku,Kliknięcia z 7 dni lub wyświetlenia z 1 dnia
2026-02-08,2026-02-08,PL Agency Ads Start 14.05.2026,inactive,,,,10,Dzienny,0,0,0,W toku,Kliknięcia z 7 dni lub wyświetlenia z 1 dnia
2026-02-08,2026-02-08,Poltrakt PL Magazynier,inactive,,,,5,Dzienny,0,0,0,W toku,Kliknięcia z 7 dni lub wyświetlenia z 1 dnia
2026-02-08,2026-02-08,Poltrakt Drivers CE Week/Full,inactive,,,,Użycie budżetu zestawu reklam,0,0,0,0,W toku,Kliknięcia z 7 dni lub wyświetlenia z 1 dnia
2026-02-08,2026-02-08,Poltrakt PL CE Italy/ pol leads,inactive,,,,11,Dzienny,0,0,0,W toku,Kliknięcia z 7 dni lub wyświetlenia z 1 dnia
2026-02-08,2026-02-08,Poltrakt PL CE Pol Leads,inactive,,,,7,Dzienny,0,0,0,W toku,Kliknięcia z 7 dni lub wyświetlenia z 1 dnia
2026-02-07,2026-02-07,Leads Agency PL,inactive,,,,10,Dzienny,0,0,0,W toku,Kliknięcia z 7 dni lub wyświetlenia z 1 dnia
2026-02-07,2026-02-07,Pracownik Magazynowy PL/ RU/ ENG Leads,inactive,,,,15,Dzienny,0,0,0,W toku,Kliknięcia z 7 dni lub wyświetlenia z 1 dnia
2026-02-07,2026-02-07,Leads RU Mrozek 100 eur,inactive,,,,10,Dzienny,0,0,0,W toku,Kliknięcia z 7 dni lub wyświetlenia z 1 dnia
2026-02-07,2026-02-07,Leads PL Dyspozytor Poltrakt,inactive,,,,10,Dzienny,0,0,0,W toku,Kliknięcia z 7 dni lub wyświetlenia z 1 dnia
2026-02-07,2026-02-07,Leads PL Dyspozytor Poltrakt,inactive,,,,10,Dzienny,0,0,0,W toku,Kliknięcia z 7 dni lub wyświetlenia z 1 dnia
2026-02-07,2026-02-07,PL Agency Ads,inactive,,,,10,Dzienny,0,0,0,W toku,Kliknięcia z 7 dni lub wyświetlenia z 1 dnia
2026-02-07,2026-02-07,RU Leads Poltrakt CE PL S/F Start 20.06.2026,inactive,,,,30,Dzienny,0,0,0,W toku,Kliknięcia z 7 dni lub wyświetlenia z 1 dnia
2026-02-07,2026-02-07,Leads RU Mrozek 100 eur,inactive,,,,10,Dzienny,0,0,0,W toku,Kliknięcia z 7 dni lub wyświetlenia z 1 dnia
2026-02-07,2026-02-07,Leads ENG Poltrakt Week/Cadence Poland,inactive,,,,20,Dzienny,0,0,0,W toku,Kliknięcia z 7 dni lub wyświetlenia z 1 dnia
2026-02-07,2026-02-07,PL Agency Ads Start 14.05.2026,inactive,,,,10,Dzienny,0,0,0,W toku,Kliknięcia z 7 dni lub wyświetlenia z 1 dnia
2026-02-07,2026-02-07,Poltrakt PL Magazynier,inactive,,,,5,Dzienny,0,0,0,W toku,Kliknięcia z 7 dni lub wyświetlenia z 1 dnia
2026-02-07,2026-02-07,Poltrakt Drivers CE Week/Full,inactive,,,,Użycie budżetu zestawu reklam,0,0,0,0,W toku,Kliknięcia z 7 dni lub wyświetlenia z 1 dnia
2026-02-07,2026-02-07,Poltrakt PL CE Italy/ pol leads,inactive,,,,11,Dzienny,0,0,0,W toku,Kliknięcia z 7 dni lub wyświetlenia z 1 dnia
2026-02-07,2026-02-07,Poltrakt PL CE Pol Leads,inactive,,,,7,Dzienny,0,0,0,W toku,Kliknięcia z 7 dni lub wyświetlenia z 1 dnia
2026-02-06,2026-02-06,Leads Agency PL,inactive,,,,10,Dzienny,0,0,0,W toku,Kliknięcia z 7 dni lub wyświetlenia z 1 dnia
2026-02-06,2026-02-06,Pracownik Magazynowy PL/ RU/ ENG Leads,inactive,,,,15,Dzienny,0,0,0,W toku,Kliknięcia z 7 dni lub wyświetlenia z 1 dnia
2026-02-06,2026-02-06,Leads RU Mrozek 100 eur,inactive,,,,10,Dzienny,0,0,0,W toku,Kliknięcia z 7 dni lub wyświetlenia z 1 dnia
2026-02-06,2026-02-06,Leads PL Dyspozytor Poltrakt,inactive,,,,10,Dzienny,0,0,0,W toku,Kliknięcia z 7 dni lub wyświetlenia z 1 dnia
2026-02-06,2026-02-06,Leads PL Dyspozytor Poltrakt,inactive,,,,10,Dzienny,0,0,0,W toku,Kliknięcia z 7 dni lub wyświetlenia z 1 dnia
2026-02-06,2026-02-06,PL Agency Ads,inactive,,,,10,Dzienny,0,0,0,W toku,Kliknięcia z 7 dni lub wyświetlenia z 1 dnia
2026-02-06,2026-02-06,RU Leads Poltrakt CE PL S/F Start 20.06.2026,inactive,,,,30,Dzienny,0,0,0,W toku,Kliknięcia z 7 dni lub wyświetlenia z 1 dnia
2026-02-06,2026-02-06,Leads RU Mrozek 100 eur,inactive,,,,10,Dzienny,0,0,0,W toku,Kliknięcia z 7 dni lub wyświetlenia z 1 dnia
2026-02-06,2026-02-06,Leads ENG Poltrakt Week/Cadence Poland,inactive,,,,20,Dzienny,0,0,0,W toku,Kliknięcia z 7 dni lub wyświetlenia z 1 dnia
2026-02-06,2026-02-06,PL Agency Ads Start 14.05.2026,inactive,,,,10,Dzienny,0,0,0,W toku,Kliknięcia z 7 dni lub wyświetlenia z 1 dnia
2026-02-06,2026-02-06,Poltrakt PL Magazynier,inactive,,,,5,Dzienny,0,0,0,W toku,Kliknięcia z 7 dni lub wyświetlenia z 1 dnia
2026-02-06,2026-02-06,Poltrakt Drivers CE Week/Full,inactive,,,,Użycie budżetu zestawu reklam,0,0,0,0,W toku,Kliknięcia z 7 dni lub wyświetlenia z 1 dnia
2026-02-06,2026-02-06,Poltrakt PL CE Italy/ pol leads,inactive,,,,11,Dzienny,0,0,0,W toku,Kliknięcia z 7 dni lub wyświetlenia z 1 dnia
2026-02-06,2026-02-06,Poltrakt PL CE Pol Leads,inactive,,,,7,Dzienny,0,0,0,W toku,Kliknięcia z 7 dni lub wyświetlenia z 1 dnia
2026-02-05,2026-02-05,Leads Agency PL,inactive,,,,10,Dzienny,0,0,0,W toku,Kliknięcia z 7 dni lub wyświetlenia z 1 dnia
2026-02-05,2026-02-05,Pracownik Magazynowy PL/ RU/ ENG Leads,inactive,,,,15,Dzienny,0,0,0,W toku,Kliknięcia z 7 dni lub wyświetlenia z 1 dnia
2026-02-05,2026-02-05,Leads RU Mrozek 100 eur,inactive,,,,10,Dzienny,0,0,0,W toku,Kliknięcia z 7 dni lub wyświetlenia z 1 dnia
2026-02-05,2026-02-05,Leads PL Dyspozytor Poltrakt,inactive,,,,10,Dzienny,0,0,0,W toku,Kliknięcia z 7 dni lub wyświetlenia z 1 dnia
2026-02-05,2026-02-05,Leads PL Dyspozytor Poltrakt,inactive,,,,10,Dzienny,0,0,0,W toku,Kliknięcia z 7 dni lub wyświetlenia z 1 dnia
2026-02-05,2026-02-05,PL Agency Ads,inactive,,,,10,Dzienny,0,0,0,W toku,Kliknięcia z 7 dni lub wyświetlenia z 1 dnia
2026-02-05,2026-02-05,RU Leads Poltrakt CE PL S/F Start 20.06.2026,inactive,,,,30,Dzienny,0,0,0,W toku,Kliknięcia z 7 dni lub wyświetlenia z 1 dnia
2026-02-05,2026-02-05,Leads RU Mrozek 100 eur,inactive,,,,10,Dzienny,0,0,0,W toku,Kliknięcia z 7 dni lub wyświetlenia z 1 dnia
2026-02-05,2026-02-05,Leads ENG Poltrakt Week/Cadence Poland,inactive,,,,20,Dzienny,0,0,0,W toku,Kliknięcia z 7 dni lub wyświetlenia z 1 dnia
2026-02-05,2026-02-05,PL Agency Ads Start 14.05.2026,inactive,,,,10,Dzienny,0,0,0,W toku,Kliknięcia z 7 dni lub wyświetlenia z 1 dnia
2026-02-05,2026-02-05,Poltrakt PL Magazynier,inactive,,,,5,Dzienny,0,0,0,W toku,Kliknięcia z 7 dni lub wyświetlenia z 1 dnia
2026-02-05,2026-02-05,Poltrakt Drivers CE Week/Full,inactive,,,,Użycie budżetu zestawu reklam,0,0,0,0,W toku,Kliknięcia z 7 dni lub wyświetlenia z 1 dnia
2026-02-05,2026-02-05,Poltrakt PL CE Italy/ pol leads,inactive,,,,11,Dzienny,0,0,0,W toku,Kliknięcia z 7 dni lub wyświetlenia z 1 dnia
2026-02-05,2026-02-05,Poltrakt PL CE Pol Leads,inactive,,,,7,Dzienny,0,0,0,W toku,Kliknięcia z 7 dni lub wyświetlenia z 1 dnia
2026-02-04,2026-02-04,Leads Agency PL,inactive,,,,10,Dzienny,0,0,0,W toku,Kliknięcia z 7 dni lub wyświetlenia z 1 dnia
2026-02-04,2026-02-04,Pracownik Magazynowy PL/ RU/ ENG Leads,inactive,,,,15,Dzienny,0,0,0,W toku,Kliknięcia z 7 dni lub wyświetlenia z 1 dnia
2026-02-04,2026-02-04,Leads RU Mrozek 100 eur,inactive,,,,10,Dzienny,0,0,0,W toku,Kliknięcia z 7 dni lub wyświetlenia z 1 dnia
2026-02-04,2026-02-04,Leads PL Dyspozytor Poltrakt,inactive,,,,10,Dzienny,0,0,0,W toku,Kliknięcia z 7 dni lub wyświetlenia z 1 dnia
2026-02-04,2026-02-04,Leads PL Dyspozytor Poltrakt,inactive,,,,10,Dzienny,0,0,0,W toku,Kliknięcia z 7 dni lub wyświetlenia z 1 dnia
2026-02-04,2026-02-04,PL Agency Ads,inactive,,,,10,Dzienny,0,0,0,W toku,Kliknięcia z 7 dni lub wyświetlenia z 1 dnia
2026-02-04,2026-02-04,RU Leads Poltrakt CE PL S/F Start 20.06.2026,inactive,,,,30,Dzienny,0,0,0,W toku,Kliknięcia z 7 dni lub wyświetlenia z 1 dnia
2026-02-04,2026-02-04,Leads RU Mrozek 100 eur,inactive,,,,10,Dzienny,0,0,0,W toku,Kliknięcia z 7 dni lub wyświetlenia z 1 dnia
2026-02-04,2026-02-04,Leads ENG Poltrakt Week/Cadence Poland,inactive,,,,20,Dzienny,0,0,0,W toku,Kliknięcia z 7 dni lub wyświetlenia z 1 dnia
2026-02-04,2026-02-04,PL Agency Ads Start 14.05.2026,inactive,,,,10,Dzienny,0,0,0,W toku,Kliknięcia z 7 dni lub wyświetlenia z 1 dnia
2026-02-04,2026-02-04,Poltrakt PL Magazynier,inactive,,,,5,Dzienny,0,0,0,W toku,Kliknięcia z 7 dni lub wyświetlenia z 1 dnia
2026-02-04,2026-02-04,Poltrakt Drivers CE Week/Full,inactive,,,,Użycie budżetu zestawu reklam,0,0,0,0,W toku,Kliknięcia z 7 dni lub wyświetlenia z 1 dnia
2026-02-04,2026-02-04,Poltrakt PL CE Italy/ pol leads,inactive,,,,11,Dzienny,0,0,0,W toku,Kliknięcia z 7 dni lub wyświetlenia z 1 dnia
2026-02-04,2026-02-04,Poltrakt PL CE Pol Leads,inactive,,,,7,Dzienny,0,0,0,W toku,Kliknięcia z 7 dni lub wyświetlenia z 1 dnia
2026-02-03,2026-02-03,Leads Agency PL,inactive,,,,10,Dzienny,0,0,0,W toku,Kliknięcia z 7 dni lub wyświetlenia z 1 dnia
2026-02-03,2026-02-03,Pracownik Magazynowy PL/ RU/ ENG Leads,inactive,,,,15,Dzienny,0,0,0,W toku,Kliknięcia z 7 dni lub wyświetlenia z 1 dnia
2026-02-03,2026-02-03,Leads RU Mrozek 100 eur,inactive,,,,10,Dzienny,0,0,0,W toku,Kliknięcia z 7 dni lub wyświetlenia z 1 dnia
2026-02-03,2026-02-03,Leads PL Dyspozytor Poltrakt,inactive,,,,10,Dzienny,0,0,0,W toku,Kliknięcia z 7 dni lub wyświetlenia z 1 dnia
2026-02-03,2026-02-03,Leads PL Dyspozytor Poltrakt,inactive,,,,10,Dzienny,0,0,0,W toku,Kliknięcia z 7 dni lub wyświetlenia z 1 dnia
2026-02-03,2026-02-03,PL Agency Ads,inactive,,,,10,Dzienny,0,0,0,W toku,Kliknięcia z 7 dni lub wyświetlenia z 1 dnia
2026-02-03,2026-02-03,RU Leads Poltrakt CE PL S/F Start 20.06.2026,inactive,,,,30,Dzienny,0,0,0,W toku,Kliknięcia z 7 dni lub wyświetlenia z 1 dnia
2026-02-03,2026-02-03,Leads RU Mrozek 100 eur,inactive,,,,10,Dzienny,0,0,0,W toku,Kliknięcia z 7 dni lub wyświetlenia z 1 dnia
2026-02-03,2026-02-03,Leads ENG Poltrakt Week/Cadence Poland,inactive,,,,20,Dzienny,0,0,0,W toku,Kliknięcia z 7 dni lub wyświetlenia z 1 dnia
2026-02-03,2026-02-03,PL Agency Ads Start 14.05.2026,inactive,,,,10,Dzienny,0,0,0,W toku,Kliknięcia z 7 dni lub wyświetlenia z 1 dnia
2026-02-03,2026-02-03,Poltrakt PL Magazynier,inactive,,,,5,Dzienny,0,0,0,W toku,Kliknięcia z 7 dni lub wyświetlenia z 1 dnia
2026-02-03,2026-02-03,Poltrakt Drivers CE Week/Full,inactive,,,,Użycie budżetu zestawu reklam,0,0,0,0,W toku,Kliknięcia z 7 dni lub wyświetlenia z 1 dnia
2026-02-03,2026-02-03,Poltrakt PL CE Italy/ pol leads,inactive,,,,11,Dzienny,0,0,0,W toku,Kliknięcia z 7 dni lub wyświetlenia z 1 dnia
2026-02-03,2026-02-03,Poltrakt PL CE Pol Leads,inactive,,,,7,Dzienny,0,0,0,W toku,Kliknięcia z 7 dni lub wyświetlenia z 1 dnia
2026-02-02,2026-02-02,Leads Agency PL,inactive,,,,10,Dzienny,0,0,0,W toku,Kliknięcia z 7 dni lub wyświetlenia z 1 dnia
2026-02-02,2026-02-02,Pracownik Magazynowy PL/ RU/ ENG Leads,inactive,,,,15,Dzienny,0,0,0,W toku,Kliknięcia z 7 dni lub wyświetlenia z 1 dnia
2026-02-02,2026-02-02,Leads RU Mrozek 100 eur,inactive,,,,10,Dzienny,0,0,0,W toku,Kliknięcia z 7 dni lub wyświetlenia z 1 dnia
2026-02-02,2026-02-02,Leads PL Dyspozytor Poltrakt,inactive,,,,10,Dzienny,0,0,0,W toku,Kliknięcia z 7 dni lub wyświetlenia z 1 dnia
2026-02-02,2026-02-02,Leads PL Dyspozytor Poltrakt,inactive,,,,10,Dzienny,0,0,0,W toku,Kliknięcia z 7 dni lub wyświetlenia z 1 dnia
2026-02-02,2026-02-02,PL Agency Ads,inactive,,,,10,Dzienny,0,0,0,W toku,Kliknięcia z 7 dni lub wyświetlenia z 1 dnia
2026-02-02,2026-02-02,RU Leads Poltrakt CE PL S/F Start 20.06.2026,inactive,,,,30,Dzienny,0,0,0,W toku,Kliknięcia z 7 dni lub wyświetlenia z 1 dnia
2026-02-02,2026-02-02,Leads RU Mrozek 100 eur,inactive,,,,10,Dzienny,0,0,0,W toku,Kliknięcia z 7 dni lub wyświetlenia z 1 dnia
2026-02-02,2026-02-02,Leads ENG Poltrakt Week/Cadence Poland,inactive,,,,20,Dzienny,0,0,0,W toku,Kliknięcia z 7 dni lub wyświetlenia z 1 dnia
2026-02-02,2026-02-02,PL Agency Ads Start 14.05.2026,inactive,,,,10,Dzienny,0,0,0,W toku,Kliknięcia z 7 dni lub wyświetlenia z 1 dnia
2026-02-02,2026-02-02,Poltrakt PL Magazynier,inactive,,,,5,Dzienny,0,0,0,W toku,Kliknięcia z 7 dni lub wyświetlenia z 1 dnia
2026-02-02,2026-02-02,Poltrakt Drivers CE Week/Full,inactive,,,,Użycie budżetu zestawu reklam,0,0,0,0,W toku,Kliknięcia z 7 dni lub wyświetlenia z 1 dnia
2026-02-02,2026-02-02,Poltrakt PL CE Italy/ pol leads,inactive,,,,11,Dzienny,0,0,0,W toku,Kliknięcia z 7 dni lub wyświetlenia z 1 dnia
2026-02-02,2026-02-02,Poltrakt PL CE Pol Leads,inactive,,,,7,Dzienny,0,0,0,W toku,Kliknięcia z 7 dni lub wyświetlenia z 1 dnia
2026-02-01,2026-02-01,Leads Agency PL,inactive,,,,10,Dzienny,0,0,0,W toku,Kliknięcia z 7 dni lub wyświetlenia z 1 dnia
2026-02-01,2026-02-01,Pracownik Magazynowy PL/ RU/ ENG Leads,inactive,,,,15,Dzienny,0,0,0,W toku,Kliknięcia z 7 dni lub wyświetlenia z 1 dnia
2026-02-01,2026-02-01,Leads RU Mrozek 100 eur,inactive,,,,10,Dzienny,0,0,0,W toku,Kliknięcia z 7 dni lub wyświetlenia z 1 dnia
2026-02-01,2026-02-01,Leads PL Dyspozytor Poltrakt,inactive,,,,10,Dzienny,0,0,0,W toku,Kliknięcia z 7 dni lub wyświetlenia z 1 dnia
2026-02-01,2026-02-01,Leads PL Dyspozytor Poltrakt,inactive,,,,10,Dzienny,0,0,0,W toku,Kliknięcia z 7 dni lub wyświetlenia z 1 dnia
2026-02-01,2026-02-01,PL Agency Ads,inactive,,,,10,Dzienny,0,0,0,W toku,Kliknięcia z 7 dni lub wyświetlenia z 1 dnia
2026-02-01,2026-02-01,RU Leads Poltrakt CE PL S/F Start 20.06.2026,inactive,,,,30,Dzienny,0,0,0,W toku,Kliknięcia z 7 dni lub wyświetlenia z 1 dnia
2026-02-01,2026-02-01,Leads RU Mrozek 100 eur,inactive,,,,10,Dzienny,0,0,0,W toku,Kliknięcia z 7 dni lub wyświetlenia z 1 dnia
2026-02-01,2026-02-01,Leads ENG Poltrakt Week/Cadence Poland,inactive,,,,20,Dzienny,0,0,0,W toku,Kliknięcia z 7 dni lub wyświetlenia z 1 dnia
2026-02-01,2026-02-01,PL Agency Ads Start 14.05.2026,inactive,,,,10,Dzienny,0,0,0,W toku,Kliknięcia z 7 dni lub wyświetlenia z 1 dnia
2026-02-01,2026-02-01,Poltrakt PL Magazynier,inactive,,,,5,Dzienny,0,0,0,W toku,Kliknięcia z 7 dni lub wyświetlenia z 1 dnia
2026-02-01,2026-02-01,Poltrakt Drivers CE Week/Full,inactive,,,,Użycie budżetu zestawu reklam,0,0,0,0,W toku,Kliknięcia z 7 dni lub wyświetlenia z 1 dnia
2026-02-01,2026-02-01,Poltrakt PL CE Italy/ pol leads,inactive,,,,11,Dzienny,0,0,0,W toku,Kliknięcia z 7 dni lub wyświetlenia z 1 dnia
2026-02-01,2026-02-01,Poltrakt PL CE Pol Leads,inactive,,,,7,Dzienny,0,0,0,W toku,Kliknięcia z 7 dni lub wyświetlenia z 1 dnia
2026-01-31,2026-01-31,Leads Agency PL,inactive,,,,10,Dzienny,0,0,0,W toku,Kliknięcia z 7 dni lub wyświetlenia z 1 dnia
2026-01-31,2026-01-31,Pracownik Magazynowy PL/ RU/ ENG Leads,inactive,,,,15,Dzienny,0,0,0,W toku,Kliknięcia z 7 dni lub wyświetlenia z 1 dnia
2026-01-31,2026-01-31,Leads RU Mrozek 100 eur,inactive,,,,10,Dzienny,0,0,0,W toku,Kliknięcia z 7 dni lub wyświetlenia z 1 dnia
2026-01-31,2026-01-31,Leads PL Dyspozytor Poltrakt,inactive,,,,10,Dzienny,0,0,0,W toku,Kliknięcia z 7 dni lub wyświetlenia z 1 dnia
2026-01-31,2026-01-31,Leads PL Dyspozytor Poltrakt,inactive,,,,10,Dzienny,0,0,0,W toku,Kliknięcia z 7 dni lub wyświetlenia z 1 dnia
2026-01-31,2026-01-31,PL Agency Ads,inactive,,,,10,Dzienny,0,0,0,W toku,Kliknięcia z 7 dni lub wyświetlenia z 1 dnia
2026-01-31,2026-01-31,RU Leads Poltrakt CE PL S/F Start 20.06.2026,inactive,,,,30,Dzienny,0,0,0,W toku,Kliknięcia z 7 dni lub wyświetlenia z 1 dnia
2026-01-31,2026-01-31,Leads RU Mrozek 100 eur,inactive,,,,10,Dzienny,0,0,0,W toku,Kliknięcia z 7 dni lub wyświetlenia z 1 dnia
2026-01-31,2026-01-31,Leads ENG Poltrakt Week/Cadence Poland,inactive,,,,20,Dzienny,0,0,0,W toku,Kliknięcia z 7 dni lub wyświetlenia z 1 dnia
2026-01-31,2026-01-31,PL Agency Ads Start 14.05.2026,inactive,,,,10,Dzienny,0,0,0,W toku,Kliknięcia z 7 dni lub wyświetlenia z 1 dnia
2026-01-31,2026-01-31,Poltrakt PL Magazynier,inactive,,,,5,Dzienny,0,0,0,W toku,Kliknięcia z 7 dni lub wyświetlenia z 1 dnia
2026-01-31,2026-01-31,Poltrakt Drivers CE Week/Full,inactive,,,,Użycie budżetu zestawu reklam,0,0,0,0,W toku,Kliknięcia z 7 dni lub wyświetlenia z 1 dnia
2026-01-31,2026-01-31,Poltrakt PL CE Italy/ pol leads,inactive,,,,11,Dzienny,0,0,0,W toku,Kliknięcia z 7 dni lub wyświetlenia z 1 dnia
2026-01-31,2026-01-31,Poltrakt PL CE Pol Leads,inactive,,,,7,Dzienny,0,0,0,W toku,Kliknięcia z 7 dni lub wyświetlenia z 1 dnia
2026-01-30,2026-01-30,Leads Agency PL,inactive,,,,10,Dzienny,0,0,0,W toku,Kliknięcia z 7 dni lub wyświetlenia z 1 dnia
2026-01-30,2026-01-30,Pracownik Magazynowy PL/ RU/ ENG Leads,inactive,,,,15,Dzienny,0,0,0,W toku,Kliknięcia z 7 dni lub wyświetlenia z 1 dnia
2026-01-30,2026-01-30,Leads RU Mrozek 100 eur,inactive,,,,10,Dzienny,0,0,0,W toku,Kliknięcia z 7 dni lub wyświetlenia z 1 dnia
2026-01-30,2026-01-30,Leads PL Dyspozytor Poltrakt,inactive,,,,10,Dzienny,0,0,0,W toku,Kliknięcia z 7 dni lub wyświetlenia z 1 dnia
2026-01-30,2026-01-30,Leads PL Dyspozytor Poltrakt,inactive,,,,10,Dzienny,0,0,0,W toku,Kliknięcia z 7 dni lub wyświetlenia z 1 dnia
2026-01-30,2026-01-30,PL Agency Ads,inactive,,,,10,Dzienny,0,0,0,W toku,Kliknięcia z 7 dni lub wyświetlenia z 1 dnia
2026-01-30,2026-01-30,RU Leads Poltrakt CE PL S/F Start 20.06.2026,inactive,,,,30,Dzienny,0,0,0,W toku,Kliknięcia z 7 dni lub wyświetlenia z 1 dnia
2026-01-30,2026-01-30,Leads RU Mrozek 100 eur,inactive,,,,10,Dzienny,0,0,0,W toku,Kliknięcia z 7 dni lub wyświetlenia z 1 dnia
2026-01-30,2026-01-30,Leads ENG Poltrakt Week/Cadence Poland,inactive,,,,20,Dzienny,0,0,0,W toku,Kliknięcia z 7 dni lub wyświetlenia z 1 dnia
2026-01-30,2026-01-30,PL Agency Ads Start 14.05.2026,inactive,,,,10,Dzienny,0,0,0,W toku,Kliknięcia z 7 dni lub wyświetlenia z 1 dnia
2026-01-30,2026-01-30,Poltrakt PL Magazynier,inactive,,,,5,Dzienny,0,0,0,W toku,Kliknięcia z 7 dni lub wyświetlenia z 1 dnia
2026-01-30,2026-01-30,Poltrakt Drivers CE Week/Full,inactive,,,,Użycie budżetu zestawu reklam,0,0,0,0,W toku,Kliknięcia z 7 dni lub wyświetlenia z 1 dnia
2026-01-30,2026-01-30,Poltrakt PL CE Italy/ pol leads,inactive,,,,11,Dzienny,0,0,0,W toku,Kliknięcia z 7 dni lub wyświetlenia z 1 dnia
2026-01-30,2026-01-30,Poltrakt PL CE Pol Leads,inactive,,,,7,Dzienny,0,0,0,W toku,Kliknięcia z 7 dni lub wyświetlenia z 1 dnia
2026-01-29,2026-01-29,Leads Agency PL,inactive,,,,10,Dzienny,0,0,0,W toku,Kliknięcia z 7 dni lub wyświetlenia z 1 dnia
2026-01-29,2026-01-29,Pracownik Magazynowy PL/ RU/ ENG Leads,inactive,,,,15,Dzienny,0,0,0,W toku,Kliknięcia z 7 dni lub wyświetlenia z 1 dnia
2026-01-29,2026-01-29,Leads RU Mrozek 100 eur,inactive,,,,10,Dzienny,0,0,0,W toku,Kliknięcia z 7 dni lub wyświetlenia z 1 dnia
2026-01-29,2026-01-29,Leads PL Dyspozytor Poltrakt,inactive,,,,10,Dzienny,0,0,0,W toku,Kliknięcia z 7 dni lub wyświetlenia z 1 dnia
2026-01-29,2026-01-29,Leads PL Dyspozytor Poltrakt,inactive,,,,10,Dzienny,0,0,0,W toku,Kliknięcia z 7 dni lub wyświetlenia z 1 dnia
2026-01-29,2026-01-29,PL Agency Ads,inactive,,,,10,Dzienny,0,0,0,W toku,Kliknięcia z 7 dni lub wyświetlenia z 1 dnia
2026-01-29,2026-01-29,RU Leads Poltrakt CE PL S/F Start 20.06.2026,inactive,,,,30,Dzienny,0,0,0,W toku,Kliknięcia z 7 dni lub wyświetlenia z 1 dnia
2026-01-29,2026-01-29,Leads RU Mrozek 100 eur,inactive,,,,10,Dzienny,0,0,0,W toku,Kliknięcia z 7 dni lub wyświetlenia z 1 dnia
2026-01-29,2026-01-29,Leads ENG Poltrakt Week/Cadence Poland,inactive,,,,20,Dzienny,0,0,0,W toku,Kliknięcia z 7 dni lub wyświetlenia z 1 dnia
2026-01-29,2026-01-29,PL Agency Ads Start 14.05.2026,inactive,,,,10,Dzienny,0,0,0,W toku,Kliknięcia z 7 dni lub wyświetlenia z 1 dnia
2026-01-29,2026-01-29,Poltrakt PL Magazynier,inactive,,,,5,Dzienny,0,0,0,W toku,Kliknięcia z 7 dni lub wyświetlenia z 1 dnia
2026-01-29,2026-01-29,Poltrakt Drivers CE Week/Full,inactive,,,,Użycie budżetu zestawu reklam,0,0,0,0,W toku,Kliknięcia z 7 dni lub wyświetlenia z 1 dnia
2026-01-29,2026-01-29,Poltrakt PL CE Italy/ pol leads,inactive,,,,11,Dzienny,0,0,0,W toku,Kliknięcia z 7 dni lub wyświetlenia z 1 dnia
2026-01-29,2026-01-29,Poltrakt PL CE Pol Leads,inactive,,,,7,Dzienny,0,0,0,W toku,Kliknięcia z 7 dni lub wyświetlenia z 1 dnia
2026-01-28,2026-01-28,Leads Agency PL,inactive,,,,10,Dzienny,0,0,0,W toku,Kliknięcia z 7 dni lub wyświetlenia z 1 dnia
2026-01-28,2026-01-28,Pracownik Magazynowy PL/ RU/ ENG Leads,inactive,,,,15,Dzienny,0,0,0,W toku,Kliknięcia z 7 dni lub wyświetlenia z 1 dnia
2026-01-28,2026-01-28,Leads RU Mrozek 100 eur,inactive,,,,10,Dzienny,0,0,0,W toku,Kliknięcia z 7 dni lub wyświetlenia z 1 dnia
2026-01-28,2026-01-28,Leads PL Dyspozytor Poltrakt,inactive,,,,10,Dzienny,0,0,0,W toku,Kliknięcia z 7 dni lub wyświetlenia z 1 dnia
2026-01-28,2026-01-28,Leads PL Dyspozytor Poltrakt,inactive,,,,10,Dzienny,0,0,0,W toku,Kliknięcia z 7 dni lub wyświetlenia z 1 dnia
2026-01-28,2026-01-28,PL Agency Ads,inactive,,,,10,Dzienny,0,0,0,W toku,Kliknięcia z 7 dni lub wyświetlenia z 1 dnia
2026-01-28,2026-01-28,RU Leads Poltrakt CE PL S/F Start 20.06.2026,inactive,,,,30,Dzienny,0,0,0,W toku,Kliknięcia z 7 dni lub wyświetlenia z 1 dnia
2026-01-28,2026-01-28,Leads RU Mrozek 100 eur,inactive,,,,10,Dzienny,0,0,0,W toku,Kliknięcia z 7 dni lub wyświetlenia z 1 dnia
2026-01-28,2026-01-28,Leads ENG Poltrakt Week/Cadence Poland,inactive,,,,20,Dzienny,0,0,0,W toku,Kliknięcia z 7 dni lub wyświetlenia z 1 dnia
2026-01-28,2026-01-28,PL Agency Ads Start 14.05.2026,inactive,,,,10,Dzienny,0,0,0,W toku,Kliknięcia z 7 dni lub wyświetlenia z 1 dnia
2026-01-28,2026-01-28,Poltrakt PL Magazynier,inactive,,,,5,Dzienny,0,0,0,W toku,Kliknięcia z 7 dni lub wyświetlenia z 1 dnia
2026-01-28,2026-01-28,Poltrakt Drivers CE Week/Full,inactive,,,,Użycie budżetu zestawu reklam,0,0,0,0,W toku,Kliknięcia z 7 dni lub wyświetlenia z 1 dnia
2026-01-28,2026-01-28,Poltrakt PL CE Italy/ pol leads,inactive,,,,11,Dzienny,0,0,0,W toku,Kliknięcia z 7 dni lub wyświetlenia z 1 dnia
2026-01-28,2026-01-28,Poltrakt PL CE Pol Leads,inactive,,,,7,Dzienny,0,0,0,W toku,Kliknięcia z 7 dni lub wyświetlenia z 1 dnia
2026-01-27,2026-01-27,Leads Agency PL,inactive,,,,10,Dzienny,0,0,0,W toku,Kliknięcia z 7 dni lub wyświetlenia z 1 dnia
2026-01-27,2026-01-27,Pracownik Magazynowy PL/ RU/ ENG Leads,inactive,,,,15,Dzienny,0,0,0,W toku,Kliknięcia z 7 dni lub wyświetlenia z 1 dnia
2026-01-27,2026-01-27,Leads RU Mrozek 100 eur,inactive,,,,10,Dzienny,0,0,0,W toku,Kliknięcia z 7 dni lub wyświetlenia z 1 dnia
2026-01-27,2026-01-27,Leads PL Dyspozytor Poltrakt,inactive,,,,10,Dzienny,0,0,0,W toku,Kliknięcia z 7 dni lub wyświetlenia z 1 dnia
2026-01-27,2026-01-27,Leads PL Dyspozytor Poltrakt,inactive,,,,10,Dzienny,0,0,0,W toku,Kliknięcia z 7 dni lub wyświetlenia z 1 dnia
2026-01-27,2026-01-27,PL Agency Ads,inactive,,,,10,Dzienny,0,0,0,W toku,Kliknięcia z 7 dni lub wyświetlenia z 1 dnia
2026-01-27,2026-01-27,RU Leads Poltrakt CE PL S/F Start 20.06.2026,inactive,,,,30,Dzienny,0,0,0,W toku,Kliknięcia z 7 dni lub wyświetlenia z 1 dnia
2026-01-27,2026-01-27,Leads RU Mrozek 100 eur,inactive,,,,10,Dzienny,0,0,0,W toku,Kliknięcia z 7 dni lub wyświetlenia z 1 dnia
2026-01-27,2026-01-27,Leads ENG Poltrakt Week/Cadence Poland,inactive,,,,20,Dzienny,0,0,0,W toku,Kliknięcia z 7 dni lub wyświetlenia z 1 dnia
2026-01-27,2026-01-27,PL Agency Ads Start 14.05.2026,inactive,,,,10,Dzienny,0,0,0,W toku,Kliknięcia z 7 dni lub wyświetlenia z 1 dnia
2026-01-27,2026-01-27,Poltrakt PL Magazynier,inactive,,,,5,Dzienny,0,0,0,W toku,Kliknięcia z 7 dni lub wyświetlenia z 1 dnia
2026-01-27,2026-01-27,Poltrakt Drivers CE Week/Full,inactive,,,,Użycie budżetu zestawu reklam,0,0,0,0,W toku,Kliknięcia z 7 dni lub wyświetlenia z 1 dnia
2026-01-27,2026-01-27,Poltrakt PL CE Italy/ pol leads,inactive,,,,11,Dzienny,0,0,0,W toku,Kliknięcia z 7 dni lub wyświetlenia z 1 dnia
2026-01-27,2026-01-27,Poltrakt PL CE Pol Leads,inactive,,,,7,Dzienny,0,0,0,W toku,Kliknięcia z 7 dni lub wyświetlenia z 1 dnia
2026-01-26,2026-01-26,Leads Agency PL,inactive,,,,10,Dzienny,0,0,0,W toku,Kliknięcia z 7 dni lub wyświetlenia z 1 dnia
2026-01-26,2026-01-26,Pracownik Magazynowy PL/ RU/ ENG Leads,inactive,,,,15,Dzienny,0,0,0,W toku,Kliknięcia z 7 dni lub wyświetlenia z 1 dnia
2026-01-26,2026-01-26,Leads RU Mrozek 100 eur,inactive,,,,10,Dzienny,0,0,0,W toku,Kliknięcia z 7 dni lub wyświetlenia z 1 dnia
2026-01-26,2026-01-26,Leads PL Dyspozytor Poltrakt,inactive,,,,10,Dzienny,0,0,0,W toku,Kliknięcia z 7 dni lub wyświetlenia z 1 dnia
2026-01-26,2026-01-26,Leads PL Dyspozytor Poltrakt,inactive,,,,10,Dzienny,0,0,0,W toku,Kliknięcia z 7 dni lub wyświetlenia z 1 dnia
2026-01-26,2026-01-26,PL Agency Ads,inactive,,,,10,Dzienny,0,0,0,W toku,Kliknięcia z 7 dni lub wyświetlenia z 1 dnia
2026-01-26,2026-01-26,RU Leads Poltrakt CE PL S/F Start 20.06.2026,inactive,,,,30,Dzienny,0,0,0,W toku,Kliknięcia z 7 dni lub wyświetlenia z 1 dnia
2026-01-26,2026-01-26,Leads RU Mrozek 100 eur,inactive,,,,10,Dzienny,0,0,0,W toku,Kliknięcia z 7 dni lub wyświetlenia z 1 dnia
2026-01-26,2026-01-26,Leads ENG Poltrakt Week/Cadence Poland,inactive,,,,20,Dzienny,0,0,0,W toku,Kliknięcia z 7 dni lub wyświetlenia z 1 dnia
2026-01-26,2026-01-26,PL Agency Ads Start 14.05.2026,inactive,,,,10,Dzienny,0,0,0,W toku,Kliknięcia z 7 dni lub wyświetlenia z 1 dnia
2026-01-26,2026-01-26,Poltrakt PL Magazynier,inactive,,,,5,Dzienny,0,0,0,W toku,Kliknięcia z 7 dni lub wyświetlenia z 1 dnia
2026-01-26,2026-01-26,Poltrakt Drivers CE Week/Full,inactive,,,,Użycie budżetu zestawu reklam,0,0,0,0,W toku,Kliknięcia z 7 dni lub wyświetlenia z 1 dnia
2026-01-26,2026-01-26,Poltrakt PL CE Italy/ pol leads,inactive,,,,11,Dzienny,0,0,0,W toku,Kliknięcia z 7 dni lub wyświetlenia z 1 dnia
2026-01-26,2026-01-26,Poltrakt PL CE Pol Leads,inactive,,,,7,Dzienny,0,0,0,W toku,Kliknięcia z 7 dni lub wyświetlenia z 1 dnia
2026-01-25,2026-01-25,Leads Agency PL,inactive,,,,10,Dzienny,0,0,0,W toku,Kliknięcia z 7 dni lub wyświetlenia z 1 dnia
2026-01-25,2026-01-25,Pracownik Magazynowy PL/ RU/ ENG Leads,inactive,,,,15,Dzienny,0,0,0,W toku,Kliknięcia z 7 dni lub wyświetlenia z 1 dnia
2026-01-25,2026-01-25,Leads RU Mrozek 100 eur,inactive,,,,10,Dzienny,0,0,0,W toku,Kliknięcia z 7 dni lub wyświetlenia z 1 dnia
2026-01-25,2026-01-25,Leads PL Dyspozytor Poltrakt,inactive,,,,10,Dzienny,0,0,0,W toku,Kliknięcia z 7 dni lub wyświetlenia z 1 dnia
2026-01-25,2026-01-25,Leads PL Dyspozytor Poltrakt,inactive,,,,10,Dzienny,0,0,0,W toku,Kliknięcia z 7 dni lub wyświetlenia z 1 dnia
2026-01-25,2026-01-25,PL Agency Ads,inactive,,,,10,Dzienny,0,0,0,W toku,Kliknięcia z 7 dni lub wyświetlenia z 1 dnia
2026-01-25,2026-01-25,RU Leads Poltrakt CE PL S/F Start 20.06.2026,inactive,,,,30,Dzienny,0,0,0,W toku,Kliknięcia z 7 dni lub wyświetlenia z 1 dnia
2026-01-25,2026-01-25,Leads RU Mrozek 100 eur,inactive,,,,10,Dzienny,0,0,0,W toku,Kliknięcia z 7 dni lub wyświetlenia z 1 dnia
2026-01-25,2026-01-25,Leads ENG Poltrakt Week/Cadence Poland,inactive,,,,20,Dzienny,0,0,0,W toku,Kliknięcia z 7 dni lub wyświetlenia z 1 dnia
2026-01-25,2026-01-25,PL Agency Ads Start 14.05.2026,inactive,,,,10,Dzienny,0,0,0,W toku,Kliknięcia z 7 dni lub wyświetlenia z 1 dnia
2026-01-25,2026-01-25,Poltrakt PL Magazynier,inactive,,,,5,Dzienny,0,0,0,W toku,Kliknięcia z 7 dni lub wyświetlenia z 1 dnia
2026-01-25,2026-01-25,Poltrakt Drivers CE Week/Full,inactive,,,,Użycie budżetu zestawu reklam,0,0,0,0,W toku,Kliknięcia z 7 dni lub wyświetlenia z 1 dnia
2026-01-25,2026-01-25,Poltrakt PL CE Italy/ pol leads,inactive,,,,11,Dzienny,0,0,0,W toku,Kliknięcia z 7 dni lub wyświetlenia z 1 dnia
2026-01-25,2026-01-25,Poltrakt PL CE Pol Leads,inactive,,,,7,Dzienny,0,0,0,W toku,Kliknięcia z 7 dni lub wyświetlenia z 1 dnia
2026-01-24,2026-01-24,Leads Agency PL,inactive,,,,10,Dzienny,0,0,0,W toku,Kliknięcia z 7 dni lub wyświetlenia z 1 dnia
2026-01-24,2026-01-24,Pracownik Magazynowy PL/ RU/ ENG Leads,inactive,,,,15,Dzienny,0,0,0,W toku,Kliknięcia z 7 dni lub wyświetlenia z 1 dnia
2026-01-24,2026-01-24,Leads RU Mrozek 100 eur,inactive,,,,10,Dzienny,0,0,0,W toku,Kliknięcia z 7 dni lub wyświetlenia z 1 dnia
2026-01-24,2026-01-24,Leads PL Dyspozytor Poltrakt,inactive,,,,10,Dzienny,0,0,0,W toku,Kliknięcia z 7 dni lub wyświetlenia z 1 dnia
2026-01-24,2026-01-24,Leads PL Dyspozytor Poltrakt,inactive,,,,10,Dzienny,0,0,0,W toku,Kliknięcia z 7 dni lub wyświetlenia z 1 dnia
2026-01-24,2026-01-24,PL Agency Ads,inactive,,,,10,Dzienny,0,0,0,W toku,Kliknięcia z 7 dni lub wyświetlenia z 1 dnia
2026-01-24,2026-01-24,RU Leads Poltrakt CE PL S/F Start 20.06.2026,inactive,,,,30,Dzienny,0,0,0,W toku,Kliknięcia z 7 dni lub wyświetlenia z 1 dnia
2026-01-24,2026-01-24,Leads RU Mrozek 100 eur,inactive,,,,10,Dzienny,0,0,0,W toku,Kliknięcia z 7 dni lub wyświetlenia z 1 dnia
2026-01-24,2026-01-24,Leads ENG Poltrakt Week/Cadence Poland,inactive,,,,20,Dzienny,0,0,0,W toku,Kliknięcia z 7 dni lub wyświetlenia z 1 dnia
2026-01-24,2026-01-24,PL Agency Ads Start 14.05.2026,inactive,,,,10,Dzienny,0,0,0,W toku,Kliknięcia z 7 dni lub wyświetlenia z 1 dnia
2026-01-24,2026-01-24,Poltrakt PL Magazynier,inactive,,,,5,Dzienny,0,0,0,W toku,Kliknięcia z 7 dni lub wyświetlenia z 1 dnia
2026-01-24,2026-01-24,Poltrakt Drivers CE Week/Full,inactive,,,,Użycie budżetu zestawu reklam,0,0,0,0,W toku,Kliknięcia z 7 dni lub wyświetlenia z 1 dnia
2026-01-24,2026-01-24,Poltrakt PL CE Italy/ pol leads,inactive,,,,11,Dzienny,0,0,0,W toku,Kliknięcia z 7 dni lub wyświetlenia z 1 dnia
2026-01-24,2026-01-24,Poltrakt PL CE Pol Leads,inactive,,,,7,Dzienny,0,0,0,W toku,Kliknięcia z 7 dni lub wyświetlenia z 1 dnia
2026-01-23,2026-01-23,Leads Agency PL,inactive,,,,10,Dzienny,0,0,0,W toku,Kliknięcia z 7 dni lub wyświetlenia z 1 dnia
2026-01-23,2026-01-23,Pracownik Magazynowy PL/ RU/ ENG Leads,inactive,,,,15,Dzienny,0,0,0,W toku,Kliknięcia z 7 dni lub wyświetlenia z 1 dnia
2026-01-23,2026-01-23,Leads RU Mrozek 100 eur,inactive,,,,10,Dzienny,0,0,0,W toku,Kliknięcia z 7 dni lub wyświetlenia z 1 dnia
2026-01-23,2026-01-23,Leads PL Dyspozytor Poltrakt,inactive,,,,10,Dzienny,0,0,0,W toku,Kliknięcia z 7 dni lub wyświetlenia z 1 dnia
2026-01-23,2026-01-23,Leads PL Dyspozytor Poltrakt,inactive,,,,10,Dzienny,0,0,0,W toku,Kliknięcia z 7 dni lub wyświetlenia z 1 dnia
2026-01-23,2026-01-23,PL Agency Ads,inactive,,,,10,Dzienny,0,0,0,W toku,Kliknięcia z 7 dni lub wyświetlenia z 1 dnia
2026-01-23,2026-01-23,RU Leads Poltrakt CE PL S/F Start 20.06.2026,inactive,,,,30,Dzienny,0,0,0,W toku,Kliknięcia z 7 dni lub wyświetlenia z 1 dnia
2026-01-23,2026-01-23,Leads RU Mrozek 100 eur,inactive,,,,10,Dzienny,0,0,0,W toku,Kliknięcia z 7 dni lub wyświetlenia z 1 dnia
2026-01-23,2026-01-23,Leads ENG Poltrakt Week/Cadence Poland,inactive,,,,20,Dzienny,0,0,0,W toku,Kliknięcia z 7 dni lub wyświetlenia z 1 dnia
2026-01-23,2026-01-23,PL Agency Ads Start 14.05.2026,inactive,,,,10,Dzienny,0,0,0,W toku,Kliknięcia z 7 dni lub wyświetlenia z 1 dnia
2026-01-23,2026-01-23,Poltrakt PL Magazynier,inactive,,,,5,Dzienny,0,0,0,W toku,Kliknięcia z 7 dni lub wyświetlenia z 1 dnia
2026-01-23,2026-01-23,Poltrakt Drivers CE Week/Full,inactive,,,,Użycie budżetu zestawu reklam,0,0,0,0,W toku,Kliknięcia z 7 dni lub wyświetlenia z 1 dnia
2026-01-23,2026-01-23,Poltrakt PL CE Italy/ pol leads,inactive,,,,11,Dzienny,0,0,0,W toku,Kliknięcia z 7 dni lub wyświetlenia z 1 dnia
2026-01-23,2026-01-23,Poltrakt PL CE Pol Leads,inactive,,,,7,Dzienny,0,0,0,W toku,Kliknięcia z 7 dni lub wyświetlenia z 1 dnia
2026-01-22,2026-01-22,Leads Agency PL,inactive,,,,10,Dzienny,0,0,0,W toku,Kliknięcia z 7 dni lub wyświetlenia z 1 dnia
2026-01-22,2026-01-22,Pracownik Magazynowy PL/ RU/ ENG Leads,inactive,,,,15,Dzienny,0,0,0,W toku,Kliknięcia z 7 dni lub wyświetlenia z 1 dnia
2026-01-22,2026-01-22,Leads RU Mrozek 100 eur,inactive,,,,10,Dzienny,0,0,0,W toku,Kliknięcia z 7 dni lub wyświetlenia z 1 dnia
2026-01-22,2026-01-22,Leads PL Dyspozytor Poltrakt,inactive,,,,10,Dzienny,0,0,0,W toku,Kliknięcia z 7 dni lub wyświetlenia z 1 dnia
2026-01-22,2026-01-22,Leads PL Dyspozytor Poltrakt,inactive,,,,10,Dzienny,0,0,0,W toku,Kliknięcia z 7 dni lub wyświetlenia z 1 dnia
2026-01-22,2026-01-22,PL Agency Ads,inactive,,,,10,Dzienny,0,0,0,W toku,Kliknięcia z 7 dni lub wyświetlenia z 1 dnia
2026-01-22,2026-01-22,RU Leads Poltrakt CE PL S/F Start 20.06.2026,inactive,,,,30,Dzienny,0,0,0,W toku,Kliknięcia z 7 dni lub wyświetlenia z 1 dnia
2026-01-22,2026-01-22,Leads RU Mrozek 100 eur,inactive,,,,10,Dzienny,0,0,0,W toku,Kliknięcia z 7 dni lub wyświetlenia z 1 dnia
2026-01-22,2026-01-22,Leads ENG Poltrakt Week/Cadence Poland,inactive,,,,20,Dzienny,0,0,0,W toku,Kliknięcia z 7 dni lub wyświetlenia z 1 dnia
2026-01-22,2026-01-22,PL Agency Ads Start 14.05.2026,inactive,,,,10,Dzienny,0,0,0,W toku,Kliknięcia z 7 dni lub wyświetlenia z 1 dnia
2026-01-22,2026-01-22,Poltrakt PL Magazynier,inactive,,,,5,Dzienny,0,0,0,W toku,Kliknięcia z 7 dni lub wyświetlenia z 1 dnia
2026-01-22,2026-01-22,Poltrakt Drivers CE Week/Full,inactive,,,,Użycie budżetu zestawu reklam,0,0,0,0,W toku,Kliknięcia z 7 dni lub wyświetlenia z 1 dnia
2026-01-22,2026-01-22,Poltrakt PL CE Italy/ pol leads,inactive,,,,11,Dzienny,0,0,0,W toku,Kliknięcia z 7 dni lub wyświetlenia z 1 dnia
2026-01-22,2026-01-22,Poltrakt PL CE Pol Leads,inactive,,,,7,Dzienny,0,0,0,W toku,Kliknięcia z 7 dni lub wyświetlenia z 1 dnia
2026-01-21,2026-01-21,Leads Agency PL,inactive,,,,10,Dzienny,0,0,0,W toku,Kliknięcia z 7 dni lub wyświetlenia z 1 dnia
2026-01-21,2026-01-21,Pracownik Magazynowy PL/ RU/ ENG Leads,inactive,,,,15,Dzienny,0,0,0,W toku,Kliknięcia z 7 dni lub wyświetlenia z 1 dnia
2026-01-21,2026-01-21,Leads RU Mrozek 100 eur,inactive,,,,10,Dzienny,0,0,0,W toku,Kliknięcia z 7 dni lub wyświetlenia z 1 dnia
2026-01-21,2026-01-21,Leads PL Dyspozytor Poltrakt,inactive,,,,10,Dzienny,0,0,0,W toku,Kliknięcia z 7 dni lub wyświetlenia z 1 dnia
2026-01-21,2026-01-21,Leads PL Dyspozytor Poltrakt,inactive,,,,10,Dzienny,0,0,0,W toku,Kliknięcia z 7 dni lub wyświetlenia z 1 dnia
2026-01-21,2026-01-21,PL Agency Ads,inactive,,,,10,Dzienny,0,0,0,W toku,Kliknięcia z 7 dni lub wyświetlenia z 1 dnia
2026-01-21,2026-01-21,RU Leads Poltrakt CE PL S/F Start 20.06.2026,inactive,,,,30,Dzienny,0,0,0,W toku,Kliknięcia z 7 dni lub wyświetlenia z 1 dnia
2026-01-21,2026-01-21,Leads RU Mrozek 100 eur,inactive,,,,10,Dzienny,0,0,0,W toku,Kliknięcia z 7 dni lub wyświetlenia z 1 dnia
2026-01-21,2026-01-21,Leads ENG Poltrakt Week/Cadence Poland,inactive,,,,20,Dzienny,0,0,0,W toku,Kliknięcia z 7 dni lub wyświetlenia z 1 dnia
2026-01-21,2026-01-21,PL Agency Ads Start 14.05.2026,inactive,,,,10,Dzienny,0,0,0,W toku,Kliknięcia z 7 dni lub wyświetlenia z 1 dnia
2026-01-21,2026-01-21,Poltrakt PL Magazynier,inactive,,,,5,Dzienny,0,0,0,W toku,Kliknięcia z 7 dni lub wyświetlenia z 1 dnia
2026-01-21,2026-01-21,Poltrakt Drivers CE Week/Full,inactive,,,,Użycie budżetu zestawu reklam,0,0,0,0,W toku,Kliknięcia z 7 dni lub wyświetlenia z 1 dnia
2026-01-21,2026-01-21,Poltrakt PL CE Italy/ pol leads,inactive,,,,11,Dzienny,0,0,0,W toku,Kliknięcia z 7 dni lub wyświetlenia z 1 dnia
2026-01-21,2026-01-21,Poltrakt PL CE Pol Leads,inactive,,,,7,Dzienny,0,0,0,W toku,Kliknięcia z 7 dni lub wyświetlenia z 1 dnia
2026-01-20,2026-01-20,Leads Agency PL,inactive,,,,10,Dzienny,0,0,0,W toku,Kliknięcia z 7 dni lub wyświetlenia z 1 dnia
2026-01-20,2026-01-20,Pracownik Magazynowy PL/ RU/ ENG Leads,inactive,,,,15,Dzienny,0,0,0,W toku,Kliknięcia z 7 dni lub wyświetlenia z 1 dnia
2026-01-20,2026-01-20,Leads RU Mrozek 100 eur,inactive,,,,10,Dzienny,0,0,0,W toku,Kliknięcia z 7 dni lub wyświetlenia z 1 dnia
2026-01-20,2026-01-20,Leads PL Dyspozytor Poltrakt,inactive,,,,10,Dzienny,0,0,0,W toku,Kliknięcia z 7 dni lub wyświetlenia z 1 dnia
2026-01-20,2026-01-20,Leads PL Dyspozytor Poltrakt,inactive,,,,10,Dzienny,0,0,0,W toku,Kliknięcia z 7 dni lub wyświetlenia z 1 dnia
2026-01-20,2026-01-20,PL Agency Ads,inactive,,,,10,Dzienny,0,0,0,W toku,Kliknięcia z 7 dni lub wyświetlenia z 1 dnia
2026-01-20,2026-01-20,RU Leads Poltrakt CE PL S/F Start 20.06.2026,inactive,,,,30,Dzienny,0,0,0,W toku,Kliknięcia z 7 dni lub wyświetlenia z 1 dnia
2026-01-20,2026-01-20,Leads RU Mrozek 100 eur,inactive,,,,10,Dzienny,0,0,0,W toku,Kliknięcia z 7 dni lub wyświetlenia z 1 dnia
2026-01-20,2026-01-20,Leads ENG Poltrakt Week/Cadence Poland,inactive,,,,20,Dzienny,0,0,0,W toku,Kliknięcia z 7 dni lub wyświetlenia z 1 dnia
2026-01-20,2026-01-20,PL Agency Ads Start 14.05.2026,inactive,,,,10,Dzienny,0,0,0,W toku,Kliknięcia z 7 dni lub wyświetlenia z 1 dnia
2026-01-20,2026-01-20,Poltrakt PL Magazynier,inactive,,,,5,Dzienny,0,0,0,W toku,Kliknięcia z 7 dni lub wyświetlenia z 1 dnia
2026-01-20,2026-01-20,Poltrakt Drivers CE Week/Full,inactive,,,,Użycie budżetu zestawu reklam,0,0,0,0,W toku,Kliknięcia z 7 dni lub wyświetlenia z 1 dnia
2026-01-20,2026-01-20,Poltrakt PL CE Italy/ pol leads,inactive,,,,11,Dzienny,0,0,0,W toku,Kliknięcia z 7 dni lub wyświetlenia z 1 dnia
2026-01-20,2026-01-20,Poltrakt PL CE Pol Leads,inactive,,,,7,Dzienny,0,0,0,W toku,Kliknięcia z 7 dni lub wyświetlenia z 1 dnia
2026-01-19,2026-01-19,Leads Agency PL,inactive,,,,10,Dzienny,0,0,0,W toku,Kliknięcia z 7 dni lub wyświetlenia z 1 dnia
2026-01-19,2026-01-19,Pracownik Magazynowy PL/ RU/ ENG Leads,inactive,,,,15,Dzienny,0,0,0,W toku,Kliknięcia z 7 dni lub wyświetlenia z 1 dnia
2026-01-19,2026-01-19,Leads RU Mrozek 100 eur,inactive,,,,10,Dzienny,0,0,0,W toku,Kliknięcia z 7 dni lub wyświetlenia z 1 dnia
2026-01-19,2026-01-19,Leads PL Dyspozytor Poltrakt,inactive,,,,10,Dzienny,0,0,0,W toku,Kliknięcia z 7 dni lub wyświetlenia z 1 dnia
2026-01-19,2026-01-19,Leads PL Dyspozytor Poltrakt,inactive,,,,10,Dzienny,0,0,0,W toku,Kliknięcia z 7 dni lub wyświetlenia z 1 dnia
2026-01-19,2026-01-19,PL Agency Ads,inactive,,,,10,Dzienny,0,0,0,W toku,Kliknięcia z 7 dni lub wyświetlenia z 1 dnia
2026-01-19,2026-01-19,RU Leads Poltrakt CE PL S/F Start 20.06.2026,inactive,,,,30,Dzienny,0,0,0,W toku,Kliknięcia z 7 dni lub wyświetlenia z 1 dnia
2026-01-19,2026-01-19,Leads RU Mrozek 100 eur,inactive,,,,10,Dzienny,0,0,0,W toku,Kliknięcia z 7 dni lub wyświetlenia z 1 dnia
2026-01-19,2026-01-19,Leads ENG Poltrakt Week/Cadence Poland,inactive,,,,20,Dzienny,0,0,0,W toku,Kliknięcia z 7 dni lub wyświetlenia z 1 dnia
2026-01-19,2026-01-19,PL Agency Ads Start 14.05.2026,inactive,,,,10,Dzienny,0,0,0,W toku,Kliknięcia z 7 dni lub wyświetlenia z 1 dnia
2026-01-19,2026-01-19,Poltrakt PL Magazynier,inactive,,,,5,Dzienny,0,0,0,W toku,Kliknięcia z 7 dni lub wyświetlenia z 1 dnia
2026-01-19,2026-01-19,Poltrakt Drivers CE Week/Full,inactive,,,,Użycie budżetu zestawu reklam,0,0,0,0,W toku,Kliknięcia z 7 dni lub wyświetlenia z 1 dnia
2026-01-19,2026-01-19,Poltrakt PL CE Italy/ pol leads,inactive,,,,11,Dzienny,0,0,0,W toku,Kliknięcia z 7 dni lub wyświetlenia z 1 dnia
2026-01-19,2026-01-19,Poltrakt PL CE Pol Leads,inactive,,,,7,Dzienny,0,0,0,W toku,Kliknięcia z 7 dni lub wyświetlenia z 1 dnia
2026-01-18,2026-01-18,Leads Agency PL,inactive,,,,10,Dzienny,0,0,0,W toku,Kliknięcia z 7 dni lub wyświetlenia z 1 dnia
2026-01-18,2026-01-18,Pracownik Magazynowy PL/ RU/ ENG Leads,inactive,,,,15,Dzienny,0,0,0,W toku,Kliknięcia z 7 dni lub wyświetlenia z 1 dnia
2026-01-18,2026-01-18,Leads RU Mrozek 100 eur,inactive,,,,10,Dzienny,0,0,0,W toku,Kliknięcia z 7 dni lub wyświetlenia z 1 dnia
2026-01-18,2026-01-18,Leads PL Dyspozytor Poltrakt,inactive,,,,10,Dzienny,0,0,0,W toku,Kliknięcia z 7 dni lub wyświetlenia z 1 dnia
2026-01-18,2026-01-18,Leads PL Dyspozytor Poltrakt,inactive,,,,10,Dzienny,0,0,0,W toku,Kliknięcia z 7 dni lub wyświetlenia z 1 dnia
2026-01-18,2026-01-18,PL Agency Ads,inactive,,,,10,Dzienny,0,0,0,W toku,Kliknięcia z 7 dni lub wyświetlenia z 1 dnia
2026-01-18,2026-01-18,RU Leads Poltrakt CE PL S/F Start 20.06.2026,inactive,,,,30,Dzienny,0,0,0,W toku,Kliknięcia z 7 dni lub wyświetlenia z 1 dnia
2026-01-18,2026-01-18,Leads RU Mrozek 100 eur,inactive,,,,10,Dzienny,0,0,0,W toku,Kliknięcia z 7 dni lub wyświetlenia z 1 dnia
2026-01-18,2026-01-18,Leads ENG Poltrakt Week/Cadence Poland,inactive,,,,20,Dzienny,0,0,0,W toku,Kliknięcia z 7 dni lub wyświetlenia z 1 dnia
2026-01-18,2026-01-18,PL Agency Ads Start 14.05.2026,inactive,,,,10,Dzienny,0,0,0,W toku,Kliknięcia z 7 dni lub wyświetlenia z 1 dnia
2026-01-18,2026-01-18,Poltrakt PL Magazynier,inactive,,,,5,Dzienny,0,0,0,W toku,Kliknięcia z 7 dni lub wyświetlenia z 1 dnia
2026-01-18,2026-01-18,Poltrakt Drivers CE Week/Full,inactive,,,,Użycie budżetu zestawu reklam,0,0,0,0,W toku,Kliknięcia z 7 dni lub wyświetlenia z 1 dnia
2026-01-18,2026-01-18,Poltrakt PL CE Italy/ pol leads,inactive,,,,11,Dzienny,0,0,0,W toku,Kliknięcia z 7 dni lub wyświetlenia z 1 dnia
2026-01-18,2026-01-18,Poltrakt PL CE Pol Leads,inactive,,,,7,Dzienny,0,0,0,W toku,Kliknięcia z 7 dni lub wyświetlenia z 1 dnia
2026-01-17,2026-01-17,Leads Agency PL,inactive,,,,10,Dzienny,0,0,0,W toku,Kliknięcia z 7 dni lub wyświetlenia z 1 dnia
2026-01-17,2026-01-17,Pracownik Magazynowy PL/ RU/ ENG Leads,inactive,,,,15,Dzienny,0,0,0,W toku,Kliknięcia z 7 dni lub wyświetlenia z 1 dnia
2026-01-17,2026-01-17,Leads RU Mrozek 100 eur,inactive,,,,10,Dzienny,0,0,0,W toku,Kliknięcia z 7 dni lub wyświetlenia z 1 dnia
2026-01-17,2026-01-17,Leads PL Dyspozytor Poltrakt,inactive,,,,10,Dzienny,0,0,0,W toku,Kliknięcia z 7 dni lub wyświetlenia z 1 dnia
2026-01-17,2026-01-17,Leads PL Dyspozytor Poltrakt,inactive,,,,10,Dzienny,0,0,0,W toku,Kliknięcia z 7 dni lub wyświetlenia z 1 dnia
2026-01-17,2026-01-17,PL Agency Ads,inactive,,,,10,Dzienny,0,0,0,W toku,Kliknięcia z 7 dni lub wyświetlenia z 1 dnia
2026-01-17,2026-01-17,RU Leads Poltrakt CE PL S/F Start 20.06.2026,inactive,,,,30,Dzienny,0,0,0,W toku,Kliknięcia z 7 dni lub wyświetlenia z 1 dnia
2026-01-17,2026-01-17,Leads RU Mrozek 100 eur,inactive,,,,10,Dzienny,0,0,0,W toku,Kliknięcia z 7 dni lub wyświetlenia z 1 dnia
2026-01-17,2026-01-17,Leads ENG Poltrakt Week/Cadence Poland,inactive,,,,20,Dzienny,0,0,0,W toku,Kliknięcia z 7 dni lub wyświetlenia z 1 dnia
2026-01-17,2026-01-17,PL Agency Ads Start 14.05.2026,inactive,,,,10,Dzienny,0,0,0,W toku,Kliknięcia z 7 dni lub wyświetlenia z 1 dnia
2026-01-17,2026-01-17,Poltrakt PL Magazynier,inactive,,,,5,Dzienny,0,0,0,W toku,Kliknięcia z 7 dni lub wyświetlenia z 1 dnia
2026-01-17,2026-01-17,Poltrakt Drivers CE Week/Full,inactive,,,,Użycie budżetu zestawu reklam,0,0,0,0,W toku,Kliknięcia z 7 dni lub wyświetlenia z 1 dnia
2026-01-17,2026-01-17,Poltrakt PL CE Italy/ pol leads,inactive,,,,11,Dzienny,0,0,0,W toku,Kliknięcia z 7 dni lub wyświetlenia z 1 dnia
2026-01-17,2026-01-17,Poltrakt PL CE Pol Leads,inactive,,,,7,Dzienny,0,0,0,W toku,Kliknięcia z 7 dni lub wyświetlenia z 1 dnia
2026-01-16,2026-01-16,Leads Agency PL,inactive,,,,10,Dzienny,0,0,0,W toku,Kliknięcia z 7 dni lub wyświetlenia z 1 dnia
2026-01-16,2026-01-16,Pracownik Magazynowy PL/ RU/ ENG Leads,inactive,,,,15,Dzienny,0,0,0,W toku,Kliknięcia z 7 dni lub wyświetlenia z 1 dnia
2026-01-16,2026-01-16,Leads RU Mrozek 100 eur,inactive,,,,10,Dzienny,0,0,0,W toku,Kliknięcia z 7 dni lub wyświetlenia z 1 dnia
2026-01-16,2026-01-16,Leads PL Dyspozytor Poltrakt,inactive,,,,10,Dzienny,0,0,0,W toku,Kliknięcia z 7 dni lub wyświetlenia z 1 dnia
2026-01-16,2026-01-16,Leads PL Dyspozytor Poltrakt,inactive,,,,10,Dzienny,0,0,0,W toku,Kliknięcia z 7 dni lub wyświetlenia z 1 dnia
2026-01-16,2026-01-16,PL Agency Ads,inactive,,,,10,Dzienny,0,0,0,W toku,Kliknięcia z 7 dni lub wyświetlenia z 1 dnia
2026-01-16,2026-01-16,RU Leads Poltrakt CE PL S/F Start 20.06.2026,inactive,,,,30,Dzienny,0,0,0,W toku,Kliknięcia z 7 dni lub wyświetlenia z 1 dnia
2026-01-16,2026-01-16,Leads RU Mrozek 100 eur,inactive,,,,10,Dzienny,0,0,0,W toku,Kliknięcia z 7 dni lub wyświetlenia z 1 dnia
2026-01-16,2026-01-16,Leads ENG Poltrakt Week/Cadence Poland,inactive,,,,20,Dzienny,0,0,0,W toku,Kliknięcia z 7 dni lub wyświetlenia z 1 dnia
2026-01-16,2026-01-16,PL Agency Ads Start 14.05.2026,inactive,,,,10,Dzienny,0,0,0,W toku,Kliknięcia z 7 dni lub wyświetlenia z 1 dnia
2026-01-16,2026-01-16,Poltrakt PL Magazynier,inactive,,,,5,Dzienny,0,0,0,W toku,Kliknięcia z 7 dni lub wyświetlenia z 1 dnia
2026-01-16,2026-01-16,Poltrakt Drivers CE Week/Full,inactive,,,,Użycie budżetu zestawu reklam,0,0,0,0,W toku,Kliknięcia z 7 dni lub wyświetlenia z 1 dnia
2026-01-16,2026-01-16,Poltrakt PL CE Italy/ pol leads,inactive,,,,11,Dzienny,0,0,0,W toku,Kliknięcia z 7 dni lub wyświetlenia z 1 dnia
2026-01-16,2026-01-16,Poltrakt PL CE Pol Leads,inactive,,,,7,Dzienny,0,0,0,W toku,Kliknięcia z 7 dni lub wyświetlenia z 1 dnia
2026-01-15,2026-01-15,Leads Agency PL,inactive,,,,10,Dzienny,0,0,0,W toku,Kliknięcia z 7 dni lub wyświetlenia z 1 dnia
2026-01-15,2026-01-15,Pracownik Magazynowy PL/ RU/ ENG Leads,inactive,,,,15,Dzienny,0,0,0,W toku,Kliknięcia z 7 dni lub wyświetlenia z 1 dnia
2026-01-15,2026-01-15,Leads RU Mrozek 100 eur,inactive,,,,10,Dzienny,0,0,0,W toku,Kliknięcia z 7 dni lub wyświetlenia z 1 dnia
2026-01-15,2026-01-15,Leads PL Dyspozytor Poltrakt,inactive,,,,10,Dzienny,0,0,0,W toku,Kliknięcia z 7 dni lub wyświetlenia z 1 dnia
2026-01-15,2026-01-15,Leads PL Dyspozytor Poltrakt,inactive,,,,10,Dzienny,0,0,0,W toku,Kliknięcia z 7 dni lub wyświetlenia z 1 dnia
2026-01-15,2026-01-15,PL Agency Ads,inactive,,,,10,Dzienny,0,0,0,W toku,Kliknięcia z 7 dni lub wyświetlenia z 1 dnia
2026-01-15,2026-01-15,RU Leads Poltrakt CE PL S/F Start 20.06.2026,inactive,,,,30,Dzienny,0,0,0,W toku,Kliknięcia z 7 dni lub wyświetlenia z 1 dnia
2026-01-15,2026-01-15,Leads RU Mrozek 100 eur,inactive,,,,10,Dzienny,0,0,0,W toku,Kliknięcia z 7 dni lub wyświetlenia z 1 dnia
2026-01-15,2026-01-15,Leads ENG Poltrakt Week/Cadence Poland,inactive,,,,20,Dzienny,0,0,0,W toku,Kliknięcia z 7 dni lub wyświetlenia z 1 dnia
2026-01-15,2026-01-15,PL Agency Ads Start 14.05.2026,inactive,,,,10,Dzienny,0,0,0,W toku,Kliknięcia z 7 dni lub wyświetlenia z 1 dnia
2026-01-15,2026-01-15,Poltrakt PL Magazynier,inactive,,,,5,Dzienny,0,0,0,W toku,Kliknięcia z 7 dni lub wyświetlenia z 1 dnia
2026-01-15,2026-01-15,Poltrakt Drivers CE Week/Full,inactive,,,,Użycie budżetu zestawu reklam,0,0,0,0,W toku,Kliknięcia z 7 dni lub wyświetlenia z 1 dnia
2026-01-15,2026-01-15,Poltrakt PL CE Italy/ pol leads,inactive,,,,11,Dzienny,0,0,0,W toku,Kliknięcia z 7 dni lub wyświetlenia z 1 dnia
2026-01-15,2026-01-15,Poltrakt PL CE Pol Leads,inactive,,,,7,Dzienny,0,0,0,W toku,Kliknięcia z 7 dni lub wyświetlenia z 1 dnia
2026-01-14,2026-01-14,Leads Agency PL,inactive,,,,10,Dzienny,0,0,0,W toku,Kliknięcia z 7 dni lub wyświetlenia z 1 dnia
2026-01-14,2026-01-14,Pracownik Magazynowy PL/ RU/ ENG Leads,inactive,,,,15,Dzienny,0,0,0,W toku,Kliknięcia z 7 dni lub wyświetlenia z 1 dnia
2026-01-14,2026-01-14,Leads RU Mrozek 100 eur,inactive,,,,10,Dzienny,0,0,0,W toku,Kliknięcia z 7 dni lub wyświetlenia z 1 dnia
2026-01-14,2026-01-14,Leads PL Dyspozytor Poltrakt,inactive,,,,10,Dzienny,0,0,0,W toku,Kliknięcia z 7 dni lub wyświetlenia z 1 dnia
2026-01-14,2026-01-14,Leads PL Dyspozytor Poltrakt,inactive,,,,10,Dzienny,0,0,0,W toku,Kliknięcia z 7 dni lub wyświetlenia z 1 dnia
2026-01-14,2026-01-14,PL Agency Ads,inactive,,,,10,Dzienny,0,0,0,W toku,Kliknięcia z 7 dni lub wyświetlenia z 1 dnia
2026-01-14,2026-01-14,RU Leads Poltrakt CE PL S/F Start 20.06.2026,inactive,,,,30,Dzienny,0,0,0,W toku,Kliknięcia z 7 dni lub wyświetlenia z 1 dnia
2026-01-14,2026-01-14,Leads RU Mrozek 100 eur,inactive,,,,10,Dzienny,0,0,0,W toku,Kliknięcia z 7 dni lub wyświetlenia z 1 dnia
2026-01-14,2026-01-14,Leads ENG Poltrakt Week/Cadence Poland,inactive,,,,20,Dzienny,0,0,0,W toku,Kliknięcia z 7 dni lub wyświetlenia z 1 dnia
2026-01-14,2026-01-14,PL Agency Ads Start 14.05.2026,inactive,,,,10,Dzienny,0,0,0,W toku,Kliknięcia z 7 dni lub wyświetlenia z 1 dnia
2026-01-14,2026-01-14,Poltrakt PL Magazynier,inactive,,,,5,Dzienny,0,0,0,W toku,Kliknięcia z 7 dni lub wyświetlenia z 1 dnia
2026-01-14,2026-01-14,Poltrakt Drivers CE Week/Full,inactive,,,,Użycie budżetu zestawu reklam,0,0,0,0,W toku,Kliknięcia z 7 dni lub wyświetlenia z 1 dnia
2026-01-14,2026-01-14,Poltrakt PL CE Italy/ pol leads,inactive,,,,11,Dzienny,0,0,0,W toku,Kliknięcia z 7 dni lub wyświetlenia z 1 dnia
2026-01-14,2026-01-14,Poltrakt PL CE Pol Leads,inactive,,,,7,Dzienny,0,0,0,W toku,Kliknięcia z 7 dni lub wyświetlenia z 1 dnia
2026-01-13,2026-01-13,Leads Agency PL,inactive,,,,10,Dzienny,0,0,0,W toku,Kliknięcia z 7 dni lub wyświetlenia z 1 dnia
2026-01-13,2026-01-13,Pracownik Magazynowy PL/ RU/ ENG Leads,inactive,,,,15,Dzienny,0,0,0,W toku,Kliknięcia z 7 dni lub wyświetlenia z 1 dnia
2026-01-13,2026-01-13,Leads RU Mrozek 100 eur,inactive,,,,10,Dzienny,0,0,0,W toku,Kliknięcia z 7 dni lub wyświetlenia z 1 dnia
2026-01-13,2026-01-13,Leads PL Dyspozytor Poltrakt,inactive,,,,10,Dzienny,0,0,0,W toku,Kliknięcia z 7 dni lub wyświetlenia z 1 dnia
2026-01-13,2026-01-13,Leads PL Dyspozytor Poltrakt,inactive,,,,10,Dzienny,0,0,0,W toku,Kliknięcia z 7 dni lub wyświetlenia z 1 dnia
2026-01-13,2026-01-13,PL Agency Ads,inactive,,,,10,Dzienny,0,0,0,W toku,Kliknięcia z 7 dni lub wyświetlenia z 1 dnia
2026-01-13,2026-01-13,RU Leads Poltrakt CE PL S/F Start 20.06.2026,inactive,,,,30,Dzienny,0,0,0,W toku,Kliknięcia z 7 dni lub wyświetlenia z 1 dnia
2026-01-13,2026-01-13,Leads RU Mrozek 100 eur,inactive,,,,10,Dzienny,0,0,0,W toku,Kliknięcia z 7 dni lub wyświetlenia z 1 dnia
2026-01-13,2026-01-13,Leads ENG Poltrakt Week/Cadence Poland,inactive,,,,20,Dzienny,0,0,0,W toku,Kliknięcia z 7 dni lub wyświetlenia z 1 dnia
2026-01-13,2026-01-13,PL Agency Ads Start 14.05.2026,inactive,,,,10,Dzienny,0,0,0,W toku,Kliknięcia z 7 dni lub wyświetlenia z 1 dnia
2026-01-13,2026-01-13,Poltrakt PL Magazynier,inactive,,,,5,Dzienny,0,0,0,W toku,Kliknięcia z 7 dni lub wyświetlenia z 1 dnia
2026-01-13,2026-01-13,Poltrakt Drivers CE Week/Full,inactive,,,,Użycie budżetu zestawu reklam,0,0,0,0,W toku,Kliknięcia z 7 dni lub wyświetlenia z 1 dnia
2026-01-13,2026-01-13,Poltrakt PL CE Italy/ pol leads,inactive,,,,11,Dzienny,0,0,0,W toku,Kliknięcia z 7 dni lub wyświetlenia z 1 dnia
2026-01-13,2026-01-13,Poltrakt PL CE Pol Leads,inactive,,,,7,Dzienny,0,0,0,W toku,Kliknięcia z 7 dni lub wyświetlenia z 1 dnia
2026-01-12,2026-01-12,Leads Agency PL,inactive,,,,10,Dzienny,0,0,0,W toku,Kliknięcia z 7 dni lub wyświetlenia z 1 dnia
2026-01-12,2026-01-12,Pracownik Magazynowy PL/ RU/ ENG Leads,inactive,,,,15,Dzienny,0,0,0,W toku,Kliknięcia z 7 dni lub wyświetlenia z 1 dnia
2026-01-12,2026-01-12,Leads RU Mrozek 100 eur,inactive,,,,10,Dzienny,0,0,0,W toku,Kliknięcia z 7 dni lub wyświetlenia z 1 dnia
2026-01-12,2026-01-12,Leads PL Dyspozytor Poltrakt,inactive,,,,10,Dzienny,0,0,0,W toku,Kliknięcia z 7 dni lub wyświetlenia z 1 dnia
2026-01-12,2026-01-12,Leads PL Dyspozytor Poltrakt,inactive,,,,10,Dzienny,0,0,0,W toku,Kliknięcia z 7 dni lub wyświetlenia z 1 dnia
2026-01-12,2026-01-12,PL Agency Ads,inactive,,,,10,Dzienny,0,0,0,W toku,Kliknięcia z 7 dni lub wyświetlenia z 1 dnia
2026-01-12,2026-01-12,RU Leads Poltrakt CE PL S/F Start 20.06.2026,inactive,,,,30,Dzienny,0,0,0,W toku,Kliknięcia z 7 dni lub wyświetlenia z 1 dnia
2026-01-12,2026-01-12,Leads RU Mrozek 100 eur,inactive,,,,10,Dzienny,0,0,0,W toku,Kliknięcia z 7 dni lub wyświetlenia z 1 dnia
2026-01-12,2026-01-12,Leads ENG Poltrakt Week/Cadence Poland,inactive,,,,20,Dzienny,0,0,0,W toku,Kliknięcia z 7 dni lub wyświetlenia z 1 dnia
2026-01-12,2026-01-12,PL Agency Ads Start 14.05.2026,inactive,,,,10,Dzienny,0,0,0,W toku,Kliknięcia z 7 dni lub wyświetlenia z 1 dnia
2026-01-12,2026-01-12,Poltrakt PL Magazynier,inactive,,,,5,Dzienny,0,0,0,W toku,Kliknięcia z 7 dni lub wyświetlenia z 1 dnia
2026-01-12,2026-01-12,Poltrakt Drivers CE Week/Full,inactive,,,,Użycie budżetu zestawu reklam,0,0,0,0,W toku,Kliknięcia z 7 dni lub wyświetlenia z 1 dnia
2026-01-12,2026-01-12,Poltrakt PL CE Italy/ pol leads,inactive,,,,11,Dzienny,0,0,0,W toku,Kliknięcia z 7 dni lub wyświetlenia z 1 dnia
2026-01-12,2026-01-12,Poltrakt PL CE Pol Leads,inactive,,,,7,Dzienny,0,0,0,W toku,Kliknięcia z 7 dni lub wyświetlenia z 1 dnia
2026-01-11,2026-01-11,Leads Agency PL,inactive,,,,10,Dzienny,0,0,0,W toku,Kliknięcia z 7 dni lub wyświetlenia z 1 dnia
2026-01-11,2026-01-11,Pracownik Magazynowy PL/ RU/ ENG Leads,inactive,,,,15,Dzienny,0,0,0,W toku,Kliknięcia z 7 dni lub wyświetlenia z 1 dnia
2026-01-11,2026-01-11,Leads RU Mrozek 100 eur,inactive,,,,10,Dzienny,0,0,0,W toku,Kliknięcia z 7 dni lub wyświetlenia z 1 dnia
2026-01-11,2026-01-11,Leads PL Dyspozytor Poltrakt,inactive,,,,10,Dzienny,0,0,0,W toku,Kliknięcia z 7 dni lub wyświetlenia z 1 dnia
2026-01-11,2026-01-11,Leads PL Dyspozytor Poltrakt,inactive,,,,10,Dzienny,0,0,0,W toku,Kliknięcia z 7 dni lub wyświetlenia z 1 dnia
2026-01-11,2026-01-11,PL Agency Ads,inactive,,,,10,Dzienny,0,0,0,W toku,Kliknięcia z 7 dni lub wyświetlenia z 1 dnia
2026-01-11,2026-01-11,RU Leads Poltrakt CE PL S/F Start 20.06.2026,inactive,,,,30,Dzienny,0,0,0,W toku,Kliknięcia z 7 dni lub wyświetlenia z 1 dnia
2026-01-11,2026-01-11,Leads RU Mrozek 100 eur,inactive,,,,10,Dzienny,0,0,0,W toku,Kliknięcia z 7 dni lub wyświetlenia z 1 dnia
2026-01-11,2026-01-11,Leads ENG Poltrakt Week/Cadence Poland,inactive,,,,20,Dzienny,0,0,0,W toku,Kliknięcia z 7 dni lub wyświetlenia z 1 dnia
2026-01-11,2026-01-11,PL Agency Ads Start 14.05.2026,inactive,,,,10,Dzienny,0,0,0,W toku,Kliknięcia z 7 dni lub wyświetlenia z 1 dnia
2026-01-11,2026-01-11,Poltrakt PL Magazynier,inactive,,,,5,Dzienny,0,0,0,W toku,Kliknięcia z 7 dni lub wyświetlenia z 1 dnia
2026-01-11,2026-01-11,Poltrakt Drivers CE Week/Full,inactive,,,,Użycie budżetu zestawu reklam,0,0,0,0,W toku,Kliknięcia z 7 dni lub wyświetlenia z 1 dnia
2026-01-11,2026-01-11,Poltrakt PL CE Italy/ pol leads,inactive,,,,11,Dzienny,0,0,0,W toku,Kliknięcia z 7 dni lub wyświetlenia z 1 dnia
2026-01-11,2026-01-11,Poltrakt PL CE Pol Leads,inactive,,,,7,Dzienny,0,0,0,W toku,Kliknięcia z 7 dni lub wyświetlenia z 1 dnia
2026-01-10,2026-01-10,Leads Agency PL,inactive,,,,10,Dzienny,0,0,0,W toku,Kliknięcia z 7 dni lub wyświetlenia z 1 dnia
2026-01-10,2026-01-10,Pracownik Magazynowy PL/ RU/ ENG Leads,inactive,,,,15,Dzienny,0,0,0,W toku,Kliknięcia z 7 dni lub wyświetlenia z 1 dnia
2026-01-10,2026-01-10,Leads RU Mrozek 100 eur,inactive,,,,10,Dzienny,0,0,0,W toku,Kliknięcia z 7 dni lub wyświetlenia z 1 dnia
2026-01-10,2026-01-10,Leads PL Dyspozytor Poltrakt,inactive,,,,10,Dzienny,0,0,0,W toku,Kliknięcia z 7 dni lub wyświetlenia z 1 dnia
2026-01-10,2026-01-10,Leads PL Dyspozytor Poltrakt,inactive,,,,10,Dzienny,0,0,0,W toku,Kliknięcia z 7 dni lub wyświetlenia z 1 dnia
2026-01-10,2026-01-10,PL Agency Ads,inactive,,,,10,Dzienny,0,0,0,W toku,Kliknięcia z 7 dni lub wyświetlenia z 1 dnia
2026-01-10,2026-01-10,RU Leads Poltrakt CE PL S/F Start 20.06.2026,inactive,,,,30,Dzienny,0,0,0,W toku,Kliknięcia z 7 dni lub wyświetlenia z 1 dnia
2026-01-10,2026-01-10,Leads RU Mrozek 100 eur,inactive,,,,10,Dzienny,0,0,0,W toku,Kliknięcia z 7 dni lub wyświetlenia z 1 dnia
2026-01-10,2026-01-10,Leads ENG Poltrakt Week/Cadence Poland,inactive,,,,20,Dzienny,0,0,0,W toku,Kliknięcia z 7 dni lub wyświetlenia z 1 dnia
2026-01-10,2026-01-10,PL Agency Ads Start 14.05.2026,inactive,,,,10,Dzienny,0,0,0,W toku,Kliknięcia z 7 dni lub wyświetlenia z 1 dnia
2026-01-10,2026-01-10,Poltrakt PL Magazynier,inactive,,,,5,Dzienny,0,0,0,W toku,Kliknięcia z 7 dni lub wyświetlenia z 1 dnia
2026-01-10,2026-01-10,Poltrakt Drivers CE Week/Full,inactive,,,,Użycie budżetu zestawu reklam,0,0,0,0,W toku,Kliknięcia z 7 dni lub wyświetlenia z 1 dnia
2026-01-10,2026-01-10,Poltrakt PL CE Italy/ pol leads,inactive,,,,11,Dzienny,0,0,0,W toku,Kliknięcia z 7 dni lub wyświetlenia z 1 dnia
2026-01-10,2026-01-10,Poltrakt PL CE Pol Leads,inactive,,,,7,Dzienny,0,0,0,W toku,Kliknięcia z 7 dni lub wyświetlenia z 1 dnia
2026-01-09,2026-01-09,Leads Agency PL,inactive,,,,10,Dzienny,0,0,0,W toku,Kliknięcia z 7 dni lub wyświetlenia z 1 dnia
2026-01-09,2026-01-09,Pracownik Magazynowy PL/ RU/ ENG Leads,inactive,,,,15,Dzienny,0,0,0,W toku,Kliknięcia z 7 dni lub wyświetlenia z 1 dnia
2026-01-09,2026-01-09,Leads RU Mrozek 100 eur,inactive,,,,10,Dzienny,0,0,0,W toku,Kliknięcia z 7 dni lub wyświetlenia z 1 dnia
2026-01-09,2026-01-09,Leads PL Dyspozytor Poltrakt,inactive,,,,10,Dzienny,0,0,0,W toku,Kliknięcia z 7 dni lub wyświetlenia z 1 dnia
2026-01-09,2026-01-09,Leads PL Dyspozytor Poltrakt,inactive,,,,10,Dzienny,0,0,0,W toku,Kliknięcia z 7 dni lub wyświetlenia z 1 dnia
2026-01-09,2026-01-09,PL Agency Ads,inactive,,,,10,Dzienny,0,0,0,W toku,Kliknięcia z 7 dni lub wyświetlenia z 1 dnia
2026-01-09,2026-01-09,RU Leads Poltrakt CE PL S/F Start 20.06.2026,inactive,,,,30,Dzienny,0,0,0,W toku,Kliknięcia z 7 dni lub wyświetlenia z 1 dnia
2026-01-09,2026-01-09,Leads RU Mrozek 100 eur,inactive,,,,10,Dzienny,0,0,0,W toku,Kliknięcia z 7 dni lub wyświetlenia z 1 dnia
2026-01-09,2026-01-09,Leads ENG Poltrakt Week/Cadence Poland,inactive,,,,20,Dzienny,0,0,0,W toku,Kliknięcia z 7 dni lub wyświetlenia z 1 dnia
2026-01-09,2026-01-09,PL Agency Ads Start 14.05.2026,inactive,,,,10,Dzienny,0,0,0,W toku,Kliknięcia z 7 dni lub wyświetlenia z 1 dnia
2026-01-09,2026-01-09,Poltrakt PL Magazynier,inactive,,,,5,Dzienny,0,0,0,W toku,Kliknięcia z 7 dni lub wyświetlenia z 1 dnia
2026-01-09,2026-01-09,Poltrakt Drivers CE Week/Full,inactive,,,,Użycie budżetu zestawu reklam,0,0,0,0,W toku,Kliknięcia z 7 dni lub wyświetlenia z 1 dnia
2026-01-09,2026-01-09,Poltrakt PL CE Italy/ pol leads,inactive,,,,11,Dzienny,0,0,0,W toku,Kliknięcia z 7 dni lub wyświetlenia z 1 dnia
2026-01-09,2026-01-09,Poltrakt PL CE Pol Leads,inactive,,,,7,Dzienny,0,0,0,W toku,Kliknięcia z 7 dni lub wyświetlenia z 1 dnia
2026-01-08,2026-01-08,Leads Agency PL,inactive,,,,10,Dzienny,0,0,0,W toku,Kliknięcia z 7 dni lub wyświetlenia z 1 dnia
2026-01-08,2026-01-08,Pracownik Magazynowy PL/ RU/ ENG Leads,inactive,,,,15,Dzienny,0,0,0,W toku,Kliknięcia z 7 dni lub wyświetlenia z 1 dnia
2026-01-08,2026-01-08,Leads RU Mrozek 100 eur,inactive,,,,10,Dzienny,0,0,0,W toku,Kliknięcia z 7 dni lub wyświetlenia z 1 dnia
2026-01-08,2026-01-08,Leads PL Dyspozytor Poltrakt,inactive,,,,10,Dzienny,0,0,0,W toku,Kliknięcia z 7 dni lub wyświetlenia z 1 dnia
2026-01-08,2026-01-08,Leads PL Dyspozytor Poltrakt,inactive,,,,10,Dzienny,0,0,0,W toku,Kliknięcia z 7 dni lub wyświetlenia z 1 dnia
2026-01-08,2026-01-08,PL Agency Ads,inactive,,,,10,Dzienny,0,0,0,W toku,Kliknięcia z 7 dni lub wyświetlenia z 1 dnia
2026-01-08,2026-01-08,RU Leads Poltrakt CE PL S/F Start 20.06.2026,inactive,,,,30,Dzienny,0,0,0,W toku,Kliknięcia z 7 dni lub wyświetlenia z 1 dnia
2026-01-08,2026-01-08,Leads RU Mrozek 100 eur,inactive,,,,10,Dzienny,0,0,0,W toku,Kliknięcia z 7 dni lub wyświetlenia z 1 dnia
2026-01-08,2026-01-08,Leads ENG Poltrakt Week/Cadence Poland,inactive,,,,20,Dzienny,0,0,0,W toku,Kliknięcia z 7 dni lub wyświetlenia z 1 dnia
2026-01-08,2026-01-08,PL Agency Ads Start 14.05.2026,inactive,,,,10,Dzienny,0,0,0,W toku,Kliknięcia z 7 dni lub wyświetlenia z 1 dnia
2026-01-08,2026-01-08,Poltrakt PL Magazynier,inactive,,,,5,Dzienny,0,0,0,W toku,Kliknięcia z 7 dni lub wyświetlenia z 1 dnia
2026-01-08,2026-01-08,Poltrakt Drivers CE Week/Full,inactive,,,,Użycie budżetu zestawu reklam,0,0,0,0,W toku,Kliknięcia z 7 dni lub wyświetlenia z 1 dnia
2026-01-08,2026-01-08,Poltrakt PL CE Italy/ pol leads,inactive,,,,11,Dzienny,0,0,0,W toku,Kliknięcia z 7 dni lub wyświetlenia z 1 dnia
2026-01-08,2026-01-08,Poltrakt PL CE Pol Leads,inactive,,,,7,Dzienny,0,0,0,W toku,Kliknięcia z 7 dni lub wyświetlenia z 1 dnia
2026-01-07,2026-01-07,Leads Agency PL,inactive,,,,10,Dzienny,0,0,0,W toku,Kliknięcia z 7 dni lub wyświetlenia z 1 dnia
2026-01-07,2026-01-07,Pracownik Magazynowy PL/ RU/ ENG Leads,inactive,,,,15,Dzienny,0,0,0,W toku,Kliknięcia z 7 dni lub wyświetlenia z 1 dnia
2026-01-07,2026-01-07,Leads RU Mrozek 100 eur,inactive,,,,10,Dzienny,0,0,0,W toku,Kliknięcia z 7 dni lub wyświetlenia z 1 dnia
2026-01-07,2026-01-07,Leads PL Dyspozytor Poltrakt,inactive,,,,10,Dzienny,0,0,0,W toku,Kliknięcia z 7 dni lub wyświetlenia z 1 dnia
2026-01-07,2026-01-07,Leads PL Dyspozytor Poltrakt,inactive,,,,10,Dzienny,0,0,0,W toku,Kliknięcia z 7 dni lub wyświetlenia z 1 dnia
2026-01-07,2026-01-07,PL Agency Ads,inactive,,,,10,Dzienny,0,0,0,W toku,Kliknięcia z 7 dni lub wyświetlenia z 1 dnia
2026-01-07,2026-01-07,RU Leads Poltrakt CE PL S/F Start 20.06.2026,inactive,,,,30,Dzienny,0,0,0,W toku,Kliknięcia z 7 dni lub wyświetlenia z 1 dnia
2026-01-07,2026-01-07,Leads RU Mrozek 100 eur,inactive,,,,10,Dzienny,0,0,0,W toku,Kliknięcia z 7 dni lub wyświetlenia z 1 dnia
2026-01-07,2026-01-07,Leads ENG Poltrakt Week/Cadence Poland,inactive,,,,20,Dzienny,0,0,0,W toku,Kliknięcia z 7 dni lub wyświetlenia z 1 dnia
2026-01-07,2026-01-07,PL Agency Ads Start 14.05.2026,inactive,,,,10,Dzienny,0,0,0,W toku,Kliknięcia z 7 dni lub wyświetlenia z 1 dnia
2026-01-07,2026-01-07,Poltrakt PL Magazynier,inactive,,,,5,Dzienny,0,0,0,W toku,Kliknięcia z 7 dni lub wyświetlenia z 1 dnia
2026-01-07,2026-01-07,Poltrakt Drivers CE Week/Full,inactive,,,,Użycie budżetu zestawu reklam,0,0,0,0,W toku,Kliknięcia z 7 dni lub wyświetlenia z 1 dnia
2026-01-07,2026-01-07,Poltrakt PL CE Italy/ pol leads,inactive,,,,11,Dzienny,0,0,0,W toku,Kliknięcia z 7 dni lub wyświetlenia z 1 dnia
2026-01-07,2026-01-07,Poltrakt PL CE Pol Leads,inactive,,,,7,Dzienny,0,0,0,W toku,Kliknięcia z 7 dni lub wyświetlenia z 1 dnia
2026-01-06,2026-01-06,Leads Agency PL,inactive,,,,10,Dzienny,0,0,0,W toku,Kliknięcia z 7 dni lub wyświetlenia z 1 dnia
2026-01-06,2026-01-06,Pracownik Magazynowy PL/ RU/ ENG Leads,inactive,,,,15,Dzienny,0,0,0,W toku,Kliknięcia z 7 dni lub wyświetlenia z 1 dnia
2026-01-06,2026-01-06,Leads RU Mrozek 100 eur,inactive,,,,10,Dzienny,0,0,0,W toku,Kliknięcia z 7 dni lub wyświetlenia z 1 dnia
2026-01-06,2026-01-06,Leads PL Dyspozytor Poltrakt,inactive,,,,10,Dzienny,0,0,0,W toku,Kliknięcia z 7 dni lub wyświetlenia z 1 dnia
2026-01-06,2026-01-06,Leads PL Dyspozytor Poltrakt,inactive,,,,10,Dzienny,0,0,0,W toku,Kliknięcia z 7 dni lub wyświetlenia z 1 dnia
2026-01-06,2026-01-06,PL Agency Ads,inactive,,,,10,Dzienny,0,0,0,W toku,Kliknięcia z 7 dni lub wyświetlenia z 1 dnia
2026-01-06,2026-01-06,RU Leads Poltrakt CE PL S/F Start 20.06.2026,inactive,,,,30,Dzienny,0,0,0,W toku,Kliknięcia z 7 dni lub wyświetlenia z 1 dnia
2026-01-06,2026-01-06,Leads RU Mrozek 100 eur,inactive,,,,10,Dzienny,0,0,0,W toku,Kliknięcia z 7 dni lub wyświetlenia z 1 dnia
2026-01-06,2026-01-06,Leads ENG Poltrakt Week/Cadence Poland,inactive,,,,20,Dzienny,0,0,0,W toku,Kliknięcia z 7 dni lub wyświetlenia z 1 dnia
2026-01-06,2026-01-06,PL Agency Ads Start 14.05.2026,inactive,,,,10,Dzienny,0,0,0,W toku,Kliknięcia z 7 dni lub wyświetlenia z 1 dnia
2026-01-06,2026-01-06,Poltrakt PL Magazynier,inactive,,,,5,Dzienny,0,0,0,W toku,Kliknięcia z 7 dni lub wyświetlenia z 1 dnia
2026-01-06,2026-01-06,Poltrakt Drivers CE Week/Full,inactive,,,,Użycie budżetu zestawu reklam,0,0,0,0,W toku,Kliknięcia z 7 dni lub wyświetlenia z 1 dnia
2026-01-06,2026-01-06,Poltrakt PL CE Italy/ pol leads,inactive,,,,11,Dzienny,0,0,0,W toku,Kliknięcia z 7 dni lub wyświetlenia z 1 dnia
2026-01-06,2026-01-06,Poltrakt PL CE Pol Leads,inactive,,,,7,Dzienny,0,0,0,W toku,Kliknięcia z 7 dni lub wyświetlenia z 1 dnia
2026-01-05,2026-01-05,Leads Agency PL,inactive,,,,10,Dzienny,0,0,0,W toku,Kliknięcia z 7 dni lub wyświetlenia z 1 dnia
2026-01-05,2026-01-05,Pracownik Magazynowy PL/ RU/ ENG Leads,inactive,,,,15,Dzienny,0,0,0,W toku,Kliknięcia z 7 dni lub wyświetlenia z 1 dnia
2026-01-05,2026-01-05,Leads RU Mrozek 100 eur,inactive,,,,10,Dzienny,0,0,0,W toku,Kliknięcia z 7 dni lub wyświetlenia z 1 dnia
2026-01-05,2026-01-05,Leads PL Dyspozytor Poltrakt,inactive,,,,10,Dzienny,0,0,0,W toku,Kliknięcia z 7 dni lub wyświetlenia z 1 dnia
2026-01-05,2026-01-05,Leads PL Dyspozytor Poltrakt,inactive,,,,10,Dzienny,0,0,0,W toku,Kliknięcia z 7 dni lub wyświetlenia z 1 dnia
2026-01-05,2026-01-05,PL Agency Ads,inactive,,,,10,Dzienny,0,0,0,W toku,Kliknięcia z 7 dni lub wyświetlenia z 1 dnia
2026-01-05,2026-01-05,RU Leads Poltrakt CE PL S/F Start 20.06.2026,inactive,,,,30,Dzienny,0,0,0,W toku,Kliknięcia z 7 dni lub wyświetlenia z 1 dnia
2026-01-05,2026-01-05,Leads RU Mrozek 100 eur,inactive,,,,10,Dzienny,0,0,0,W toku,Kliknięcia z 7 dni lub wyświetlenia z 1 dnia
2026-01-05,2026-01-05,Leads ENG Poltrakt Week/Cadence Poland,inactive,,,,20,Dzienny,0,0,0,W toku,Kliknięcia z 7 dni lub wyświetlenia z 1 dnia
2026-01-05,2026-01-05,PL Agency Ads Start 14.05.2026,inactive,,,,10,Dzienny,0,0,0,W toku,Kliknięcia z 7 dni lub wyświetlenia z 1 dnia
2026-01-05,2026-01-05,Poltrakt PL Magazynier,inactive,,,,5,Dzienny,0,0,0,W toku,Kliknięcia z 7 dni lub wyświetlenia z 1 dnia
2026-01-05,2026-01-05,Poltrakt Drivers CE Week/Full,inactive,,,,Użycie budżetu zestawu reklam,0,0,0,0,W toku,Kliknięcia z 7 dni lub wyświetlenia z 1 dnia
2026-01-05,2026-01-05,Poltrakt PL CE Italy/ pol leads,inactive,,,,11,Dzienny,0,0,0,W toku,Kliknięcia z 7 dni lub wyświetlenia z 1 dnia
2026-01-05,2026-01-05,Poltrakt PL CE Pol Leads,inactive,,,,7,Dzienny,0,0,0,W toku,Kliknięcia z 7 dni lub wyświetlenia z 1 dnia
2026-01-04,2026-01-04,Leads Agency PL,inactive,,,,10,Dzienny,0,0,0,W toku,Kliknięcia z 7 dni lub wyświetlenia z 1 dnia
2026-01-04,2026-01-04,Pracownik Magazynowy PL/ RU/ ENG Leads,inactive,,,,15,Dzienny,0,0,0,W toku,Kliknięcia z 7 dni lub wyświetlenia z 1 dnia
2026-01-04,2026-01-04,Leads RU Mrozek 100 eur,inactive,,,,10,Dzienny,0,0,0,W toku,Kliknięcia z 7 dni lub wyświetlenia z 1 dnia
2026-01-04,2026-01-04,Leads PL Dyspozytor Poltrakt,inactive,,,,10,Dzienny,0,0,0,W toku,Kliknięcia z 7 dni lub wyświetlenia z 1 dnia
2026-01-04,2026-01-04,Leads PL Dyspozytor Poltrakt,inactive,,,,10,Dzienny,0,0,0,W toku,Kliknięcia z 7 dni lub wyświetlenia z 1 dnia
2026-01-04,2026-01-04,PL Agency Ads,inactive,,,,10,Dzienny,0,0,0,W toku,Kliknięcia z 7 dni lub wyświetlenia z 1 dnia
2026-01-04,2026-01-04,RU Leads Poltrakt CE PL S/F Start 20.06.2026,inactive,,,,30,Dzienny,0,0,0,W toku,Kliknięcia z 7 dni lub wyświetlenia z 1 dnia
2026-01-04,2026-01-04,Leads RU Mrozek 100 eur,inactive,,,,10,Dzienny,0,0,0,W toku,Kliknięcia z 7 dni lub wyświetlenia z 1 dnia
2026-01-04,2026-01-04,Leads ENG Poltrakt Week/Cadence Poland,inactive,,,,20,Dzienny,0,0,0,W toku,Kliknięcia z 7 dni lub wyświetlenia z 1 dnia
2026-01-04,2026-01-04,PL Agency Ads Start 14.05.2026,inactive,,,,10,Dzienny,0,0,0,W toku,Kliknięcia z 7 dni lub wyświetlenia z 1 dnia
2026-01-04,2026-01-04,Poltrakt PL Magazynier,inactive,,,,5,Dzienny,0,0,0,W toku,Kliknięcia z 7 dni lub wyświetlenia z 1 dnia
2026-01-04,2026-01-04,Poltrakt Drivers CE Week/Full,inactive,,,,Użycie budżetu zestawu reklam,0,0,0,0,W toku,Kliknięcia z 7 dni lub wyświetlenia z 1 dnia
2026-01-04,2026-01-04,Poltrakt PL CE Italy/ pol leads,inactive,,,,11,Dzienny,0,0,0,W toku,Kliknięcia z 7 dni lub wyświetlenia z 1 dnia
2026-01-04,2026-01-04,Poltrakt PL CE Pol Leads,inactive,,,,7,Dzienny,0,0,0,W toku,Kliknięcia z 7 dni lub wyświetlenia z 1 dnia
2026-01-03,2026-01-03,Leads Agency PL,inactive,,,,10,Dzienny,0,0,0,W toku,Kliknięcia z 7 dni lub wyświetlenia z 1 dnia
2026-01-03,2026-01-03,Pracownik Magazynowy PL/ RU/ ENG Leads,inactive,,,,15,Dzienny,0,0,0,W toku,Kliknięcia z 7 dni lub wyświetlenia z 1 dnia
2026-01-03,2026-01-03,Leads RU Mrozek 100 eur,inactive,,,,10,Dzienny,0,0,0,W toku,Kliknięcia z 7 dni lub wyświetlenia z 1 dnia
2026-01-03,2026-01-03,Leads PL Dyspozytor Poltrakt,inactive,,,,10,Dzienny,0,0,0,W toku,Kliknięcia z 7 dni lub wyświetlenia z 1 dnia
2026-01-03,2026-01-03,Leads PL Dyspozytor Poltrakt,inactive,,,,10,Dzienny,0,0,0,W toku,Kliknięcia z 7 dni lub wyświetlenia z 1 dnia
2026-01-03,2026-01-03,PL Agency Ads,inactive,,,,10,Dzienny,0,0,0,W toku,Kliknięcia z 7 dni lub wyświetlenia z 1 dnia
2026-01-03,2026-01-03,RU Leads Poltrakt CE PL S/F Start 20.06.2026,inactive,,,,30,Dzienny,0,0,0,W toku,Kliknięcia z 7 dni lub wyświetlenia z 1 dnia
2026-01-03,2026-01-03,Leads RU Mrozek 100 eur,inactive,,,,10,Dzienny,0,0,0,W toku,Kliknięcia z 7 dni lub wyświetlenia z 1 dnia
2026-01-03,2026-01-03,Leads ENG Poltrakt Week/Cadence Poland,inactive,,,,20,Dzienny,0,0,0,W toku,Kliknięcia z 7 dni lub wyświetlenia z 1 dnia
2026-01-03,2026-01-03,PL Agency Ads Start 14.05.2026,inactive,,,,10,Dzienny,0,0,0,W toku,Kliknięcia z 7 dni lub wyświetlenia z 1 dnia
2026-01-03,2026-01-03,Poltrakt PL Magazynier,inactive,,,,5,Dzienny,0,0,0,W toku,Kliknięcia z 7 dni lub wyświetlenia z 1 dnia
2026-01-03,2026-01-03,Poltrakt Drivers CE Week/Full,inactive,,,,Użycie budżetu zestawu reklam,0,0,0,0,W toku,Kliknięcia z 7 dni lub wyświetlenia z 1 dnia
2026-01-03,2026-01-03,Poltrakt PL CE Italy/ pol leads,inactive,,,,11,Dzienny,0,0,0,W toku,Kliknięcia z 7 dni lub wyświetlenia z 1 dnia
2026-01-03,2026-01-03,Poltrakt PL CE Pol Leads,inactive,,,,7,Dzienny,0,0,0,W toku,Kliknięcia z 7 dni lub wyświetlenia z 1 dnia
2026-01-02,2026-01-02,Leads Agency PL,inactive,,,,10,Dzienny,0,0,0,W toku,Kliknięcia z 7 dni lub wyświetlenia z 1 dnia
2026-01-02,2026-01-02,Pracownik Magazynowy PL/ RU/ ENG Leads,inactive,,,,15,Dzienny,0,0,0,W toku,Kliknięcia z 7 dni lub wyświetlenia z 1 dnia
2026-01-02,2026-01-02,Leads RU Mrozek 100 eur,inactive,,,,10,Dzienny,0,0,0,W toku,Kliknięcia z 7 dni lub wyświetlenia z 1 dnia
2026-01-02,2026-01-02,Leads PL Dyspozytor Poltrakt,inactive,,,,10,Dzienny,0,0,0,W toku,Kliknięcia z 7 dni lub wyświetlenia z 1 dnia
2026-01-02,2026-01-02,Leads PL Dyspozytor Poltrakt,inactive,,,,10,Dzienny,0,0,0,W toku,Kliknięcia z 7 dni lub wyświetlenia z 1 dnia
2026-01-02,2026-01-02,PL Agency Ads,inactive,,,,10,Dzienny,0,0,0,W toku,Kliknięcia z 7 dni lub wyświetlenia z 1 dnia
2026-01-02,2026-01-02,RU Leads Poltrakt CE PL S/F Start 20.06.2026,inactive,,,,30,Dzienny,0,0,0,W toku,Kliknięcia z 7 dni lub wyświetlenia z 1 dnia
2026-01-02,2026-01-02,Leads RU Mrozek 100 eur,inactive,,,,10,Dzienny,0,0,0,W toku,Kliknięcia z 7 dni lub wyświetlenia z 1 dnia
2026-01-02,2026-01-02,Leads ENG Poltrakt Week/Cadence Poland,inactive,,,,20,Dzienny,0,0,0,W toku,Kliknięcia z 7 dni lub wyświetlenia z 1 dnia
2026-01-02,2026-01-02,PL Agency Ads Start 14.05.2026,inactive,,,,10,Dzienny,0,0,0,W toku,Kliknięcia z 7 dni lub wyświetlenia z 1 dnia
2026-01-02,2026-01-02,Poltrakt PL Magazynier,inactive,,,,5,Dzienny,0,0,0,W toku,Kliknięcia z 7 dni lub wyświetlenia z 1 dnia
2026-01-02,2026-01-02,Poltrakt Drivers CE Week/Full,inactive,,,,Użycie budżetu zestawu reklam,0,0,0,0,W toku,Kliknięcia z 7 dni lub wyświetlenia z 1 dnia
2026-01-02,2026-01-02,Poltrakt PL CE Italy/ pol leads,inactive,,,,11,Dzienny,0,0,0,W toku,Kliknięcia z 7 dni lub wyświetlenia z 1 dnia
2026-01-02,2026-01-02,Poltrakt PL CE Pol Leads,inactive,,,,7,Dzienny,0,0,0,W toku,Kliknięcia z 7 dni lub wyświetlenia z 1 dnia
2026-01-01,2026-01-01,Leads Agency PL,inactive,,,,10,Dzienny,0,0,0,W toku,Kliknięcia z 7 dni lub wyświetlenia z 1 dnia
2026-01-01,2026-01-01,Pracownik Magazynowy PL/ RU/ ENG Leads,inactive,,,,15,Dzienny,0,0,0,W toku,Kliknięcia z 7 dni lub wyświetlenia z 1 dnia
2026-01-01,2026-01-01,Leads RU Mrozek 100 eur,inactive,,,,10,Dzienny,0,0,0,W toku,Kliknięcia z 7 dni lub wyświetlenia z 1 dnia
2026-01-01,2026-01-01,Leads PL Dyspozytor Poltrakt,inactive,,,,10,Dzienny,0,0,0,W toku,Kliknięcia z 7 dni lub wyświetlenia z 1 dnia
2026-01-01,2026-01-01,Leads PL Dyspozytor Poltrakt,inactive,,,,10,Dzienny,0,0,0,W toku,Kliknięcia z 7 dni lub wyświetlenia z 1 dnia
2026-01-01,2026-01-01,PL Agency Ads,inactive,,,,10,Dzienny,0,0,0,W toku,Kliknięcia z 7 dni lub wyświetlenia z 1 dnia
2026-01-01,2026-01-01,RU Leads Poltrakt CE PL S/F Start 20.06.2026,inactive,,,,30,Dzienny,0,0,0,W toku,Kliknięcia z 7 dni lub wyświetlenia z 1 dnia
2026-01-01,2026-01-01,Leads RU Mrozek 100 eur,inactive,,,,10,Dzienny,0,0,0,W toku,Kliknięcia z 7 dni lub wyświetlenia z 1 dnia
2026-01-01,2026-01-01,Leads ENG Poltrakt Week/Cadence Poland,inactive,,,,20,Dzienny,0,0,0,W toku,Kliknięcia z 7 dni lub wyświetlenia z 1 dnia
2026-01-01,2026-01-01,PL Agency Ads Start 14.05.2026,inactive,,,,10,Dzienny,0,0,0,W toku,Kliknięcia z 7 dni lub wyświetlenia z 1 dnia
2026-01-01,2026-01-01,Poltrakt PL Magazynier,inactive,,,,5,Dzienny,0,0,0,W toku,Kliknięcia z 7 dni lub wyświetlenia z 1 dnia
2026-01-01,2026-01-01,Poltrakt Drivers CE Week/Full,inactive,,,,Użycie budżetu zestawu reklam,0,0,0,0,W toku,Kliknięcia z 7 dni lub wyświetlenia z 1 dnia
2026-01-01,2026-01-01,Poltrakt PL CE Italy/ pol leads,inactive,,,,11,Dzienny,0,0,0,W toku,Kliknięcia z 7 dni lub wyświetlenia z 1 dnia
2026-01-01,2026-01-01,Poltrakt PL CE Pol Leads,inactive,,,,7,Dzienny,0,0,0,W toku,Kliknięcia z 7 dni lub wyświetlenia z 1 dnia
2025-12-31,2025-12-31,Leads Agency PL,inactive,,,,10,Dzienny,0,0,0,W toku,Kliknięcia z 7 dni lub wyświetlenia z 1 dnia
2025-12-31,2025-12-31,Pracownik Magazynowy PL/ RU/ ENG Leads,inactive,,,,15,Dzienny,0,0,0,W toku,Kliknięcia z 7 dni lub wyświetlenia z 1 dnia
2025-12-31,2025-12-31,Leads RU Mrozek 100 eur,inactive,,,,10,Dzienny,0,0,0,W toku,Kliknięcia z 7 dni lub wyświetlenia z 1 dnia
2025-12-31,2025-12-31,Leads PL Dyspozytor Poltrakt,inactive,,,,10,Dzienny,0,0,0,W toku,Kliknięcia z 7 dni lub wyświetlenia z 1 dnia
2025-12-31,2025-12-31,Leads PL Dyspozytor Poltrakt,inactive,,,,10,Dzienny,0,0,0,W toku,Kliknięcia z 7 dni lub wyświetlenia z 1 dnia
2025-12-31,2025-12-31,PL Agency Ads,inactive,,,,10,Dzienny,0,0,0,W toku,Kliknięcia z 7 dni lub wyświetlenia z 1 dnia
2025-12-31,2025-12-31,RU Leads Poltrakt CE PL S/F Start 20.06.2026,inactive,,,,30,Dzienny,0,0,0,W toku,Kliknięcia z 7 dni lub wyświetlenia z 1 dnia
2025-12-31,2025-12-31,Leads RU Mrozek 100 eur,inactive,,,,10,Dzienny,0,0,0,W toku,Kliknięcia z 7 dni lub wyświetlenia z 1 dnia
2025-12-31,2025-12-31,Leads ENG Poltrakt Week/Cadence Poland,inactive,,,,20,Dzienny,0,0,0,W toku,Kliknięcia z 7 dni lub wyświetlenia z 1 dnia
2025-12-31,2025-12-31,PL Agency Ads Start 14.05.2026,inactive,,,,10,Dzienny,0,0,0,W toku,Kliknięcia z 7 dni lub wyświetlenia z 1 dnia
2025-12-31,2025-12-31,Poltrakt PL Magazynier,inactive,,,,5,Dzienny,0,0,0,W toku,Kliknięcia z 7 dni lub wyświetlenia z 1 dnia
2025-12-31,2025-12-31,Poltrakt Drivers CE Week/Full,inactive,,,,Użycie budżetu zestawu reklam,0,0,0,0,W toku,Kliknięcia z 7 dni lub wyświetlenia z 1 dnia
2025-12-31,2025-12-31,Poltrakt PL CE Italy/ pol leads,inactive,,,,11,Dzienny,0,0,0,W toku,Kliknięcia z 7 dni lub wyświetlenia z 1 dnia
2025-12-31,2025-12-31,Poltrakt PL CE Pol Leads,inactive,,,,7,Dzienny,0,0,0,W toku,Kliknięcia z 7 dni lub wyświetlenia z 1 dnia
2025-12-30,2025-12-30,Leads Agency PL,inactive,,,,10,Dzienny,0,0,0,W toku,Kliknięcia z 7 dni lub wyświetlenia z 1 dnia
2025-12-30,2025-12-30,Pracownik Magazynowy PL/ RU/ ENG Leads,inactive,,,,15,Dzienny,0,0,0,W toku,Kliknięcia z 7 dni lub wyświetlenia z 1 dnia
2025-12-30,2025-12-30,Leads RU Mrozek 100 eur,inactive,,,,10,Dzienny,0,0,0,W toku,Kliknięcia z 7 dni lub wyświetlenia z 1 dnia
2025-12-30,2025-12-30,Leads PL Dyspozytor Poltrakt,inactive,,,,10,Dzienny,0,0,0,W toku,Kliknięcia z 7 dni lub wyświetlenia z 1 dnia
2025-12-30,2025-12-30,Leads PL Dyspozytor Poltrakt,inactive,,,,10,Dzienny,0,0,0,W toku,Kliknięcia z 7 dni lub wyświetlenia z 1 dnia
2025-12-30,2025-12-30,PL Agency Ads,inactive,,,,10,Dzienny,0,0,0,W toku,Kliknięcia z 7 dni lub wyświetlenia z 1 dnia
2025-12-30,2025-12-30,RU Leads Poltrakt CE PL S/F Start 20.06.2026,inactive,,,,30,Dzienny,0,0,0,W toku,Kliknięcia z 7 dni lub wyświetlenia z 1 dnia
2025-12-30,2025-12-30,Leads RU Mrozek 100 eur,inactive,,,,10,Dzienny,0,0,0,W toku,Kliknięcia z 7 dni lub wyświetlenia z 1 dnia
2025-12-30,2025-12-30,Leads ENG Poltrakt Week/Cadence Poland,inactive,,,,20,Dzienny,0,0,0,W toku,Kliknięcia z 7 dni lub wyświetlenia z 1 dnia
2025-12-30,2025-12-30,PL Agency Ads Start 14.05.2026,inactive,,,,10,Dzienny,0,0,0,W toku,Kliknięcia z 7 dni lub wyświetlenia z 1 dnia
2025-12-30,2025-12-30,Poltrakt PL Magazynier,inactive,,,,5,Dzienny,0,0,0,W toku,Kliknięcia z 7 dni lub wyświetlenia z 1 dnia
2025-12-30,2025-12-30,Poltrakt Drivers CE Week/Full,inactive,,,,Użycie budżetu zestawu reklam,0,0,0,0,W toku,Kliknięcia z 7 dni lub wyświetlenia z 1 dnia
2025-12-30,2025-12-30,Poltrakt PL CE Italy/ pol leads,inactive,,,,11,Dzienny,0,0,0,W toku,Kliknięcia z 7 dni lub wyświetlenia z 1 dnia
2025-12-30,2025-12-30,Poltrakt PL CE Pol Leads,inactive,,,,7,Dzienny,0,0,0,W toku,Kliknięcia z 7 dni lub wyświetlenia z 1 dnia
2025-12-29,2025-12-29,Leads Agency PL,inactive,,,,10,Dzienny,0,0,0,W toku,Kliknięcia z 7 dni lub wyświetlenia z 1 dnia
2025-12-29,2025-12-29,Pracownik Magazynowy PL/ RU/ ENG Leads,inactive,,,,15,Dzienny,0,0,0,W toku,Kliknięcia z 7 dni lub wyświetlenia z 1 dnia
2025-12-29,2025-12-29,Leads RU Mrozek 100 eur,inactive,,,,10,Dzienny,0,0,0,W toku,Kliknięcia z 7 dni lub wyświetlenia z 1 dnia
2025-12-29,2025-12-29,Leads PL Dyspozytor Poltrakt,inactive,,,,10,Dzienny,0,0,0,W toku,Kliknięcia z 7 dni lub wyświetlenia z 1 dnia
2025-12-29,2025-12-29,Leads PL Dyspozytor Poltrakt,inactive,,,,10,Dzienny,0,0,0,W toku,Kliknięcia z 7 dni lub wyświetlenia z 1 dnia
2025-12-29,2025-12-29,PL Agency Ads,inactive,,,,10,Dzienny,0,0,0,W toku,Kliknięcia z 7 dni lub wyświetlenia z 1 dnia
2025-12-29,2025-12-29,RU Leads Poltrakt CE PL S/F Start 20.06.2026,inactive,,,,30,Dzienny,0,0,0,W toku,Kliknięcia z 7 dni lub wyświetlenia z 1 dnia
2025-12-29,2025-12-29,Leads RU Mrozek 100 eur,inactive,,,,10,Dzienny,0,0,0,W toku,Kliknięcia z 7 dni lub wyświetlenia z 1 dnia
2025-12-29,2025-12-29,Leads ENG Poltrakt Week/Cadence Poland,inactive,,,,20,Dzienny,0,0,0,W toku,Kliknięcia z 7 dni lub wyświetlenia z 1 dnia
2025-12-29,2025-12-29,PL Agency Ads Start 14.05.2026,inactive,,,,10,Dzienny,0,0,0,W toku,Kliknięcia z 7 dni lub wyświetlenia z 1 dnia
2025-12-29,2025-12-29,Poltrakt PL Magazynier,inactive,,,,5,Dzienny,0,0,0,W toku,Kliknięcia z 7 dni lub wyświetlenia z 1 dnia
2025-12-29,2025-12-29,Poltrakt Drivers CE Week/Full,inactive,,,,Użycie budżetu zestawu reklam,0,0,0,0,W toku,Kliknięcia z 7 dni lub wyświetlenia z 1 dnia
2025-12-29,2025-12-29,Poltrakt PL CE Italy/ pol leads,inactive,,,,11,Dzienny,0,0,0,W toku,Kliknięcia z 7 dni lub wyświetlenia z 1 dnia
2025-12-29,2025-12-29,Poltrakt PL CE Pol Leads,inactive,,,,7,Dzienny,0,0,0,W toku,Kliknięcia z 7 dni lub wyświetlenia z 1 dnia
2025-12-28,2025-12-28,Leads Agency PL,inactive,,,,10,Dzienny,0,0,0,W toku,Kliknięcia z 7 dni lub wyświetlenia z 1 dnia
2025-12-28,2025-12-28,Pracownik Magazynowy PL/ RU/ ENG Leads,inactive,,,,15,Dzienny,0,0,0,W toku,Kliknięcia z 7 dni lub wyświetlenia z 1 dnia
2025-12-28,2025-12-28,Leads RU Mrozek 100 eur,inactive,,,,10,Dzienny,0,0,0,W toku,Kliknięcia z 7 dni lub wyświetlenia z 1 dnia
2025-12-28,2025-12-28,Leads PL Dyspozytor Poltrakt,inactive,,,,10,Dzienny,0,0,0,W toku,Kliknięcia z 7 dni lub wyświetlenia z 1 dnia
2025-12-28,2025-12-28,Leads PL Dyspozytor Poltrakt,inactive,,,,10,Dzienny,0,0,0,W toku,Kliknięcia z 7 dni lub wyświetlenia z 1 dnia
2025-12-28,2025-12-28,PL Agency Ads,inactive,,,,10,Dzienny,0,0,0,W toku,Kliknięcia z 7 dni lub wyświetlenia z 1 dnia
2025-12-28,2025-12-28,RU Leads Poltrakt CE PL S/F Start 20.06.2026,inactive,,,,30,Dzienny,0,0,0,W toku,Kliknięcia z 7 dni lub wyświetlenia z 1 dnia
2025-12-28,2025-12-28,Leads RU Mrozek 100 eur,inactive,,,,10,Dzienny,0,0,0,W toku,Kliknięcia z 7 dni lub wyświetlenia z 1 dnia
2025-12-28,2025-12-28,Leads ENG Poltrakt Week/Cadence Poland,inactive,,,,20,Dzienny,0,0,0,W toku,Kliknięcia z 7 dni lub wyświetlenia z 1 dnia
2025-12-28,2025-12-28,PL Agency Ads Start 14.05.2026,inactive,,,,10,Dzienny,0,0,0,W toku,Kliknięcia z 7 dni lub wyświetlenia z 1 dnia
2025-12-28,2025-12-28,Poltrakt PL Magazynier,inactive,,,,5,Dzienny,0,0,0,W toku,Kliknięcia z 7 dni lub wyświetlenia z 1 dnia
2025-12-28,2025-12-28,Poltrakt Drivers CE Week/Full,inactive,,,,Użycie budżetu zestawu reklam,0,0,0,0,W toku,Kliknięcia z 7 dni lub wyświetlenia z 1 dnia
2025-12-28,2025-12-28,Poltrakt PL CE Italy/ pol leads,inactive,,,,11,Dzienny,0,0,0,W toku,Kliknięcia z 7 dni lub wyświetlenia z 1 dnia
2025-12-28,2025-12-28,Poltrakt PL CE Pol Leads,inactive,,,,7,Dzienny,0,0,0,W toku,Kliknięcia z 7 dni lub wyświetlenia z 1 dnia
2025-12-27,2025-12-27,Leads Agency PL,inactive,,,,10,Dzienny,0,0,0,W toku,Kliknięcia z 7 dni lub wyświetlenia z 1 dnia
2025-12-27,2025-12-27,Pracownik Magazynowy PL/ RU/ ENG Leads,inactive,,,,15,Dzienny,0,0,0,W toku,Kliknięcia z 7 dni lub wyświetlenia z 1 dnia
2025-12-27,2025-12-27,Leads RU Mrozek 100 eur,inactive,,,,10,Dzienny,0,0,0,W toku,Kliknięcia z 7 dni lub wyświetlenia z 1 dnia
2025-12-27,2025-12-27,Leads PL Dyspozytor Poltrakt,inactive,,,,10,Dzienny,0,0,0,W toku,Kliknięcia z 7 dni lub wyświetlenia z 1 dnia
2025-12-27,2025-12-27,Leads PL Dyspozytor Poltrakt,inactive,,,,10,Dzienny,0,0,0,W toku,Kliknięcia z 7 dni lub wyświetlenia z 1 dnia
2025-12-27,2025-12-27,PL Agency Ads,inactive,,,,10,Dzienny,0,0,0,W toku,Kliknięcia z 7 dni lub wyświetlenia z 1 dnia
2025-12-27,2025-12-27,RU Leads Poltrakt CE PL S/F Start 20.06.2026,inactive,,,,30,Dzienny,0,0,0,W toku,Kliknięcia z 7 dni lub wyświetlenia z 1 dnia
2025-12-27,2025-12-27,Leads RU Mrozek 100 eur,inactive,,,,10,Dzienny,0,0,0,W toku,Kliknięcia z 7 dni lub wyświetlenia z 1 dnia
2025-12-27,2025-12-27,Leads ENG Poltrakt Week/Cadence Poland,inactive,,,,20,Dzienny,0,0,0,W toku,Kliknięcia z 7 dni lub wyświetlenia z 1 dnia
2025-12-27,2025-12-27,PL Agency Ads Start 14.05.2026,inactive,,,,10,Dzienny,0,0,0,W toku,Kliknięcia z 7 dni lub wyświetlenia z 1 dnia
2025-12-27,2025-12-27,Poltrakt PL Magazynier,inactive,,,,5,Dzienny,0,0,0,W toku,Kliknięcia z 7 dni lub wyświetlenia z 1 dnia
2025-12-27,2025-12-27,Poltrakt Drivers CE Week/Full,inactive,,,,Użycie budżetu zestawu reklam,0,0,0,0,W toku,Kliknięcia z 7 dni lub wyświetlenia z 1 dnia
2025-12-27,2025-12-27,Poltrakt PL CE Italy/ pol leads,inactive,,,,11,Dzienny,0,0,0,W toku,Kliknięcia z 7 dni lub wyświetlenia z 1 dnia
2025-12-27,2025-12-27,Poltrakt PL CE Pol Leads,inactive,,,,7,Dzienny,0,0,0,W toku,Kliknięcia z 7 dni lub wyświetlenia z 1 dnia
2025-12-26,2025-12-26,Leads Agency PL,inactive,,,,10,Dzienny,0,0,0,W toku,Kliknięcia z 7 dni lub wyświetlenia z 1 dnia
2025-12-26,2025-12-26,Pracownik Magazynowy PL/ RU/ ENG Leads,inactive,,,,15,Dzienny,0,0,0,W toku,Kliknięcia z 7 dni lub wyświetlenia z 1 dnia
2025-12-26,2025-12-26,Leads RU Mrozek 100 eur,inactive,,,,10,Dzienny,0,0,0,W toku,Kliknięcia z 7 dni lub wyświetlenia z 1 dnia
2025-12-26,2025-12-26,Leads PL Dyspozytor Poltrakt,inactive,,,,10,Dzienny,0,0,0,W toku,Kliknięcia z 7 dni lub wyświetlenia z 1 dnia
2025-12-26,2025-12-26,Leads PL Dyspozytor Poltrakt,inactive,,,,10,Dzienny,0,0,0,W toku,Kliknięcia z 7 dni lub wyświetlenia z 1 dnia
2025-12-26,2025-12-26,PL Agency Ads,inactive,,,,10,Dzienny,0,0,0,W toku,Kliknięcia z 7 dni lub wyświetlenia z 1 dnia
2025-12-26,2025-12-26,RU Leads Poltrakt CE PL S/F Start 20.06.2026,inactive,,,,30,Dzienny,0,0,0,W toku,Kliknięcia z 7 dni lub wyświetlenia z 1 dnia
2025-12-26,2025-12-26,Leads RU Mrozek 100 eur,inactive,,,,10,Dzienny,0,0,0,W toku,Kliknięcia z 7 dni lub wyświetlenia z 1 dnia
2025-12-26,2025-12-26,Leads ENG Poltrakt Week/Cadence Poland,inactive,,,,20,Dzienny,0,0,0,W toku,Kliknięcia z 7 dni lub wyświetlenia z 1 dnia
2025-12-26,2025-12-26,PL Agency Ads Start 14.05.2026,inactive,,,,10,Dzienny,0,0,0,W toku,Kliknięcia z 7 dni lub wyświetlenia z 1 dnia
2025-12-26,2025-12-26,Poltrakt PL Magazynier,inactive,,,,5,Dzienny,0,0,0,W toku,Kliknięcia z 7 dni lub wyświetlenia z 1 dnia
2025-12-26,2025-12-26,Poltrakt Drivers CE Week/Full,inactive,,,,Użycie budżetu zestawu reklam,0,0,0,0,W toku,Kliknięcia z 7 dni lub wyświetlenia z 1 dnia
2025-12-26,2025-12-26,Poltrakt PL CE Italy/ pol leads,inactive,,,,11,Dzienny,0,0,0,W toku,Kliknięcia z 7 dni lub wyświetlenia z 1 dnia
2025-12-26,2025-12-26,Poltrakt PL CE Pol Leads,inactive,,,,7,Dzienny,0,0,0,W toku,Kliknięcia z 7 dni lub wyświetlenia z 1 dnia
2025-12-25,2025-12-25,Leads Agency PL,inactive,,,,10,Dzienny,0,0,0,W toku,Kliknięcia z 7 dni lub wyświetlenia z 1 dnia
2025-12-25,2025-12-25,Pracownik Magazynowy PL/ RU/ ENG Leads,inactive,,,,15,Dzienny,0,0,0,W toku,Kliknięcia z 7 dni lub wyświetlenia z 1 dnia
2025-12-25,2025-12-25,Leads RU Mrozek 100 eur,inactive,,,,10,Dzienny,0,0,0,W toku,Kliknięcia z 7 dni lub wyświetlenia z 1 dnia
2025-12-25,2025-12-25,Leads PL Dyspozytor Poltrakt,inactive,,,,10,Dzienny,0,0,0,W toku,Kliknięcia z 7 dni lub wyświetlenia z 1 dnia
2025-12-25,2025-12-25,Leads PL Dyspozytor Poltrakt,inactive,,,,10,Dzienny,0,0,0,W toku,Kliknięcia z 7 dni lub wyświetlenia z 1 dnia
2025-12-25,2025-12-25,PL Agency Ads,inactive,,,,10,Dzienny,0,0,0,W toku,Kliknięcia z 7 dni lub wyświetlenia z 1 dnia
2025-12-25,2025-12-25,RU Leads Poltrakt CE PL S/F Start 20.06.2026,inactive,,,,30,Dzienny,0,0,0,W toku,Kliknięcia z 7 dni lub wyświetlenia z 1 dnia
2025-12-25,2025-12-25,Leads RU Mrozek 100 eur,inactive,,,,10,Dzienny,0,0,0,W toku,Kliknięcia z 7 dni lub wyświetlenia z 1 dnia
2025-12-25,2025-12-25,Leads ENG Poltrakt Week/Cadence Poland,inactive,,,,20,Dzienny,0,0,0,W toku,Kliknięcia z 7 dni lub wyświetlenia z 1 dnia
2025-12-25,2025-12-25,PL Agency Ads Start 14.05.2026,inactive,,,,10,Dzienny,0,0,0,W toku,Kliknięcia z 7 dni lub wyświetlenia z 1 dnia
2025-12-25,2025-12-25,Poltrakt PL Magazynier,inactive,,,,5,Dzienny,0,0,0,W toku,Kliknięcia z 7 dni lub wyświetlenia z 1 dnia
2025-12-25,2025-12-25,Poltrakt Drivers CE Week/Full,inactive,,,,Użycie budżetu zestawu reklam,0,0,0,0,W toku,Kliknięcia z 7 dni lub wyświetlenia z 1 dnia
2025-12-25,2025-12-25,Poltrakt PL CE Italy/ pol leads,inactive,,,,11,Dzienny,0,0,0,W toku,Kliknięcia z 7 dni lub wyświetlenia z 1 dnia
2025-12-25,2025-12-25,Poltrakt PL CE Pol Leads,inactive,,,,7,Dzienny,0,0,0,W toku,Kliknięcia z 7 dni lub wyświetlenia z 1 dnia
2025-12-24,2025-12-24,Leads Agency PL,inactive,,,,10,Dzienny,0,0,0,W toku,Kliknięcia z 7 dni lub wyświetlenia z 1 dnia
2025-12-24,2025-12-24,Pracownik Magazynowy PL/ RU/ ENG Leads,inactive,,,,15,Dzienny,0,0,0,W toku,Kliknięcia z 7 dni lub wyświetlenia z 1 dnia
2025-12-24,2025-12-24,Leads RU Mrozek 100 eur,inactive,,,,10,Dzienny,0,0,0,W toku,Kliknięcia z 7 dni lub wyświetlenia z 1 dnia
2025-12-24,2025-12-24,Leads PL Dyspozytor Poltrakt,inactive,,,,10,Dzienny,0,0,0,W toku,Kliknięcia z 7 dni lub wyświetlenia z 1 dnia
2025-12-24,2025-12-24,Leads PL Dyspozytor Poltrakt,inactive,,,,10,Dzienny,0,0,0,W toku,Kliknięcia z 7 dni lub wyświetlenia z 1 dnia
2025-12-24,2025-12-24,PL Agency Ads,inactive,,,,10,Dzienny,0,0,0,W toku,Kliknięcia z 7 dni lub wyświetlenia z 1 dnia
2025-12-24,2025-12-24,RU Leads Poltrakt CE PL S/F Start 20.06.2026,inactive,,,,30,Dzienny,0,0,0,W toku,Kliknięcia z 7 dni lub wyświetlenia z 1 dnia
2025-12-24,2025-12-24,Leads RU Mrozek 100 eur,inactive,,,,10,Dzienny,0,0,0,W toku,Kliknięcia z 7 dni lub wyświetlenia z 1 dnia
2025-12-24,2025-12-24,Leads ENG Poltrakt Week/Cadence Poland,inactive,,,,20,Dzienny,0,0,0,W toku,Kliknięcia z 7 dni lub wyświetlenia z 1 dnia
2025-12-24,2025-12-24,PL Agency Ads Start 14.05.2026,inactive,,,,10,Dzienny,0,0,0,W toku,Kliknięcia z 7 dni lub wyświetlenia z 1 dnia
2025-12-24,2025-12-24,Poltrakt PL Magazynier,inactive,,,,5,Dzienny,0,0,0,W toku,Kliknięcia z 7 dni lub wyświetlenia z 1 dnia
2025-12-24,2025-12-24,Poltrakt Drivers CE Week/Full,inactive,,,,Użycie budżetu zestawu reklam,0,0,0,0,W toku,Kliknięcia z 7 dni lub wyświetlenia z 1 dnia
2025-12-24,2025-12-24,Poltrakt PL CE Italy/ pol leads,inactive,,,,11,Dzienny,0,0,0,W toku,Kliknięcia z 7 dni lub wyświetlenia z 1 dnia
2025-12-24,2025-12-24,Poltrakt PL CE Pol Leads,inactive,,,,7,Dzienny,0,0,0,W toku,Kliknięcia z 7 dni lub wyświetlenia z 1 dnia
2025-12-23,2025-12-23,Leads Agency PL,inactive,,,,10,Dzienny,0,0,0,W toku,Kliknięcia z 7 dni lub wyświetlenia z 1 dnia
2025-12-23,2025-12-23,Pracownik Magazynowy PL/ RU/ ENG Leads,inactive,,,,15,Dzienny,0,0,0,W toku,Kliknięcia z 7 dni lub wyświetlenia z 1 dnia
2025-12-23,2025-12-23,Leads RU Mrozek 100 eur,inactive,,,,10,Dzienny,0,0,0,W toku,Kliknięcia z 7 dni lub wyświetlenia z 1 dnia
2025-12-23,2025-12-23,Leads PL Dyspozytor Poltrakt,inactive,,,,10,Dzienny,0,0,0,W toku,Kliknięcia z 7 dni lub wyświetlenia z 1 dnia
2025-12-23,2025-12-23,Leads PL Dyspozytor Poltrakt,inactive,,,,10,Dzienny,0,0,0,W toku,Kliknięcia z 7 dni lub wyświetlenia z 1 dnia
2025-12-23,2025-12-23,PL Agency Ads,inactive,,,,10,Dzienny,0,0,0,W toku,Kliknięcia z 7 dni lub wyświetlenia z 1 dnia
2025-12-23,2025-12-23,RU Leads Poltrakt CE PL S/F Start 20.06.2026,inactive,,,,30,Dzienny,0,0,0,W toku,Kliknięcia z 7 dni lub wyświetlenia z 1 dnia
2025-12-23,2025-12-23,Leads RU Mrozek 100 eur,inactive,,,,10,Dzienny,0,0,0,W toku,Kliknięcia z 7 dni lub wyświetlenia z 1 dnia
2025-12-23,2025-12-23,Leads ENG Poltrakt Week/Cadence Poland,inactive,,,,20,Dzienny,0,0,0,W toku,Kliknięcia z 7 dni lub wyświetlenia z 1 dnia
2025-12-23,2025-12-23,PL Agency Ads Start 14.05.2026,inactive,,,,10,Dzienny,0,0,0,W toku,Kliknięcia z 7 dni lub wyświetlenia z 1 dnia
2025-12-23,2025-12-23,Poltrakt PL Magazynier,inactive,,,,5,Dzienny,0,0,0,W toku,Kliknięcia z 7 dni lub wyświetlenia z 1 dnia
2025-12-23,2025-12-23,Poltrakt Drivers CE Week/Full,inactive,,,,Użycie budżetu zestawu reklam,0,0,0,0,W toku,Kliknięcia z 7 dni lub wyświetlenia z 1 dnia
2025-12-23,2025-12-23,Poltrakt PL CE Italy/ pol leads,inactive,,,,11,Dzienny,0,0,0,W toku,Kliknięcia z 7 dni lub wyświetlenia z 1 dnia
2025-12-23,2025-12-23,Poltrakt PL CE Pol Leads,inactive,,,,7,Dzienny,0,0,0,W toku,Kliknięcia z 7 dni lub wyświetlenia z 1 dnia
2025-12-22,2025-12-22,Leads Agency PL,inactive,,,,10,Dzienny,0,0,0,W toku,Kliknięcia z 7 dni lub wyświetlenia z 1 dnia
2025-12-22,2025-12-22,Pracownik Magazynowy PL/ RU/ ENG Leads,inactive,,,,15,Dzienny,0,0,0,W toku,Kliknięcia z 7 dni lub wyświetlenia z 1 dnia
2025-12-22,2025-12-22,Leads RU Mrozek 100 eur,inactive,,,,10,Dzienny,0,0,0,W toku,Kliknięcia z 7 dni lub wyświetlenia z 1 dnia
2025-12-22,2025-12-22,Leads PL Dyspozytor Poltrakt,inactive,,,,10,Dzienny,0,0,0,W toku,Kliknięcia z 7 dni lub wyświetlenia z 1 dnia
2025-12-22,2025-12-22,Leads PL Dyspozytor Poltrakt,inactive,,,,10,Dzienny,0,0,0,W toku,Kliknięcia z 7 dni lub wyświetlenia z 1 dnia
2025-12-22,2025-12-22,PL Agency Ads,inactive,,,,10,Dzienny,0,0,0,W toku,Kliknięcia z 7 dni lub wyświetlenia z 1 dnia
2025-12-22,2025-12-22,RU Leads Poltrakt CE PL S/F Start 20.06.2026,inactive,,,,30,Dzienny,0,0,0,W toku,Kliknięcia z 7 dni lub wyświetlenia z 1 dnia
2025-12-22,2025-12-22,Leads RU Mrozek 100 eur,inactive,,,,10,Dzienny,0,0,0,W toku,Kliknięcia z 7 dni lub wyświetlenia z 1 dnia
2025-12-22,2025-12-22,Leads ENG Poltrakt Week/Cadence Poland,inactive,,,,20,Dzienny,0,0,0,W toku,Kliknięcia z 7 dni lub wyświetlenia z 1 dnia
2025-12-22,2025-12-22,PL Agency Ads Start 14.05.2026,inactive,,,,10,Dzienny,0,0,0,W toku,Kliknięcia z 7 dni lub wyświetlenia z 1 dnia
2025-12-22,2025-12-22,Poltrakt PL Magazynier,inactive,,,,5,Dzienny,0,0,0,W toku,Kliknięcia z 7 dni lub wyświetlenia z 1 dnia
2025-12-22,2025-12-22,Poltrakt Drivers CE Week/Full,inactive,,,,Użycie budżetu zestawu reklam,0,0,0,0,W toku,Kliknięcia z 7 dni lub wyświetlenia z 1 dnia
2025-12-22,2025-12-22,Poltrakt PL CE Italy/ pol leads,inactive,,,,11,Dzienny,0,0,0,W toku,Kliknięcia z 7 dni lub wyświetlenia z 1 dnia
2025-12-22,2025-12-22,Poltrakt PL CE Pol Leads,inactive,,,,7,Dzienny,0,0,0,W toku,Kliknięcia z 7 dni lub wyświetlenia z 1 dnia
2025-12-21,2025-12-21,Leads Agency PL,inactive,,,,10,Dzienny,0,0,0,W toku,Kliknięcia z 7 dni lub wyświetlenia z 1 dnia
2025-12-21,2025-12-21,Pracownik Magazynowy PL/ RU/ ENG Leads,inactive,,,,15,Dzienny,0,0,0,W toku,Kliknięcia z 7 dni lub wyświetlenia z 1 dnia
2025-12-21,2025-12-21,Leads RU Mrozek 100 eur,inactive,,,,10,Dzienny,0,0,0,W toku,Kliknięcia z 7 dni lub wyświetlenia z 1 dnia
2025-12-21,2025-12-21,Leads PL Dyspozytor Poltrakt,inactive,,,,10,Dzienny,0,0,0,W toku,Kliknięcia z 7 dni lub wyświetlenia z 1 dnia
2025-12-21,2025-12-21,Leads PL Dyspozytor Poltrakt,inactive,,,,10,Dzienny,0,0,0,W toku,Kliknięcia z 7 dni lub wyświetlenia z 1 dnia
2025-12-21,2025-12-21,PL Agency Ads,inactive,,,,10,Dzienny,0,0,0,W toku,Kliknięcia z 7 dni lub wyświetlenia z 1 dnia
2025-12-21,2025-12-21,RU Leads Poltrakt CE PL S/F Start 20.06.2026,inactive,,,,30,Dzienny,0,0,0,W toku,Kliknięcia z 7 dni lub wyświetlenia z 1 dnia
2025-12-21,2025-12-21,Leads RU Mrozek 100 eur,inactive,,,,10,Dzienny,0,0,0,W toku,Kliknięcia z 7 dni lub wyświetlenia z 1 dnia
2025-12-21,2025-12-21,Leads ENG Poltrakt Week/Cadence Poland,inactive,,,,20,Dzienny,0,0,0,W toku,Kliknięcia z 7 dni lub wyświetlenia z 1 dnia
2025-12-21,2025-12-21,PL Agency Ads Start 14.05.2026,inactive,,,,10,Dzienny,0,0,0,W toku,Kliknięcia z 7 dni lub wyświetlenia z 1 dnia
2025-12-21,2025-12-21,Poltrakt PL Magazynier,inactive,,,,5,Dzienny,0,0,0,W toku,Kliknięcia z 7 dni lub wyświetlenia z 1 dnia
2025-12-21,2025-12-21,Poltrakt Drivers CE Week/Full,inactive,,,,Użycie budżetu zestawu reklam,0,0,0,0,W toku,Kliknięcia z 7 dni lub wyświetlenia z 1 dnia
2025-12-21,2025-12-21,Poltrakt PL CE Italy/ pol leads,inactive,,,,11,Dzienny,0,0,0,W toku,Kliknięcia z 7 dni lub wyświetlenia z 1 dnia
2025-12-21,2025-12-21,Poltrakt PL CE Pol Leads,inactive,,,,7,Dzienny,0,0,0,W toku,Kliknięcia z 7 dni lub wyświetlenia z 1 dnia
2025-12-20,2025-12-20,Leads Agency PL,inactive,,,,10,Dzienny,0,0,0,W toku,Kliknięcia z 7 dni lub wyświetlenia z 1 dnia
2025-12-20,2025-12-20,Pracownik Magazynowy PL/ RU/ ENG Leads,inactive,,,,15,Dzienny,0,0,0,W toku,Kliknięcia z 7 dni lub wyświetlenia z 1 dnia
2025-12-20,2025-12-20,Leads RU Mrozek 100 eur,inactive,,,,10,Dzienny,0,0,0,W toku,Kliknięcia z 7 dni lub wyświetlenia z 1 dnia
2025-12-20,2025-12-20,Leads PL Dyspozytor Poltrakt,inactive,,,,10,Dzienny,0,0,0,W toku,Kliknięcia z 7 dni lub wyświetlenia z 1 dnia
2025-12-20,2025-12-20,Leads PL Dyspozytor Poltrakt,inactive,,,,10,Dzienny,0,0,0,W toku,Kliknięcia z 7 dni lub wyświetlenia z 1 dnia
2025-12-20,2025-12-20,PL Agency Ads,inactive,,,,10,Dzienny,0,0,0,W toku,Kliknięcia z 7 dni lub wyświetlenia z 1 dnia
2025-12-20,2025-12-20,RU Leads Poltrakt CE PL S/F Start 20.06.2026,inactive,,,,30,Dzienny,0,0,0,W toku,Kliknięcia z 7 dni lub wyświetlenia z 1 dnia
2025-12-20,2025-12-20,Leads RU Mrozek 100 eur,inactive,,,,10,Dzienny,0,0,0,W toku,Kliknięcia z 7 dni lub wyświetlenia z 1 dnia
2025-12-20,2025-12-20,Leads ENG Poltrakt Week/Cadence Poland,inactive,,,,20,Dzienny,0,0,0,W toku,Kliknięcia z 7 dni lub wyświetlenia z 1 dnia
2025-12-20,2025-12-20,PL Agency Ads Start 14.05.2026,inactive,,,,10,Dzienny,0,0,0,W toku,Kliknięcia z 7 dni lub wyświetlenia z 1 dnia
2025-12-20,2025-12-20,Poltrakt PL Magazynier,inactive,,,,5,Dzienny,0,0,0,W toku,Kliknięcia z 7 dni lub wyświetlenia z 1 dnia
2025-12-20,2025-12-20,Poltrakt Drivers CE Week/Full,inactive,,,,Użycie budżetu zestawu reklam,0,0,0,0,W toku,Kliknięcia z 7 dni lub wyświetlenia z 1 dnia
2025-12-20,2025-12-20,Poltrakt PL CE Italy/ pol leads,inactive,,,,11,Dzienny,0,0,0,W toku,Kliknięcia z 7 dni lub wyświetlenia z 1 dnia
2025-12-20,2025-12-20,Poltrakt PL CE Pol Leads,inactive,,,,7,Dzienny,0,0,0,W toku,Kliknięcia z 7 dni lub wyświetlenia z 1 dnia
2025-12-19,2025-12-19,Leads Agency PL,inactive,,,,10,Dzienny,0,0,0,W toku,Kliknięcia z 7 dni lub wyświetlenia z 1 dnia
2025-12-19,2025-12-19,Pracownik Magazynowy PL/ RU/ ENG Leads,inactive,,,,15,Dzienny,0,0,0,W toku,Kliknięcia z 7 dni lub wyświetlenia z 1 dnia
2025-12-19,2025-12-19,Leads RU Mrozek 100 eur,inactive,,,,10,Dzienny,0,0,0,W toku,Kliknięcia z 7 dni lub wyświetlenia z 1 dnia
2025-12-19,2025-12-19,Leads PL Dyspozytor Poltrakt,inactive,,,,10,Dzienny,0,0,0,W toku,Kliknięcia z 7 dni lub wyświetlenia z 1 dnia
2025-12-19,2025-12-19,Leads PL Dyspozytor Poltrakt,inactive,,,,10,Dzienny,0,0,0,W toku,Kliknięcia z 7 dni lub wyświetlenia z 1 dnia
2025-12-19,2025-12-19,PL Agency Ads,inactive,,,,10,Dzienny,0,0,0,W toku,Kliknięcia z 7 dni lub wyświetlenia z 1 dnia
2025-12-19,2025-12-19,RU Leads Poltrakt CE PL S/F Start 20.06.2026,inactive,,,,30,Dzienny,0,0,0,W toku,Kliknięcia z 7 dni lub wyświetlenia z 1 dnia
2025-12-19,2025-12-19,Leads RU Mrozek 100 eur,inactive,,,,10,Dzienny,0,0,0,W toku,Kliknięcia z 7 dni lub wyświetlenia z 1 dnia
2025-12-19,2025-12-19,Leads ENG Poltrakt Week/Cadence Poland,inactive,,,,20,Dzienny,0,0,0,W toku,Kliknięcia z 7 dni lub wyświetlenia z 1 dnia
2025-12-19,2025-12-19,PL Agency Ads Start 14.05.2026,inactive,,,,10,Dzienny,0,0,0,W toku,Kliknięcia z 7 dni lub wyświetlenia z 1 dnia
2025-12-19,2025-12-19,Poltrakt PL Magazynier,inactive,,,,5,Dzienny,0,0,0,W toku,Kliknięcia z 7 dni lub wyświetlenia z 1 dnia
2025-12-19,2025-12-19,Poltrakt Drivers CE Week/Full,inactive,,,,Użycie budżetu zestawu reklam,0,0,0,0,W toku,Kliknięcia z 7 dni lub wyświetlenia z 1 dnia
2025-12-19,2025-12-19,Poltrakt PL CE Italy/ pol leads,inactive,,,,11,Dzienny,0,0,0,W toku,Kliknięcia z 7 dni lub wyświetlenia z 1 dnia
2025-12-19,2025-12-19,Poltrakt PL CE Pol Leads,inactive,,,,7,Dzienny,0,0,0,W toku,Kliknięcia z 7 dni lub wyświetlenia z 1 dnia
2025-12-18,2025-12-18,Leads Agency PL,inactive,,,,10,Dzienny,0,0,0,W toku,Kliknięcia z 7 dni lub wyświetlenia z 1 dnia
2025-12-18,2025-12-18,Pracownik Magazynowy PL/ RU/ ENG Leads,inactive,,,,15,Dzienny,0,0,0,W toku,Kliknięcia z 7 dni lub wyświetlenia z 1 dnia
2025-12-18,2025-12-18,Leads RU Mrozek 100 eur,inactive,,,,10,Dzienny,0,0,0,W toku,Kliknięcia z 7 dni lub wyświetlenia z 1 dnia
2025-12-18,2025-12-18,Leads PL Dyspozytor Poltrakt,inactive,,,,10,Dzienny,0,0,0,W toku,Kliknięcia z 7 dni lub wyświetlenia z 1 dnia
2025-12-18,2025-12-18,Leads PL Dyspozytor Poltrakt,inactive,,,,10,Dzienny,0,0,0,W toku,Kliknięcia z 7 dni lub wyświetlenia z 1 dnia
2025-12-18,2025-12-18,PL Agency Ads,inactive,,,,10,Dzienny,0,0,0,W toku,Kliknięcia z 7 dni lub wyświetlenia z 1 dnia
2025-12-18,2025-12-18,RU Leads Poltrakt CE PL S/F Start 20.06.2026,inactive,,,,30,Dzienny,0,0,0,W toku,Kliknięcia z 7 dni lub wyświetlenia z 1 dnia
2025-12-18,2025-12-18,Leads RU Mrozek 100 eur,inactive,,,,10,Dzienny,0,0,0,W toku,Kliknięcia z 7 dni lub wyświetlenia z 1 dnia
2025-12-18,2025-12-18,Leads ENG Poltrakt Week/Cadence Poland,inactive,,,,20,Dzienny,0,0,0,W toku,Kliknięcia z 7 dni lub wyświetlenia z 1 dnia
2025-12-18,2025-12-18,PL Agency Ads Start 14.05.2026,inactive,,,,10,Dzienny,0,0,0,W toku,Kliknięcia z 7 dni lub wyświetlenia z 1 dnia
2025-12-18,2025-12-18,Poltrakt PL Magazynier,inactive,,,,5,Dzienny,0,0,0,W toku,Kliknięcia z 7 dni lub wyświetlenia z 1 dnia
2025-12-18,2025-12-18,Poltrakt Drivers CE Week/Full,inactive,,,,Użycie budżetu zestawu reklam,0,0,0,0,W toku,Kliknięcia z 7 dni lub wyświetlenia z 1 dnia
2025-12-18,2025-12-18,Poltrakt PL CE Italy/ pol leads,inactive,,,,11,Dzienny,0,0,0,W toku,Kliknięcia z 7 dni lub wyświetlenia z 1 dnia
2025-12-18,2025-12-18,Poltrakt PL CE Pol Leads,inactive,,,,7,Dzienny,0,0,0,W toku,Kliknięcia z 7 dni lub wyświetlenia z 1 dnia
2025-12-17,2025-12-17,Leads Agency PL,inactive,,,,10,Dzienny,0,0,0,W toku,Kliknięcia z 7 dni lub wyświetlenia z 1 dnia
2025-12-17,2025-12-17,Pracownik Magazynowy PL/ RU/ ENG Leads,inactive,,,,15,Dzienny,0,0,0,W toku,Kliknięcia z 7 dni lub wyświetlenia z 1 dnia
2025-12-17,2025-12-17,Leads RU Mrozek 100 eur,inactive,,,,10,Dzienny,0,0,0,W toku,Kliknięcia z 7 dni lub wyświetlenia z 1 dnia
2025-12-17,2025-12-17,Leads PL Dyspozytor Poltrakt,inactive,,,,10,Dzienny,0,0,0,W toku,Kliknięcia z 7 dni lub wyświetlenia z 1 dnia
2025-12-17,2025-12-17,Leads PL Dyspozytor Poltrakt,inactive,,,,10,Dzienny,0,0,0,W toku,Kliknięcia z 7 dni lub wyświetlenia z 1 dnia
2025-12-17,2025-12-17,PL Agency Ads,inactive,,,,10,Dzienny,0,0,0,W toku,Kliknięcia z 7 dni lub wyświetlenia z 1 dnia
2025-12-17,2025-12-17,RU Leads Poltrakt CE PL S/F Start 20.06.2026,inactive,,,,30,Dzienny,0,0,0,W toku,Kliknięcia z 7 dni lub wyświetlenia z 1 dnia
2025-12-17,2025-12-17,Leads RU Mrozek 100 eur,inactive,,,,10,Dzienny,0,0,0,W toku,Kliknięcia z 7 dni lub wyświetlenia z 1 dnia
2025-12-17,2025-12-17,Leads ENG Poltrakt Week/Cadence Poland,inactive,,,,20,Dzienny,0,0,0,W toku,Kliknięcia z 7 dni lub wyświetlenia z 1 dnia
2025-12-17,2025-12-17,PL Agency Ads Start 14.05.2026,inactive,,,,10,Dzienny,0,0,0,W toku,Kliknięcia z 7 dni lub wyświetlenia z 1 dnia
2025-12-17,2025-12-17,Poltrakt PL Magazynier,inactive,,,,5,Dzienny,0,0,0,W toku,Kliknięcia z 7 dni lub wyświetlenia z 1 dnia
2025-12-17,2025-12-17,Poltrakt Drivers CE Week/Full,inactive,,,,Użycie budżetu zestawu reklam,0,0,0,0,W toku,Kliknięcia z 7 dni lub wyświetlenia z 1 dnia
2025-12-17,2025-12-17,Poltrakt PL CE Italy/ pol leads,inactive,,,,11,Dzienny,0,0,0,W toku,Kliknięcia z 7 dni lub wyświetlenia z 1 dnia
2025-12-17,2025-12-17,Poltrakt PL CE Pol Leads,inactive,,,,7,Dzienny,0,0,0,W toku,Kliknięcia z 7 dni lub wyświetlenia z 1 dnia
2025-12-16,2025-12-16,Leads Agency PL,inactive,,,,10,Dzienny,0,0,0,W toku,Kliknięcia z 7 dni lub wyświetlenia z 1 dnia
2025-12-16,2025-12-16,Pracownik Magazynowy PL/ RU/ ENG Leads,inactive,,,,15,Dzienny,0,0,0,W toku,Kliknięcia z 7 dni lub wyświetlenia z 1 dnia
2025-12-16,2025-12-16,Leads RU Mrozek 100 eur,inactive,,,,10,Dzienny,0,0,0,W toku,Kliknięcia z 7 dni lub wyświetlenia z 1 dnia
2025-12-16,2025-12-16,Leads PL Dyspozytor Poltrakt,inactive,,,,10,Dzienny,0,0,0,W toku,Kliknięcia z 7 dni lub wyświetlenia z 1 dnia
2025-12-16,2025-12-16,Leads PL Dyspozytor Poltrakt,inactive,,,,10,Dzienny,0,0,0,W toku,Kliknięcia z 7 dni lub wyświetlenia z 1 dnia
2025-12-16,2025-12-16,PL Agency Ads,inactive,,,,10,Dzienny,0,0,0,W toku,Kliknięcia z 7 dni lub wyświetlenia z 1 dnia
2025-12-16,2025-12-16,RU Leads Poltrakt CE PL S/F Start 20.06.2026,inactive,,,,30,Dzienny,0,0,0,W toku,Kliknięcia z 7 dni lub wyświetlenia z 1 dnia
2025-12-16,2025-12-16,Leads RU Mrozek 100 eur,inactive,,,,10,Dzienny,0,0,0,W toku,Kliknięcia z 7 dni lub wyświetlenia z 1 dnia
2025-12-16,2025-12-16,Leads ENG Poltrakt Week/Cadence Poland,inactive,,,,20,Dzienny,0,0,0,W toku,Kliknięcia z 7 dni lub wyświetlenia z 1 dnia
2025-12-16,2025-12-16,PL Agency Ads Start 14.05.2026,inactive,,,,10,Dzienny,0,0,0,W toku,Kliknięcia z 7 dni lub wyświetlenia z 1 dnia
2025-12-16,2025-12-16,Poltrakt PL Magazynier,inactive,,,,5,Dzienny,0,0,0,W toku,Kliknięcia z 7 dni lub wyświetlenia z 1 dnia
2025-12-16,2025-12-16,Poltrakt Drivers CE Week/Full,inactive,,,,Użycie budżetu zestawu reklam,0,0,0,0,W toku,Kliknięcia z 7 dni lub wyświetlenia z 1 dnia
2025-12-16,2025-12-16,Poltrakt PL CE Italy/ pol leads,inactive,,,,11,Dzienny,0,0,0,W toku,Kliknięcia z 7 dni lub wyświetlenia z 1 dnia
2025-12-16,2025-12-16,Poltrakt PL CE Pol Leads,inactive,,,,7,Dzienny,0,0,0,W toku,Kliknięcia z 7 dni lub wyświetlenia z 1 dnia
2025-12-15,2025-12-15,Leads Agency PL,inactive,,,,10,Dzienny,0,0,0,W toku,Kliknięcia z 7 dni lub wyświetlenia z 1 dnia
2025-12-15,2025-12-15,Pracownik Magazynowy PL/ RU/ ENG Leads,inactive,,,,15,Dzienny,0,0,0,W toku,Kliknięcia z 7 dni lub wyświetlenia z 1 dnia
2025-12-15,2025-12-15,Leads RU Mrozek 100 eur,inactive,,,,10,Dzienny,0,0,0,W toku,Kliknięcia z 7 dni lub wyświetlenia z 1 dnia
2025-12-15,2025-12-15,Leads PL Dyspozytor Poltrakt,inactive,,,,10,Dzienny,0,0,0,W toku,Kliknięcia z 7 dni lub wyświetlenia z 1 dnia
2025-12-15,2025-12-15,Leads PL Dyspozytor Poltrakt,inactive,,,,10,Dzienny,0,0,0,W toku,Kliknięcia z 7 dni lub wyświetlenia z 1 dnia
2025-12-15,2025-12-15,PL Agency Ads,inactive,,,,10,Dzienny,0,0,0,W toku,Kliknięcia z 7 dni lub wyświetlenia z 1 dnia
2025-12-15,2025-12-15,RU Leads Poltrakt CE PL S/F Start 20.06.2026,inactive,,,,30,Dzienny,0,0,0,W toku,Kliknięcia z 7 dni lub wyświetlenia z 1 dnia
2025-12-15,2025-12-15,Leads RU Mrozek 100 eur,inactive,,,,10,Dzienny,0,0,0,W toku,Kliknięcia z 7 dni lub wyświetlenia z 1 dnia
2025-12-15,2025-12-15,Leads ENG Poltrakt Week/Cadence Poland,inactive,,,,20,Dzienny,0,0,0,W toku,Kliknięcia z 7 dni lub wyświetlenia z 1 dnia
2025-12-15,2025-12-15,PL Agency Ads Start 14.05.2026,inactive,,,,10,Dzienny,0,0,0,W toku,Kliknięcia z 7 dni lub wyświetlenia z 1 dnia
2025-12-15,2025-12-15,Poltrakt PL Magazynier,inactive,,,,5,Dzienny,0,0,0,W toku,Kliknięcia z 7 dni lub wyświetlenia z 1 dnia
2025-12-15,2025-12-15,Poltrakt Drivers CE Week/Full,inactive,,,,Użycie budżetu zestawu reklam,0,0,0,0,W toku,Kliknięcia z 7 dni lub wyświetlenia z 1 dnia
2025-12-15,2025-12-15,Poltrakt PL CE Italy/ pol leads,inactive,,,,11,Dzienny,0,0,0,W toku,Kliknięcia z 7 dni lub wyświetlenia z 1 dnia
2025-12-15,2025-12-15,Poltrakt PL CE Pol Leads,inactive,,,,7,Dzienny,0,0,0,W toku,Kliknięcia z 7 dni lub wyświetlenia z 1 dnia
2025-12-14,2025-12-14,Leads Agency PL,inactive,,,,10,Dzienny,0,0,0,W toku,Kliknięcia z 7 dni lub wyświetlenia z 1 dnia
2025-12-14,2025-12-14,Pracownik Magazynowy PL/ RU/ ENG Leads,inactive,,,,15,Dzienny,0,0,0,W toku,Kliknięcia z 7 dni lub wyświetlenia z 1 dnia
2025-12-14,2025-12-14,Leads RU Mrozek 100 eur,inactive,,,,10,Dzienny,0,0,0,W toku,Kliknięcia z 7 dni lub wyświetlenia z 1 dnia
2025-12-14,2025-12-14,Leads PL Dyspozytor Poltrakt,inactive,,,,10,Dzienny,0,0,0,W toku,Kliknięcia z 7 dni lub wyświetlenia z 1 dnia
2025-12-14,2025-12-14,Leads PL Dyspozytor Poltrakt,inactive,,,,10,Dzienny,0,0,0,W toku,Kliknięcia z 7 dni lub wyświetlenia z 1 dnia
2025-12-14,2025-12-14,PL Agency Ads,inactive,,,,10,Dzienny,0,0,0,W toku,Kliknięcia z 7 dni lub wyświetlenia z 1 dnia
2025-12-14,2025-12-14,RU Leads Poltrakt CE PL S/F Start 20.06.2026,inactive,,,,30,Dzienny,0,0,0,W toku,Kliknięcia z 7 dni lub wyświetlenia z 1 dnia
2025-12-14,2025-12-14,Leads RU Mrozek 100 eur,inactive,,,,10,Dzienny,0,0,0,W toku,Kliknięcia z 7 dni lub wyświetlenia z 1 dnia
2025-12-14,2025-12-14,Leads ENG Poltrakt Week/Cadence Poland,inactive,,,,20,Dzienny,0,0,0,W toku,Kliknięcia z 7 dni lub wyświetlenia z 1 dnia
2025-12-14,2025-12-14,PL Agency Ads Start 14.05.2026,inactive,,,,10,Dzienny,0,0,0,W toku,Kliknięcia z 7 dni lub wyświetlenia z 1 dnia
2025-12-14,2025-12-14,Poltrakt PL Magazynier,inactive,,,,5,Dzienny,0,0,0,W toku,Kliknięcia z 7 dni lub wyświetlenia z 1 dnia
2025-12-14,2025-12-14,Poltrakt Drivers CE Week/Full,inactive,,,,Użycie budżetu zestawu reklam,0,0,0,0,W toku,Kliknięcia z 7 dni lub wyświetlenia z 1 dnia
2025-12-14,2025-12-14,Poltrakt PL CE Italy/ pol leads,inactive,,,,11,Dzienny,0,0,0,W toku,Kliknięcia z 7 dni lub wyświetlenia z 1 dnia
2025-12-14,2025-12-14,Poltrakt PL CE Pol Leads,inactive,,,,7,Dzienny,0,0,0,W toku,Kliknięcia z 7 dni lub wyświetlenia z 1 dnia
2025-12-13,2025-12-13,Leads Agency PL,inactive,,,,10,Dzienny,0,0,0,W toku,Kliknięcia z 7 dni lub wyświetlenia z 1 dnia
2025-12-13,2025-12-13,Pracownik Magazynowy PL/ RU/ ENG Leads,inactive,,,,15,Dzienny,0,0,0,W toku,Kliknięcia z 7 dni lub wyświetlenia z 1 dnia
2025-12-13,2025-12-13,Leads RU Mrozek 100 eur,inactive,,,,10,Dzienny,0,0,0,W toku,Kliknięcia z 7 dni lub wyświetlenia z 1 dnia
2025-12-13,2025-12-13,Leads PL Dyspozytor Poltrakt,inactive,,,,10,Dzienny,0,0,0,W toku,Kliknięcia z 7 dni lub wyświetlenia z 1 dnia
2025-12-13,2025-12-13,Leads PL Dyspozytor Poltrakt,inactive,,,,10,Dzienny,0,0,0,W toku,Kliknięcia z 7 dni lub wyświetlenia z 1 dnia
2025-12-13,2025-12-13,PL Agency Ads,inactive,,,,10,Dzienny,0,0,0,W toku,Kliknięcia z 7 dni lub wyświetlenia z 1 dnia
2025-12-13,2025-12-13,RU Leads Poltrakt CE PL S/F Start 20.06.2026,inactive,,,,30,Dzienny,0,0,0,W toku,Kliknięcia z 7 dni lub wyświetlenia z 1 dnia
2025-12-13,2025-12-13,Leads RU Mrozek 100 eur,inactive,,,,10,Dzienny,0,0,0,W toku,Kliknięcia z 7 dni lub wyświetlenia z 1 dnia
2025-12-13,2025-12-13,Leads ENG Poltrakt Week/Cadence Poland,inactive,,,,20,Dzienny,0,0,0,W toku,Kliknięcia z 7 dni lub wyświetlenia z 1 dnia
2025-12-13,2025-12-13,PL Agency Ads Start 14.05.2026,inactive,,,,10,Dzienny,0,0,0,W toku,Kliknięcia z 7 dni lub wyświetlenia z 1 dnia
2025-12-13,2025-12-13,Poltrakt PL Magazynier,inactive,,,,5,Dzienny,0,0,0,W toku,Kliknięcia z 7 dni lub wyświetlenia z 1 dnia
2025-12-13,2025-12-13,Poltrakt Drivers CE Week/Full,inactive,,,,Użycie budżetu zestawu reklam,0,0,0,0,W toku,Kliknięcia z 7 dni lub wyświetlenia z 1 dnia
2025-12-13,2025-12-13,Poltrakt PL CE Italy/ pol leads,inactive,,,,11,Dzienny,0,0,0,W toku,Kliknięcia z 7 dni lub wyświetlenia z 1 dnia
2025-12-13,2025-12-13,Poltrakt PL CE Pol Leads,inactive,,,,7,Dzienny,0,0,0,W toku,Kliknięcia z 7 dni lub wyświetlenia z 1 dnia
2025-12-12,2025-12-12,Leads Agency PL,inactive,,,,10,Dzienny,0,0,0,W toku,Kliknięcia z 7 dni lub wyświetlenia z 1 dnia
2025-12-12,2025-12-12,Pracownik Magazynowy PL/ RU/ ENG Leads,inactive,,,,15,Dzienny,0,0,0,W toku,Kliknięcia z 7 dni lub wyświetlenia z 1 dnia
2025-12-12,2025-12-12,Leads RU Mrozek 100 eur,inactive,,,,10,Dzienny,0,0,0,W toku,Kliknięcia z 7 dni lub wyświetlenia z 1 dnia
2025-12-12,2025-12-12,Leads PL Dyspozytor Poltrakt,inactive,,,,10,Dzienny,0,0,0,W toku,Kliknięcia z 7 dni lub wyświetlenia z 1 dnia
2025-12-12,2025-12-12,Leads PL Dyspozytor Poltrakt,inactive,,,,10,Dzienny,0,0,0,W toku,Kliknięcia z 7 dni lub wyświetlenia z 1 dnia
2025-12-12,2025-12-12,PL Agency Ads,inactive,,,,10,Dzienny,0,0,0,W toku,Kliknięcia z 7 dni lub wyświetlenia z 1 dnia
2025-12-12,2025-12-12,RU Leads Poltrakt CE PL S/F Start 20.06.2026,inactive,,,,30,Dzienny,0,0,0,W toku,Kliknięcia z 7 dni lub wyświetlenia z 1 dnia
2025-12-12,2025-12-12,Leads RU Mrozek 100 eur,inactive,,,,10,Dzienny,0,0,0,W toku,Kliknięcia z 7 dni lub wyświetlenia z 1 dnia
2025-12-12,2025-12-12,Leads ENG Poltrakt Week/Cadence Poland,inactive,,,,20,Dzienny,0,0,0,W toku,Kliknięcia z 7 dni lub wyświetlenia z 1 dnia
2025-12-12,2025-12-12,PL Agency Ads Start 14.05.2026,inactive,,,,10,Dzienny,0,0,0,W toku,Kliknięcia z 7 dni lub wyświetlenia z 1 dnia
2025-12-12,2025-12-12,Poltrakt PL Magazynier,inactive,,,,5,Dzienny,0,0,0,W toku,Kliknięcia z 7 dni lub wyświetlenia z 1 dnia
2025-12-12,2025-12-12,Poltrakt Drivers CE Week/Full,inactive,,,,Użycie budżetu zestawu reklam,0,0,0,0,W toku,Kliknięcia z 7 dni lub wyświetlenia z 1 dnia
2025-12-12,2025-12-12,Poltrakt PL CE Italy/ pol leads,inactive,,,,11,Dzienny,0,0,0,W toku,Kliknięcia z 7 dni lub wyświetlenia z 1 dnia
2025-12-12,2025-12-12,Poltrakt PL CE Pol Leads,inactive,,,,7,Dzienny,0,0,0,W toku,Kliknięcia z 7 dni lub wyświetlenia z 1 dnia
2025-12-11,2025-12-11,Leads Agency PL,inactive,,,,10,Dzienny,0,0,0,W toku,Kliknięcia z 7 dni lub wyświetlenia z 1 dnia
2025-12-11,2025-12-11,Pracownik Magazynowy PL/ RU/ ENG Leads,inactive,,,,15,Dzienny,0,0,0,W toku,Kliknięcia z 7 dni lub wyświetlenia z 1 dnia
2025-12-11,2025-12-11,Leads RU Mrozek 100 eur,inactive,,,,10,Dzienny,0,0,0,W toku,Kliknięcia z 7 dni lub wyświetlenia z 1 dnia
2025-12-11,2025-12-11,Leads PL Dyspozytor Poltrakt,inactive,,,,10,Dzienny,0,0,0,W toku,Kliknięcia z 7 dni lub wyświetlenia z 1 dnia
2025-12-11,2025-12-11,Leads PL Dyspozytor Poltrakt,inactive,,,,10,Dzienny,0,0,0,W toku,Kliknięcia z 7 dni lub wyświetlenia z 1 dnia
2025-12-11,2025-12-11,PL Agency Ads,inactive,,,,10,Dzienny,0,0,0,W toku,Kliknięcia z 7 dni lub wyświetlenia z 1 dnia
2025-12-11,2025-12-11,RU Leads Poltrakt CE PL S/F Start 20.06.2026,inactive,,,,30,Dzienny,0,0,0,W toku,Kliknięcia z 7 dni lub wyświetlenia z 1 dnia
2025-12-11,2025-12-11,Leads RU Mrozek 100 eur,inactive,,,,10,Dzienny,0,0,0,W toku,Kliknięcia z 7 dni lub wyświetlenia z 1 dnia
2025-12-11,2025-12-11,Leads ENG Poltrakt Week/Cadence Poland,inactive,,,,20,Dzienny,0,0,0,W toku,Kliknięcia z 7 dni lub wyświetlenia z 1 dnia
2025-12-11,2025-12-11,PL Agency Ads Start 14.05.2026,inactive,,,,10,Dzienny,0,0,0,W toku,Kliknięcia z 7 dni lub wyświetlenia z 1 dnia
2025-12-11,2025-12-11,Poltrakt PL Magazynier,inactive,,,,5,Dzienny,0,0,0,W toku,Kliknięcia z 7 dni lub wyświetlenia z 1 dnia
2025-12-11,2025-12-11,Poltrakt Drivers CE Week/Full,inactive,,,,Użycie budżetu zestawu reklam,0,0,0,0,W toku,Kliknięcia z 7 dni lub wyświetlenia z 1 dnia
2025-12-11,2025-12-11,Poltrakt PL CE Italy/ pol leads,inactive,,,,11,Dzienny,0,0,0,W toku,Kliknięcia z 7 dni lub wyświetlenia z 1 dnia
2025-12-11,2025-12-11,Poltrakt PL CE Pol Leads,inactive,,,,7,Dzienny,0,0,0,W toku,Kliknięcia z 7 dni lub wyświetlenia z 1 dnia
2025-12-10,2025-12-10,Leads Agency PL,inactive,,,,10,Dzienny,0,0,0,W toku,Kliknięcia z 7 dni lub wyświetlenia z 1 dnia
2025-12-10,2025-12-10,Pracownik Magazynowy PL/ RU/ ENG Leads,inactive,,,,15,Dzienny,0,0,0,W toku,Kliknięcia z 7 dni lub wyświetlenia z 1 dnia
2025-12-10,2025-12-10,Leads RU Mrozek 100 eur,inactive,,,,10,Dzienny,0,0,0,W toku,Kliknięcia z 7 dni lub wyświetlenia z 1 dnia
2025-12-10,2025-12-10,Leads PL Dyspozytor Poltrakt,inactive,,,,10,Dzienny,0,0,0,W toku,Kliknięcia z 7 dni lub wyświetlenia z 1 dnia
2025-12-10,2025-12-10,Leads PL Dyspozytor Poltrakt,inactive,,,,10,Dzienny,0,0,0,W toku,Kliknięcia z 7 dni lub wyświetlenia z 1 dnia
2025-12-10,2025-12-10,PL Agency Ads,inactive,,,,10,Dzienny,0,0,0,W toku,Kliknięcia z 7 dni lub wyświetlenia z 1 dnia
2025-12-10,2025-12-10,RU Leads Poltrakt CE PL S/F Start 20.06.2026,inactive,,,,30,Dzienny,0,0,0,W toku,Kliknięcia z 7 dni lub wyświetlenia z 1 dnia
2025-12-10,2025-12-10,Leads RU Mrozek 100 eur,inactive,,,,10,Dzienny,0,0,0,W toku,Kliknięcia z 7 dni lub wyświetlenia z 1 dnia
2025-12-10,2025-12-10,Leads ENG Poltrakt Week/Cadence Poland,inactive,,,,20,Dzienny,0,0,0,W toku,Kliknięcia z 7 dni lub wyświetlenia z 1 dnia
2025-12-10,2025-12-10,PL Agency Ads Start 14.05.2026,inactive,,,,10,Dzienny,0,0,0,W toku,Kliknięcia z 7 dni lub wyświetlenia z 1 dnia
2025-12-10,2025-12-10,Poltrakt PL Magazynier,inactive,,,,5,Dzienny,0,0,0,W toku,Kliknięcia z 7 dni lub wyświetlenia z 1 dnia
2025-12-10,2025-12-10,Poltrakt Drivers CE Week/Full,inactive,,,,Użycie budżetu zestawu reklam,0,0,0,0,W toku,Kliknięcia z 7 dni lub wyświetlenia z 1 dnia
2025-12-10,2025-12-10,Poltrakt PL CE Italy/ pol leads,inactive,,,,11,Dzienny,0,0,0,W toku,Kliknięcia z 7 dni lub wyświetlenia z 1 dnia
2025-12-10,2025-12-10,Poltrakt PL CE Pol Leads,inactive,,,,7,Dzienny,0,0,0,W toku,Kliknięcia z 7 dni lub wyświetlenia z 1 dnia
2025-12-09,2025-12-09,Leads Agency PL,inactive,,,,10,Dzienny,0,0,0,W toku,Kliknięcia z 7 dni lub wyświetlenia z 1 dnia
2025-12-09,2025-12-09,Pracownik Magazynowy PL/ RU/ ENG Leads,inactive,,,,15,Dzienny,0,0,0,W toku,Kliknięcia z 7 dni lub wyświetlenia z 1 dnia
2025-12-09,2025-12-09,Leads RU Mrozek 100 eur,inactive,,,,10,Dzienny,0,0,0,W toku,Kliknięcia z 7 dni lub wyświetlenia z 1 dnia
2025-12-09,2025-12-09,Leads PL Dyspozytor Poltrakt,inactive,,,,10,Dzienny,0,0,0,W toku,Kliknięcia z 7 dni lub wyświetlenia z 1 dnia
2025-12-09,2025-12-09,Leads PL Dyspozytor Poltrakt,inactive,,,,10,Dzienny,0,0,0,W toku,Kliknięcia z 7 dni lub wyświetlenia z 1 dnia
2025-12-09,2025-12-09,PL Agency Ads,inactive,,,,10,Dzienny,0,0,0,W toku,Kliknięcia z 7 dni lub wyświetlenia z 1 dnia
2025-12-09,2025-12-09,RU Leads Poltrakt CE PL S/F Start 20.06.2026,inactive,,,,30,Dzienny,0,0,0,W toku,Kliknięcia z 7 dni lub wyświetlenia z 1 dnia
2025-12-09,2025-12-09,Leads RU Mrozek 100 eur,inactive,,,,10,Dzienny,0,0,0,W toku,Kliknięcia z 7 dni lub wyświetlenia z 1 dnia
2025-12-09,2025-12-09,Leads ENG Poltrakt Week/Cadence Poland,inactive,,,,20,Dzienny,0,0,0,W toku,Kliknięcia z 7 dni lub wyświetlenia z 1 dnia
2025-12-09,2025-12-09,PL Agency Ads Start 14.05.2026,inactive,,,,10,Dzienny,0,0,0,W toku,Kliknięcia z 7 dni lub wyświetlenia z 1 dnia
2025-12-09,2025-12-09,Poltrakt PL Magazynier,inactive,,,,5,Dzienny,0,0,0,W toku,Kliknięcia z 7 dni lub wyświetlenia z 1 dnia
2025-12-09,2025-12-09,Poltrakt Drivers CE Week/Full,inactive,,,,Użycie budżetu zestawu reklam,0,0,0,0,W toku,Kliknięcia z 7 dni lub wyświetlenia z 1 dnia
2025-12-09,2025-12-09,Poltrakt PL CE Italy/ pol leads,inactive,,,,11,Dzienny,0,0,0,W toku,Kliknięcia z 7 dni lub wyświetlenia z 1 dnia
2025-12-09,2025-12-09,Poltrakt PL CE Pol Leads,inactive,,,,7,Dzienny,0,0,0,W toku,Kliknięcia z 7 dni lub wyświetlenia z 1 dnia
2025-12-08,2025-12-08,Leads Agency PL,inactive,,,,10,Dzienny,0,0,0,W toku,Kliknięcia z 7 dni lub wyświetlenia z 1 dnia
2025-12-08,2025-12-08,Pracownik Magazynowy PL/ RU/ ENG Leads,inactive,,,,15,Dzienny,0,0,0,W toku,Kliknięcia z 7 dni lub wyświetlenia z 1 dnia
2025-12-08,2025-12-08,Leads RU Mrozek 100 eur,inactive,,,,10,Dzienny,0,0,0,W toku,Kliknięcia z 7 dni lub wyświetlenia z 1 dnia
2025-12-08,2025-12-08,Leads PL Dyspozytor Poltrakt,inactive,,,,10,Dzienny,0,0,0,W toku,Kliknięcia z 7 dni lub wyświetlenia z 1 dnia
2025-12-08,2025-12-08,Leads PL Dyspozytor Poltrakt,inactive,,,,10,Dzienny,0,0,0,W toku,Kliknięcia z 7 dni lub wyświetlenia z 1 dnia
2025-12-08,2025-12-08,PL Agency Ads,inactive,,,,10,Dzienny,0,0,0,W toku,Kliknięcia z 7 dni lub wyświetlenia z 1 dnia
2025-12-08,2025-12-08,RU Leads Poltrakt CE PL S/F Start 20.06.2026,inactive,,,,30,Dzienny,0,0,0,W toku,Kliknięcia z 7 dni lub wyświetlenia z 1 dnia
2025-12-08,2025-12-08,Leads RU Mrozek 100 eur,inactive,,,,10,Dzienny,0,0,0,W toku,Kliknięcia z 7 dni lub wyświetlenia z 1 dnia
2025-12-08,2025-12-08,Leads ENG Poltrakt Week/Cadence Poland,inactive,,,,20,Dzienny,0,0,0,W toku,Kliknięcia z 7 dni lub wyświetlenia z 1 dnia
2025-12-08,2025-12-08,PL Agency Ads Start 14.05.2026,inactive,,,,10,Dzienny,0,0,0,W toku,Kliknięcia z 7 dni lub wyświetlenia z 1 dnia
2025-12-08,2025-12-08,Poltrakt PL Magazynier,inactive,,,,5,Dzienny,0,0,0,W toku,Kliknięcia z 7 dni lub wyświetlenia z 1 dnia
2025-12-08,2025-12-08,Poltrakt Drivers CE Week/Full,inactive,,,,Użycie budżetu zestawu reklam,0,0,0,0,W toku,Kliknięcia z 7 dni lub wyświetlenia z 1 dnia
2025-12-08,2025-12-08,Poltrakt PL CE Italy/ pol leads,inactive,,,,11,Dzienny,0,0,0,W toku,Kliknięcia z 7 dni lub wyświetlenia z 1 dnia
2025-12-08,2025-12-08,Poltrakt PL CE Pol Leads,inactive,,,,7,Dzienny,0,0,0,W toku,Kliknięcia z 7 dni lub wyświetlenia z 1 dnia
2025-12-07,2025-12-07,Leads Agency PL,inactive,,,,10,Dzienny,0,0,0,W toku,Kliknięcia z 7 dni lub wyświetlenia z 1 dnia
2025-12-07,2025-12-07,Pracownik Magazynowy PL/ RU/ ENG Leads,inactive,,,,15,Dzienny,0,0,0,W toku,Kliknięcia z 7 dni lub wyświetlenia z 1 dnia
2025-12-07,2025-12-07,Leads RU Mrozek 100 eur,inactive,,,,10,Dzienny,0,0,0,W toku,Kliknięcia z 7 dni lub wyświetlenia z 1 dnia
2025-12-07,2025-12-07,Leads PL Dyspozytor Poltrakt,inactive,,,,10,Dzienny,0,0,0,W toku,Kliknięcia z 7 dni lub wyświetlenia z 1 dnia
2025-12-07,2025-12-07,Leads PL Dyspozytor Poltrakt,inactive,,,,10,Dzienny,0,0,0,W toku,Kliknięcia z 7 dni lub wyświetlenia z 1 dnia
2025-12-07,2025-12-07,PL Agency Ads,inactive,,,,10,Dzienny,0,0,0,W toku,Kliknięcia z 7 dni lub wyświetlenia z 1 dnia
2025-12-07,2025-12-07,RU Leads Poltrakt CE PL S/F Start 20.06.2026,inactive,,,,30,Dzienny,0,0,0,W toku,Kliknięcia z 7 dni lub wyświetlenia z 1 dnia
2025-12-07,2025-12-07,Leads RU Mrozek 100 eur,inactive,,,,10,Dzienny,0,0,0,W toku,Kliknięcia z 7 dni lub wyświetlenia z 1 dnia
2025-12-07,2025-12-07,Leads ENG Poltrakt Week/Cadence Poland,inactive,,,,20,Dzienny,0,0,0,W toku,Kliknięcia z 7 dni lub wyświetlenia z 1 dnia
2025-12-07,2025-12-07,PL Agency Ads Start 14.05.2026,inactive,,,,10,Dzienny,0,0,0,W toku,Kliknięcia z 7 dni lub wyświetlenia z 1 dnia
2025-12-07,2025-12-07,Poltrakt PL Magazynier,inactive,,,,5,Dzienny,0,0,0,W toku,Kliknięcia z 7 dni lub wyświetlenia z 1 dnia
2025-12-07,2025-12-07,Poltrakt Drivers CE Week/Full,inactive,,,,Użycie budżetu zestawu reklam,0,0,0,0,W toku,Kliknięcia z 7 dni lub wyświetlenia z 1 dnia
2025-12-07,2025-12-07,Poltrakt PL CE Italy/ pol leads,inactive,,,,11,Dzienny,0,0,0,W toku,Kliknięcia z 7 dni lub wyświetlenia z 1 dnia
2025-12-07,2025-12-07,Poltrakt PL CE Pol Leads,inactive,,,,7,Dzienny,0,0,0,W toku,Kliknięcia z 7 dni lub wyświetlenia z 1 dnia
2025-12-06,2025-12-06,Leads Agency PL,inactive,,,,10,Dzienny,0,0,0,W toku,Kliknięcia z 7 dni lub wyświetlenia z 1 dnia
2025-12-06,2025-12-06,Pracownik Magazynowy PL/ RU/ ENG Leads,inactive,,,,15,Dzienny,0,0,0,W toku,Kliknięcia z 7 dni lub wyświetlenia z 1 dnia
2025-12-06,2025-12-06,Leads RU Mrozek 100 eur,inactive,,,,10,Dzienny,0,0,0,W toku,Kliknięcia z 7 dni lub wyświetlenia z 1 dnia
2025-12-06,2025-12-06,Leads PL Dyspozytor Poltrakt,inactive,,,,10,Dzienny,0,0,0,W toku,Kliknięcia z 7 dni lub wyświetlenia z 1 dnia
2025-12-06,2025-12-06,Leads PL Dyspozytor Poltrakt,inactive,,,,10,Dzienny,0,0,0,W toku,Kliknięcia z 7 dni lub wyświetlenia z 1 dnia
2025-12-06,2025-12-06,PL Agency Ads,inactive,,,,10,Dzienny,0,0,0,W toku,Kliknięcia z 7 dni lub wyświetlenia z 1 dnia
2025-12-06,2025-12-06,RU Leads Poltrakt CE PL S/F Start 20.06.2026,inactive,,,,30,Dzienny,0,0,0,W toku,Kliknięcia z 7 dni lub wyświetlenia z 1 dnia
2025-12-06,2025-12-06,Leads RU Mrozek 100 eur,inactive,,,,10,Dzienny,0,0,0,W toku,Kliknięcia z 7 dni lub wyświetlenia z 1 dnia
2025-12-06,2025-12-06,Leads ENG Poltrakt Week/Cadence Poland,inactive,,,,20,Dzienny,0,0,0,W toku,Kliknięcia z 7 dni lub wyświetlenia z 1 dnia
2025-12-06,2025-12-06,PL Agency Ads Start 14.05.2026,inactive,,,,10,Dzienny,0,0,0,W toku,Kliknięcia z 7 dni lub wyświetlenia z 1 dnia
2025-12-06,2025-12-06,Poltrakt PL Magazynier,inactive,,,,5,Dzienny,0,0,0,W toku,Kliknięcia z 7 dni lub wyświetlenia z 1 dnia
2025-12-06,2025-12-06,Poltrakt Drivers CE Week/Full,inactive,,,,Użycie budżetu zestawu reklam,0,0,0,0,W toku,Kliknięcia z 7 dni lub wyświetlenia z 1 dnia
2025-12-06,2025-12-06,Poltrakt PL CE Italy/ pol leads,inactive,,,,11,Dzienny,0,0,0,W toku,Kliknięcia z 7 dni lub wyświetlenia z 1 dnia
2025-12-06,2025-12-06,Poltrakt PL CE Pol Leads,inactive,,,,7,Dzienny,0,0,0,W toku,Kliknięcia z 7 dni lub wyświetlenia z 1 dnia
2025-12-05,2025-12-05,Leads Agency PL,inactive,,,,10,Dzienny,0,0,0,W toku,Kliknięcia z 7 dni lub wyświetlenia z 1 dnia
2025-12-05,2025-12-05,Pracownik Magazynowy PL/ RU/ ENG Leads,inactive,,,,15,Dzienny,0,0,0,W toku,Kliknięcia z 7 dni lub wyświetlenia z 1 dnia
2025-12-05,2025-12-05,Leads RU Mrozek 100 eur,inactive,,,,10,Dzienny,0,0,0,W toku,Kliknięcia z 7 dni lub wyświetlenia z 1 dnia
2025-12-05,2025-12-05,Leads PL Dyspozytor Poltrakt,inactive,,,,10,Dzienny,0,0,0,W toku,Kliknięcia z 7 dni lub wyświetlenia z 1 dnia
2025-12-05,2025-12-05,Leads PL Dyspozytor Poltrakt,inactive,,,,10,Dzienny,0,0,0,W toku,Kliknięcia z 7 dni lub wyświetlenia z 1 dnia
2025-12-05,2025-12-05,PL Agency Ads,inactive,,,,10,Dzienny,0,0,0,W toku,Kliknięcia z 7 dni lub wyświetlenia z 1 dnia
2025-12-05,2025-12-05,RU Leads Poltrakt CE PL S/F Start 20.06.2026,inactive,,,,30,Dzienny,0,0,0,W toku,Kliknięcia z 7 dni lub wyświetlenia z 1 dnia
2025-12-05,2025-12-05,Leads RU Mrozek 100 eur,inactive,,,,10,Dzienny,0,0,0,W toku,Kliknięcia z 7 dni lub wyświetlenia z 1 dnia
2025-12-05,2025-12-05,Leads ENG Poltrakt Week/Cadence Poland,inactive,,,,20,Dzienny,0,0,0,W toku,Kliknięcia z 7 dni lub wyświetlenia z 1 dnia
2025-12-05,2025-12-05,PL Agency Ads Start 14.05.2026,inactive,,,,10,Dzienny,0,0,0,W toku,Kliknięcia z 7 dni lub wyświetlenia z 1 dnia
2025-12-05,2025-12-05,Poltrakt PL Magazynier,inactive,,,,5,Dzienny,0,0,0,W toku,Kliknięcia z 7 dni lub wyświetlenia z 1 dnia
2025-12-05,2025-12-05,Poltrakt Drivers CE Week/Full,inactive,,,,Użycie budżetu zestawu reklam,0,0,0,0,W toku,Kliknięcia z 7 dni lub wyświetlenia z 1 dnia
2025-12-05,2025-12-05,Poltrakt PL CE Italy/ pol leads,inactive,,,,11,Dzienny,0,0,0,W toku,Kliknięcia z 7 dni lub wyświetlenia z 1 dnia
2025-12-05,2025-12-05,Poltrakt PL CE Pol Leads,inactive,,,,7,Dzienny,0,0,0,W toku,Kliknięcia z 7 dni lub wyświetlenia z 1 dnia
2025-12-04,2025-12-04,Leads Agency PL,inactive,,,,10,Dzienny,0,0,0,W toku,Kliknięcia z 7 dni lub wyświetlenia z 1 dnia
2025-12-04,2025-12-04,Pracownik Magazynowy PL/ RU/ ENG Leads,inactive,,,,15,Dzienny,0,0,0,W toku,Kliknięcia z 7 dni lub wyświetlenia z 1 dnia
2025-12-04,2025-12-04,Leads RU Mrozek 100 eur,inactive,,,,10,Dzienny,0,0,0,W toku,Kliknięcia z 7 dni lub wyświetlenia z 1 dnia
2025-12-04,2025-12-04,Leads PL Dyspozytor Poltrakt,inactive,,,,10,Dzienny,0,0,0,W toku,Kliknięcia z 7 dni lub wyświetlenia z 1 dnia
2025-12-04,2025-12-04,Leads PL Dyspozytor Poltrakt,inactive,,,,10,Dzienny,0,0,0,W toku,Kliknięcia z 7 dni lub wyświetlenia z 1 dnia
2025-12-04,2025-12-04,PL Agency Ads,inactive,,,,10,Dzienny,0,0,0,W toku,Kliknięcia z 7 dni lub wyświetlenia z 1 dnia
2025-12-04,2025-12-04,RU Leads Poltrakt CE PL S/F Start 20.06.2026,inactive,,,,30,Dzienny,0,0,0,W toku,Kliknięcia z 7 dni lub wyświetlenia z 1 dnia
2025-12-04,2025-12-04,Leads RU Mrozek 100 eur,inactive,,,,10,Dzienny,0,0,0,W toku,Kliknięcia z 7 dni lub wyświetlenia z 1 dnia
2025-12-04,2025-12-04,Leads ENG Poltrakt Week/Cadence Poland,inactive,,,,20,Dzienny,0,0,0,W toku,Kliknięcia z 7 dni lub wyświetlenia z 1 dnia
2025-12-04,2025-12-04,PL Agency Ads Start 14.05.2026,inactive,,,,10,Dzienny,0,0,0,W toku,Kliknięcia z 7 dni lub wyświetlenia z 1 dnia
2025-12-04,2025-12-04,Poltrakt PL Magazynier,inactive,,,,5,Dzienny,0,0,0,W toku,Kliknięcia z 7 dni lub wyświetlenia z 1 dnia
2025-12-04,2025-12-04,Poltrakt Drivers CE Week/Full,inactive,,,,Użycie budżetu zestawu reklam,0,0,0,0,W toku,Kliknięcia z 7 dni lub wyświetlenia z 1 dnia
2025-12-04,2025-12-04,Poltrakt PL CE Italy/ pol leads,inactive,,,,11,Dzienny,0,0,0,W toku,Kliknięcia z 7 dni lub wyświetlenia z 1 dnia
2025-12-04,2025-12-04,Poltrakt PL CE Pol Leads,inactive,,,,7,Dzienny,0,0,0,W toku,Kliknięcia z 7 dni lub wyświetlenia z 1 dnia
2025-12-03,2025-12-03,Leads Agency PL,inactive,,,,10,Dzienny,0,0,0,W toku,Kliknięcia z 7 dni lub wyświetlenia z 1 dnia
2025-12-03,2025-12-03,Pracownik Magazynowy PL/ RU/ ENG Leads,inactive,,,,15,Dzienny,0,0,0,W toku,Kliknięcia z 7 dni lub wyświetlenia z 1 dnia
2025-12-03,2025-12-03,Leads RU Mrozek 100 eur,inactive,,,,10,Dzienny,0,0,0,W toku,Kliknięcia z 7 dni lub wyświetlenia z 1 dnia
2025-12-03,2025-12-03,Leads PL Dyspozytor Poltrakt,inactive,,,,10,Dzienny,0,0,0,W toku,Kliknięcia z 7 dni lub wyświetlenia z 1 dnia
2025-12-03,2025-12-03,Leads PL Dyspozytor Poltrakt,inactive,,,,10,Dzienny,0,0,0,W toku,Kliknięcia z 7 dni lub wyświetlenia z 1 dnia
2025-12-03,2025-12-03,PL Agency Ads,inactive,,,,10,Dzienny,0,0,0,W toku,Kliknięcia z 7 dni lub wyświetlenia z 1 dnia
2025-12-03,2025-12-03,RU Leads Poltrakt CE PL S/F Start 20.06.2026,inactive,,,,30,Dzienny,0,0,0,W toku,Kliknięcia z 7 dni lub wyświetlenia z 1 dnia
2025-12-03,2025-12-03,Leads RU Mrozek 100 eur,inactive,,,,10,Dzienny,0,0,0,W toku,Kliknięcia z 7 dni lub wyświetlenia z 1 dnia
2025-12-03,2025-12-03,Leads ENG Poltrakt Week/Cadence Poland,inactive,,,,20,Dzienny,0,0,0,W toku,Kliknięcia z 7 dni lub wyświetlenia z 1 dnia
2025-12-03,2025-12-03,PL Agency Ads Start 14.05.2026,inactive,,,,10,Dzienny,0,0,0,W toku,Kliknięcia z 7 dni lub wyświetlenia z 1 dnia
2025-12-03,2025-12-03,Poltrakt PL Magazynier,inactive,,,,5,Dzienny,0,0,0,W toku,Kliknięcia z 7 dni lub wyświetlenia z 1 dnia
2025-12-03,2025-12-03,Poltrakt Drivers CE Week/Full,inactive,,,,Użycie budżetu zestawu reklam,0,0,0,0,W toku,Kliknięcia z 7 dni lub wyświetlenia z 1 dnia
2025-12-03,2025-12-03,Poltrakt PL CE Italy/ pol leads,inactive,,,,11,Dzienny,0,0,0,W toku,Kliknięcia z 7 dni lub wyświetlenia z 1 dnia
2025-12-03,2025-12-03,Poltrakt PL CE Pol Leads,inactive,,,,7,Dzienny,0,0,0,W toku,Kliknięcia z 7 dni lub wyświetlenia z 1 dnia
2025-12-02,2025-12-02,Leads Agency PL,inactive,,,,10,Dzienny,0,0,0,W toku,Kliknięcia z 7 dni lub wyświetlenia z 1 dnia
2025-12-02,2025-12-02,Pracownik Magazynowy PL/ RU/ ENG Leads,inactive,,,,15,Dzienny,0,0,0,W toku,Kliknięcia z 7 dni lub wyświetlenia z 1 dnia
2025-12-02,2025-12-02,Leads RU Mrozek 100 eur,inactive,,,,10,Dzienny,0,0,0,W toku,Kliknięcia z 7 dni lub wyświetlenia z 1 dnia
2025-12-02,2025-12-02,Leads PL Dyspozytor Poltrakt,inactive,,,,10,Dzienny,0,0,0,W toku,Kliknięcia z 7 dni lub wyświetlenia z 1 dnia
2025-12-02,2025-12-02,Leads PL Dyspozytor Poltrakt,inactive,,,,10,Dzienny,0,0,0,W toku,Kliknięcia z 7 dni lub wyświetlenia z 1 dnia
2025-12-02,2025-12-02,PL Agency Ads,inactive,,,,10,Dzienny,0,0,0,W toku,Kliknięcia z 7 dni lub wyświetlenia z 1 dnia
2025-12-02,2025-12-02,RU Leads Poltrakt CE PL S/F Start 20.06.2026,inactive,,,,30,Dzienny,0,0,0,W toku,Kliknięcia z 7 dni lub wyświetlenia z 1 dnia
2025-12-02,2025-12-02,Leads RU Mrozek 100 eur,inactive,,,,10,Dzienny,0,0,0,W toku,Kliknięcia z 7 dni lub wyświetlenia z 1 dnia
2025-12-02,2025-12-02,Leads ENG Poltrakt Week/Cadence Poland,inactive,,,,20,Dzienny,0,0,0,W toku,Kliknięcia z 7 dni lub wyświetlenia z 1 dnia
2025-12-02,2025-12-02,PL Agency Ads Start 14.05.2026,inactive,,,,10,Dzienny,0,0,0,W toku,Kliknięcia z 7 dni lub wyświetlenia z 1 dnia
2025-12-02,2025-12-02,Poltrakt PL Magazynier,inactive,,,,5,Dzienny,0,0,0,W toku,Kliknięcia z 7 dni lub wyświetlenia z 1 dnia
2025-12-02,2025-12-02,Poltrakt Drivers CE Week/Full,inactive,,,,Użycie budżetu zestawu reklam,0,0,0,0,W toku,Kliknięcia z 7 dni lub wyświetlenia z 1 dnia
2025-12-02,2025-12-02,Poltrakt PL CE Italy/ pol leads,inactive,,,,11,Dzienny,0,0,0,W toku,Kliknięcia z 7 dni lub wyświetlenia z 1 dnia
2025-12-02,2025-12-02,Poltrakt PL CE Pol Leads,inactive,,,,7,Dzienny,0,0,0,W toku,Kliknięcia z 7 dni lub wyświetlenia z 1 dnia
2025-12-01,2025-12-01,Leads Agency PL,inactive,,,,10,Dzienny,0,0,0,W toku,Kliknięcia z 7 dni lub wyświetlenia z 1 dnia
2025-12-01,2025-12-01,Pracownik Magazynowy PL/ RU/ ENG Leads,inactive,,,,15,Dzienny,0,0,0,W toku,Kliknięcia z 7 dni lub wyświetlenia z 1 dnia
2025-12-01,2025-12-01,Leads RU Mrozek 100 eur,inactive,,,,10,Dzienny,0,0,0,W toku,Kliknięcia z 7 dni lub wyświetlenia z 1 dnia
2025-12-01,2025-12-01,Leads PL Dyspozytor Poltrakt,inactive,,,,10,Dzienny,0,0,0,W toku,Kliknięcia z 7 dni lub wyświetlenia z 1 dnia
2025-12-01,2025-12-01,Leads PL Dyspozytor Poltrakt,inactive,,,,10,Dzienny,0,0,0,W toku,Kliknięcia z 7 dni lub wyświetlenia z 1 dnia
2025-12-01,2025-12-01,PL Agency Ads,inactive,,,,10,Dzienny,0,0,0,W toku,Kliknięcia z 7 dni lub wyświetlenia z 1 dnia
2025-12-01,2025-12-01,RU Leads Poltrakt CE PL S/F Start 20.06.2026,inactive,,,,30,Dzienny,0,0,0,W toku,Kliknięcia z 7 dni lub wyświetlenia z 1 dnia
2025-12-01,2025-12-01,Leads RU Mrozek 100 eur,inactive,,,,10,Dzienny,0,0,0,W toku,Kliknięcia z 7 dni lub wyświetlenia z 1 dnia
2025-12-01,2025-12-01,Leads ENG Poltrakt Week/Cadence Poland,inactive,,,,20,Dzienny,0,0,0,W toku,Kliknięcia z 7 dni lub wyświetlenia z 1 dnia
2025-12-01,2025-12-01,PL Agency Ads Start 14.05.2026,inactive,,,,10,Dzienny,0,0,0,W toku,Kliknięcia z 7 dni lub wyświetlenia z 1 dnia
2025-12-01,2025-12-01,Poltrakt PL Magazynier,inactive,,,,5,Dzienny,0,0,0,W toku,Kliknięcia z 7 dni lub wyświetlenia z 1 dnia
2025-12-01,2025-12-01,Poltrakt Drivers CE Week/Full,inactive,,,,Użycie budżetu zestawu reklam,0,0,0,0,W toku,Kliknięcia z 7 dni lub wyświetlenia z 1 dnia
2025-12-01,2025-12-01,Poltrakt PL CE Italy/ pol leads,inactive,,,,11,Dzienny,0,0,0,W toku,Kliknięcia z 7 dni lub wyświetlenia z 1 dnia
2025-12-01,2025-12-01,Poltrakt PL CE Pol Leads,inactive,,,,7,Dzienny,0,0,0,W toku,Kliknięcia z 7 dni lub wyświetlenia z 1 dnia
2025-11-30,2025-11-30,Leads Agency PL,inactive,,,,10,Dzienny,0,0,0,W toku,Kliknięcia z 7 dni lub wyświetlenia z 1 dnia
2025-11-30,2025-11-30,Pracownik Magazynowy PL/ RU/ ENG Leads,inactive,,,,15,Dzienny,0,0,0,W toku,Kliknięcia z 7 dni lub wyświetlenia z 1 dnia
2025-11-30,2025-11-30,Leads RU Mrozek 100 eur,inactive,,,,10,Dzienny,0,0,0,W toku,Kliknięcia z 7 dni lub wyświetlenia z 1 dnia
2025-11-30,2025-11-30,Leads PL Dyspozytor Poltrakt,inactive,,,,10,Dzienny,0,0,0,W toku,Kliknięcia z 7 dni lub wyświetlenia z 1 dnia
2025-11-30,2025-11-30,Leads PL Dyspozytor Poltrakt,inactive,,,,10,Dzienny,0,0,0,W toku,Kliknięcia z 7 dni lub wyświetlenia z 1 dnia
2025-11-30,2025-11-30,PL Agency Ads,inactive,,,,10,Dzienny,0,0,0,W toku,Kliknięcia z 7 dni lub wyświetlenia z 1 dnia
2025-11-30,2025-11-30,RU Leads Poltrakt CE PL S/F Start 20.06.2026,inactive,,,,30,Dzienny,0,0,0,W toku,Kliknięcia z 7 dni lub wyświetlenia z 1 dnia
2025-11-30,2025-11-30,Leads RU Mrozek 100 eur,inactive,,,,10,Dzienny,0,0,0,W toku,Kliknięcia z 7 dni lub wyświetlenia z 1 dnia
2025-11-30,2025-11-30,Leads ENG Poltrakt Week/Cadence Poland,inactive,,,,20,Dzienny,0,0,0,W toku,Kliknięcia z 7 dni lub wyświetlenia z 1 dnia
2025-11-30,2025-11-30,PL Agency Ads Start 14.05.2026,inactive,,,,10,Dzienny,0,0,0,W toku,Kliknięcia z 7 dni lub wyświetlenia z 1 dnia
2025-11-30,2025-11-30,Poltrakt PL Magazynier,inactive,,,,5,Dzienny,0,0,0,W toku,Kliknięcia z 7 dni lub wyświetlenia z 1 dnia
2025-11-30,2025-11-30,Poltrakt Drivers CE Week/Full,inactive,,,,Użycie budżetu zestawu reklam,0,0,0,0,W toku,Kliknięcia z 7 dni lub wyświetlenia z 1 dnia
2025-11-30,2025-11-30,Poltrakt PL CE Italy/ pol leads,inactive,,,,11,Dzienny,0,0,0,W toku,Kliknięcia z 7 dni lub wyświetlenia z 1 dnia
2025-11-30,2025-11-30,Poltrakt PL CE Pol Leads,inactive,,,,7,Dzienny,0,0,0,W toku,Kliknięcia z 7 dni lub wyświetlenia z 1 dnia
2025-11-29,2025-11-29,Leads Agency PL,inactive,,,,10,Dzienny,0,0,0,W toku,Kliknięcia z 7 dni lub wyświetlenia z 1 dnia
2025-11-29,2025-11-29,Pracownik Magazynowy PL/ RU/ ENG Leads,inactive,,,,15,Dzienny,0,0,0,W toku,Kliknięcia z 7 dni lub wyświetlenia z 1 dnia
2025-11-29,2025-11-29,Leads RU Mrozek 100 eur,inactive,,,,10,Dzienny,0,0,0,W toku,Kliknięcia z 7 dni lub wyświetlenia z 1 dnia
2025-11-29,2025-11-29,Leads PL Dyspozytor Poltrakt,inactive,,,,10,Dzienny,0,0,0,W toku,Kliknięcia z 7 dni lub wyświetlenia z 1 dnia
2025-11-29,2025-11-29,Leads PL Dyspozytor Poltrakt,inactive,,,,10,Dzienny,0,0,0,W toku,Kliknięcia z 7 dni lub wyświetlenia z 1 dnia
2025-11-29,2025-11-29,PL Agency Ads,inactive,,,,10,Dzienny,0,0,0,W toku,Kliknięcia z 7 dni lub wyświetlenia z 1 dnia
2025-11-29,2025-11-29,RU Leads Poltrakt CE PL S/F Start 20.06.2026,inactive,,,,30,Dzienny,0,0,0,W toku,Kliknięcia z 7 dni lub wyświetlenia z 1 dnia
2025-11-29,2025-11-29,Leads RU Mrozek 100 eur,inactive,,,,10,Dzienny,0,0,0,W toku,Kliknięcia z 7 dni lub wyświetlenia z 1 dnia
2025-11-29,2025-11-29,Leads ENG Poltrakt Week/Cadence Poland,inactive,,,,20,Dzienny,0,0,0,W toku,Kliknięcia z 7 dni lub wyświetlenia z 1 dnia
2025-11-29,2025-11-29,PL Agency Ads Start 14.05.2026,inactive,,,,10,Dzienny,0,0,0,W toku,Kliknięcia z 7 dni lub wyświetlenia z 1 dnia
2025-11-29,2025-11-29,Poltrakt PL Magazynier,inactive,,,,5,Dzienny,0,0,0,W toku,Kliknięcia z 7 dni lub wyświetlenia z 1 dnia
2025-11-29,2025-11-29,Poltrakt Drivers CE Week/Full,inactive,,,,Użycie budżetu zestawu reklam,0,0,0,0,W toku,Kliknięcia z 7 dni lub wyświetlenia z 1 dnia
2025-11-29,2025-11-29,Poltrakt PL CE Italy/ pol leads,inactive,,,,11,Dzienny,0,0,0,W toku,Kliknięcia z 7 dni lub wyświetlenia z 1 dnia
2025-11-29,2025-11-29,Poltrakt PL CE Pol Leads,inactive,,,,7,Dzienny,0,0,0,W toku,Kliknięcia z 7 dni lub wyświetlenia z 1 dnia
2025-11-28,2025-11-28,Leads Agency PL,inactive,,,,10,Dzienny,0,0,0,W toku,Kliknięcia z 7 dni lub wyświetlenia z 1 dnia
2025-11-28,2025-11-28,Pracownik Magazynowy PL/ RU/ ENG Leads,inactive,,,,15,Dzienny,0,0,0,W toku,Kliknięcia z 7 dni lub wyświetlenia z 1 dnia
2025-11-28,2025-11-28,Leads RU Mrozek 100 eur,inactive,,,,10,Dzienny,0,0,0,W toku,Kliknięcia z 7 dni lub wyświetlenia z 1 dnia
2025-11-28,2025-11-28,Leads PL Dyspozytor Poltrakt,inactive,,,,10,Dzienny,0,0,0,W toku,Kliknięcia z 7 dni lub wyświetlenia z 1 dnia
2025-11-28,2025-11-28,Leads PL Dyspozytor Poltrakt,inactive,,,,10,Dzienny,0,0,0,W toku,Kliknięcia z 7 dni lub wyświetlenia z 1 dnia
2025-11-28,2025-11-28,PL Agency Ads,inactive,,,,10,Dzienny,0,0,0,W toku,Kliknięcia z 7 dni lub wyświetlenia z 1 dnia
2025-11-28,2025-11-28,RU Leads Poltrakt CE PL S/F Start 20.06.2026,inactive,,,,30,Dzienny,0,0,0,W toku,Kliknięcia z 7 dni lub wyświetlenia z 1 dnia
2025-11-28,2025-11-28,Leads RU Mrozek 100 eur,inactive,,,,10,Dzienny,0,0,0,W toku,Kliknięcia z 7 dni lub wyświetlenia z 1 dnia
2025-11-28,2025-11-28,Leads ENG Poltrakt Week/Cadence Poland,inactive,,,,20,Dzienny,0,0,0,W toku,Kliknięcia z 7 dni lub wyświetlenia z 1 dnia
2025-11-28,2025-11-28,PL Agency Ads Start 14.05.2026,inactive,,,,10,Dzienny,0,0,0,W toku,Kliknięcia z 7 dni lub wyświetlenia z 1 dnia
2025-11-28,2025-11-28,Poltrakt PL Magazynier,inactive,,,,5,Dzienny,0,0,0,W toku,Kliknięcia z 7 dni lub wyświetlenia z 1 dnia
2025-11-28,2025-11-28,Poltrakt Drivers CE Week/Full,inactive,,,,Użycie budżetu zestawu reklam,0,0,0,0,W toku,Kliknięcia z 7 dni lub wyświetlenia z 1 dnia
2025-11-28,2025-11-28,Poltrakt PL CE Italy/ pol leads,inactive,,,,11,Dzienny,0,0,0,W toku,Kliknięcia z 7 dni lub wyświetlenia z 1 dnia
2025-11-28,2025-11-28,Poltrakt PL CE Pol Leads,inactive,,,,7,Dzienny,0,0,0,W toku,Kliknięcia z 7 dni lub wyświetlenia z 1 dnia
2025-11-27,2025-11-27,Leads Agency PL,inactive,,,,10,Dzienny,0,0,0,W toku,Kliknięcia z 7 dni lub wyświetlenia z 1 dnia
2025-11-27,2025-11-27,Pracownik Magazynowy PL/ RU/ ENG Leads,inactive,,,,15,Dzienny,0,0,0,W toku,Kliknięcia z 7 dni lub wyświetlenia z 1 dnia
2025-11-27,2025-11-27,Leads RU Mrozek 100 eur,inactive,,,,10,Dzienny,0,0,0,W toku,Kliknięcia z 7 dni lub wyświetlenia z 1 dnia
2025-11-27,2025-11-27,Leads PL Dyspozytor Poltrakt,inactive,,,,10,Dzienny,0,0,0,W toku,Kliknięcia z 7 dni lub wyświetlenia z 1 dnia
2025-11-27,2025-11-27,Leads PL Dyspozytor Poltrakt,inactive,,,,10,Dzienny,0,0,0,W toku,Kliknięcia z 7 dni lub wyświetlenia z 1 dnia
2025-11-27,2025-11-27,PL Agency Ads,inactive,,,,10,Dzienny,0,0,0,W toku,Kliknięcia z 7 dni lub wyświetlenia z 1 dnia
2025-11-27,2025-11-27,RU Leads Poltrakt CE PL S/F Start 20.06.2026,inactive,,,,30,Dzienny,0,0,0,W toku,Kliknięcia z 7 dni lub wyświetlenia z 1 dnia
2025-11-27,2025-11-27,Leads RU Mrozek 100 eur,inactive,,,,10,Dzienny,0,0,0,W toku,Kliknięcia z 7 dni lub wyświetlenia z 1 dnia
2025-11-27,2025-11-27,Leads ENG Poltrakt Week/Cadence Poland,inactive,,,,20,Dzienny,0,0,0,W toku,Kliknięcia z 7 dni lub wyświetlenia z 1 dnia
2025-11-27,2025-11-27,PL Agency Ads Start 14.05.2026,inactive,,,,10,Dzienny,0,0,0,W toku,Kliknięcia z 7 dni lub wyświetlenia z 1 dnia
2025-11-27,2025-11-27,Poltrakt PL Magazynier,inactive,,,,5,Dzienny,0,0,0,W toku,Kliknięcia z 7 dni lub wyświetlenia z 1 dnia
2025-11-27,2025-11-27,Poltrakt Drivers CE Week/Full,inactive,,,,Użycie budżetu zestawu reklam,0,0,0,0,W toku,Kliknięcia z 7 dni lub wyświetlenia z 1 dnia
2025-11-27,2025-11-27,Poltrakt PL CE Italy/ pol leads,inactive,,,,11,Dzienny,0,0,0,W toku,Kliknięcia z 7 dni lub wyświetlenia z 1 dnia
2025-11-27,2025-11-27,Poltrakt PL CE Pol Leads,inactive,,,,7,Dzienny,0,0,0,W toku,Kliknięcia z 7 dni lub wyświetlenia z 1 dnia
2025-11-26,2025-11-26,Leads Agency PL,inactive,,,,10,Dzienny,0,0,0,W toku,Kliknięcia z 7 dni lub wyświetlenia z 1 dnia
2025-11-26,2025-11-26,Pracownik Magazynowy PL/ RU/ ENG Leads,inactive,,,,15,Dzienny,0,0,0,W toku,Kliknięcia z 7 dni lub wyświetlenia z 1 dnia
2025-11-26,2025-11-26,Leads RU Mrozek 100 eur,inactive,,,,10,Dzienny,0,0,0,W toku,Kliknięcia z 7 dni lub wyświetlenia z 1 dnia
2025-11-26,2025-11-26,Leads PL Dyspozytor Poltrakt,inactive,,,,10,Dzienny,0,0,0,W toku,Kliknięcia z 7 dni lub wyświetlenia z 1 dnia
2025-11-26,2025-11-26,Leads PL Dyspozytor Poltrakt,inactive,,,,10,Dzienny,0,0,0,W toku,Kliknięcia z 7 dni lub wyświetlenia z 1 dnia
2025-11-26,2025-11-26,PL Agency Ads,inactive,,,,10,Dzienny,0,0,0,W toku,Kliknięcia z 7 dni lub wyświetlenia z 1 dnia
2025-11-26,2025-11-26,RU Leads Poltrakt CE PL S/F Start 20.06.2026,inactive,,,,30,Dzienny,0,0,0,W toku,Kliknięcia z 7 dni lub wyświetlenia z 1 dnia
2025-11-26,2025-11-26,Leads RU Mrozek 100 eur,inactive,,,,10,Dzienny,0,0,0,W toku,Kliknięcia z 7 dni lub wyświetlenia z 1 dnia
2025-11-26,2025-11-26,Leads ENG Poltrakt Week/Cadence Poland,inactive,,,,20,Dzienny,0,0,0,W toku,Kliknięcia z 7 dni lub wyświetlenia z 1 dnia
2025-11-26,2025-11-26,PL Agency Ads Start 14.05.2026,inactive,,,,10,Dzienny,0,0,0,W toku,Kliknięcia z 7 dni lub wyświetlenia z 1 dnia
2025-11-26,2025-11-26,Poltrakt PL Magazynier,inactive,,,,5,Dzienny,0,0,0,W toku,Kliknięcia z 7 dni lub wyświetlenia z 1 dnia
2025-11-26,2025-11-26,Poltrakt Drivers CE Week/Full,inactive,,,,Użycie budżetu zestawu reklam,0,0,0,0,W toku,Kliknięcia z 7 dni lub wyświetlenia z 1 dnia
2025-11-26,2025-11-26,Poltrakt PL CE Italy/ pol leads,inactive,,,,11,Dzienny,0,0,0,W toku,Kliknięcia z 7 dni lub wyświetlenia z 1 dnia
2025-11-26,2025-11-26,Poltrakt PL CE Pol Leads,inactive,,,,7,Dzienny,0,0,0,W toku,Kliknięcia z 7 dni lub wyświetlenia z 1 dnia
2025-11-25,2025-11-25,Leads Agency PL,inactive,,,,10,Dzienny,0,0,0,W toku,Kliknięcia z 7 dni lub wyświetlenia z 1 dnia
2025-11-25,2025-11-25,Pracownik Magazynowy PL/ RU/ ENG Leads,inactive,,,,15,Dzienny,0,0,0,W toku,Kliknięcia z 7 dni lub wyświetlenia z 1 dnia
2025-11-25,2025-11-25,Leads RU Mrozek 100 eur,inactive,,,,10,Dzienny,0,0,0,W toku,Kliknięcia z 7 dni lub wyświetlenia z 1 dnia
2025-11-25,2025-11-25,Leads PL Dyspozytor Poltrakt,inactive,,,,10,Dzienny,0,0,0,W toku,Kliknięcia z 7 dni lub wyświetlenia z 1 dnia
2025-11-25,2025-11-25,Leads PL Dyspozytor Poltrakt,inactive,,,,10,Dzienny,0,0,0,W toku,Kliknięcia z 7 dni lub wyświetlenia z 1 dnia
2025-11-25,2025-11-25,PL Agency Ads,inactive,,,,10,Dzienny,0,0,0,W toku,Kliknięcia z 7 dni lub wyświetlenia z 1 dnia
2025-11-25,2025-11-25,RU Leads Poltrakt CE PL S/F Start 20.06.2026,inactive,,,,30,Dzienny,0,0,0,W toku,Kliknięcia z 7 dni lub wyświetlenia z 1 dnia
2025-11-25,2025-11-25,Leads RU Mrozek 100 eur,inactive,,,,10,Dzienny,0,0,0,W toku,Kliknięcia z 7 dni lub wyświetlenia z 1 dnia
2025-11-25,2025-11-25,Leads ENG Poltrakt Week/Cadence Poland,inactive,,,,20,Dzienny,0,0,0,W toku,Kliknięcia z 7 dni lub wyświetlenia z 1 dnia
2025-11-25,2025-11-25,PL Agency Ads Start 14.05.2026,inactive,,,,10,Dzienny,0,0,0,W toku,Kliknięcia z 7 dni lub wyświetlenia z 1 dnia
2025-11-25,2025-11-25,Poltrakt PL Magazynier,inactive,,,,5,Dzienny,0,0,0,W toku,Kliknięcia z 7 dni lub wyświetlenia z 1 dnia
2025-11-25,2025-11-25,Poltrakt Drivers CE Week/Full,inactive,,,,Użycie budżetu zestawu reklam,0,0,0,0,W toku,Kliknięcia z 7 dni lub wyświetlenia z 1 dnia
2025-11-25,2025-11-25,Poltrakt PL CE Italy/ pol leads,inactive,,,,11,Dzienny,0,0,0,W toku,Kliknięcia z 7 dni lub wyświetlenia z 1 dnia
2025-11-25,2025-11-25,Poltrakt PL CE Pol Leads,inactive,,,,7,Dzienny,0,0,0,W toku,Kliknięcia z 7 dni lub wyświetlenia z 1 dnia
2025-11-24,2025-11-24,Leads Agency PL,inactive,,,,10,Dzienny,0,0,0,W toku,Kliknięcia z 7 dni lub wyświetlenia z 1 dnia
2025-11-24,2025-11-24,Pracownik Magazynowy PL/ RU/ ENG Leads,inactive,,,,15,Dzienny,0,0,0,W toku,Kliknięcia z 7 dni lub wyświetlenia z 1 dnia
2025-11-24,2025-11-24,Leads RU Mrozek 100 eur,inactive,,,,10,Dzienny,0,0,0,W toku,Kliknięcia z 7 dni lub wyświetlenia z 1 dnia
2025-11-24,2025-11-24,Leads PL Dyspozytor Poltrakt,inactive,,,,10,Dzienny,0,0,0,W toku,Kliknięcia z 7 dni lub wyświetlenia z 1 dnia
2025-11-24,2025-11-24,Leads PL Dyspozytor Poltrakt,inactive,,,,10,Dzienny,0,0,0,W toku,Kliknięcia z 7 dni lub wyświetlenia z 1 dnia
2025-11-24,2025-11-24,PL Agency Ads,inactive,,,,10,Dzienny,0,0,0,W toku,Kliknięcia z 7 dni lub wyświetlenia z 1 dnia
2025-11-24,2025-11-24,RU Leads Poltrakt CE PL S/F Start 20.06.2026,inactive,,,,30,Dzienny,0,0,0,W toku,Kliknięcia z 7 dni lub wyświetlenia z 1 dnia
2025-11-24,2025-11-24,Leads RU Mrozek 100 eur,inactive,,,,10,Dzienny,0,0,0,W toku,Kliknięcia z 7 dni lub wyświetlenia z 1 dnia
2025-11-24,2025-11-24,Leads ENG Poltrakt Week/Cadence Poland,inactive,,,,20,Dzienny,0,0,0,W toku,Kliknięcia z 7 dni lub wyświetlenia z 1 dnia
2025-11-24,2025-11-24,PL Agency Ads Start 14.05.2026,inactive,,,,10,Dzienny,0,0,0,W toku,Kliknięcia z 7 dni lub wyświetlenia z 1 dnia
2025-11-24,2025-11-24,Poltrakt PL Magazynier,inactive,,,,5,Dzienny,0,0,0,W toku,Kliknięcia z 7 dni lub wyświetlenia z 1 dnia
2025-11-24,2025-11-24,Poltrakt Drivers CE Week/Full,inactive,,,,Użycie budżetu zestawu reklam,0,0,0,0,W toku,Kliknięcia z 7 dni lub wyświetlenia z 1 dnia
2025-11-24,2025-11-24,Poltrakt PL CE Italy/ pol leads,inactive,,,,11,Dzienny,0,0,0,W toku,Kliknięcia z 7 dni lub wyświetlenia z 1 dnia
2025-11-24,2025-11-24,Poltrakt PL CE Pol Leads,inactive,,,,7,Dzienny,0,0,0,W toku,Kliknięcia z 7 dni lub wyświetlenia z 1 dnia
2025-11-23,2025-11-23,Leads Agency PL,inactive,,,,10,Dzienny,0,0,0,W toku,Kliknięcia z 7 dni lub wyświetlenia z 1 dnia
2025-11-23,2025-11-23,Pracownik Magazynowy PL/ RU/ ENG Leads,inactive,,,,15,Dzienny,0,0,0,W toku,Kliknięcia z 7 dni lub wyświetlenia z 1 dnia
2025-11-23,2025-11-23,Leads RU Mrozek 100 eur,inactive,,,,10,Dzienny,0,0,0,W toku,Kliknięcia z 7 dni lub wyświetlenia z 1 dnia
2025-11-23,2025-11-23,Leads PL Dyspozytor Poltrakt,inactive,,,,10,Dzienny,0,0,0,W toku,Kliknięcia z 7 dni lub wyświetlenia z 1 dnia
2025-11-23,2025-11-23,Leads PL Dyspozytor Poltrakt,inactive,,,,10,Dzienny,0,0,0,W toku,Kliknięcia z 7 dni lub wyświetlenia z 1 dnia
2025-11-23,2025-11-23,PL Agency Ads,inactive,,,,10,Dzienny,0,0,0,W toku,Kliknięcia z 7 dni lub wyświetlenia z 1 dnia
2025-11-23,2025-11-23,RU Leads Poltrakt CE PL S/F Start 20.06.2026,inactive,,,,30,Dzienny,0,0,0,W toku,Kliknięcia z 7 dni lub wyświetlenia z 1 dnia
2025-11-23,2025-11-23,Leads RU Mrozek 100 eur,inactive,,,,10,Dzienny,0,0,0,W toku,Kliknięcia z 7 dni lub wyświetlenia z 1 dnia
2025-11-23,2025-11-23,Leads ENG Poltrakt Week/Cadence Poland,inactive,,,,20,Dzienny,0,0,0,W toku,Kliknięcia z 7 dni lub wyświetlenia z 1 dnia
2025-11-23,2025-11-23,PL Agency Ads Start 14.05.2026,inactive,,,,10,Dzienny,0,0,0,W toku,Kliknięcia z 7 dni lub wyświetlenia z 1 dnia
2025-11-23,2025-11-23,Poltrakt PL Magazynier,inactive,,,,5,Dzienny,0,0,0,W toku,Kliknięcia z 7 dni lub wyświetlenia z 1 dnia
2025-11-23,2025-11-23,Poltrakt Drivers CE Week/Full,inactive,,,,Użycie budżetu zestawu reklam,0,0,0,0,W toku,Kliknięcia z 7 dni lub wyświetlenia z 1 dnia
2025-11-23,2025-11-23,Poltrakt PL CE Italy/ pol leads,inactive,,,,11,Dzienny,0,0,0,W toku,Kliknięcia z 7 dni lub wyświetlenia z 1 dnia
2025-11-23,2025-11-23,Poltrakt PL CE Pol Leads,inactive,,,,7,Dzienny,0,0,0,W toku,Kliknięcia z 7 dni lub wyświetlenia z 1 dnia
2025-11-22,2025-11-22,Leads Agency PL,inactive,,,,10,Dzienny,0,0,0,W toku,Kliknięcia z 7 dni lub wyświetlenia z 1 dnia
2025-11-22,2025-11-22,Pracownik Magazynowy PL/ RU/ ENG Leads,inactive,,,,15,Dzienny,0,0,0,W toku,Kliknięcia z 7 dni lub wyświetlenia z 1 dnia
2025-11-22,2025-11-22,Leads RU Mrozek 100 eur,inactive,,,,10,Dzienny,0,0,0,W toku,Kliknięcia z 7 dni lub wyświetlenia z 1 dnia
2025-11-22,2025-11-22,Leads PL Dyspozytor Poltrakt,inactive,,,,10,Dzienny,0,0,0,W toku,Kliknięcia z 7 dni lub wyświetlenia z 1 dnia
2025-11-22,2025-11-22,Leads PL Dyspozytor Poltrakt,inactive,,,,10,Dzienny,0,0,0,W toku,Kliknięcia z 7 dni lub wyświetlenia z 1 dnia
2025-11-22,2025-11-22,PL Agency Ads,inactive,,,,10,Dzienny,0,0,0,W toku,Kliknięcia z 7 dni lub wyświetlenia z 1 dnia
2025-11-22,2025-11-22,RU Leads Poltrakt CE PL S/F Start 20.06.2026,inactive,,,,30,Dzienny,0,0,0,W toku,Kliknięcia z 7 dni lub wyświetlenia z 1 dnia
2025-11-22,2025-11-22,Leads RU Mrozek 100 eur,inactive,,,,10,Dzienny,0,0,0,W toku,Kliknięcia z 7 dni lub wyświetlenia z 1 dnia
2025-11-22,2025-11-22,Leads ENG Poltrakt Week/Cadence Poland,inactive,,,,20,Dzienny,0,0,0,W toku,Kliknięcia z 7 dni lub wyświetlenia z 1 dnia
2025-11-22,2025-11-22,PL Agency Ads Start 14.05.2026,inactive,,,,10,Dzienny,0,0,0,W toku,Kliknięcia z 7 dni lub wyświetlenia z 1 dnia
2025-11-22,2025-11-22,Poltrakt PL Magazynier,inactive,,,,5,Dzienny,0,0,0,W toku,Kliknięcia z 7 dni lub wyświetlenia z 1 dnia
2025-11-22,2025-11-22,Poltrakt Drivers CE Week/Full,inactive,,,,Użycie budżetu zestawu reklam,0,0,0,0,W toku,Kliknięcia z 7 dni lub wyświetlenia z 1 dnia
2025-11-22,2025-11-22,Poltrakt PL CE Italy/ pol leads,inactive,,,,11,Dzienny,0,0,0,W toku,Kliknięcia z 7 dni lub wyświetlenia z 1 dnia
2025-11-22,2025-11-22,Poltrakt PL CE Pol Leads,inactive,,,,7,Dzienny,0,0,0,W toku,Kliknięcia z 7 dni lub wyświetlenia z 1 dnia
2025-11-21,2025-11-21,Leads Agency PL,inactive,,,,10,Dzienny,0,0,0,W toku,Kliknięcia z 7 dni lub wyświetlenia z 1 dnia
2025-11-21,2025-11-21,Pracownik Magazynowy PL/ RU/ ENG Leads,inactive,,,,15,Dzienny,0,0,0,W toku,Kliknięcia z 7 dni lub wyświetlenia z 1 dnia
2025-11-21,2025-11-21,Leads RU Mrozek 100 eur,inactive,,,,10,Dzienny,0,0,0,W toku,Kliknięcia z 7 dni lub wyświetlenia z 1 dnia
2025-11-21,2025-11-21,Leads PL Dyspozytor Poltrakt,inactive,,,,10,Dzienny,0,0,0,W toku,Kliknięcia z 7 dni lub wyświetlenia z 1 dnia
2025-11-21,2025-11-21,Leads PL Dyspozytor Poltrakt,inactive,,,,10,Dzienny,0,0,0,W toku,Kliknięcia z 7 dni lub wyświetlenia z 1 dnia
2025-11-21,2025-11-21,PL Agency Ads,inactive,,,,10,Dzienny,0,0,0,W toku,Kliknięcia z 7 dni lub wyświetlenia z 1 dnia
2025-11-21,2025-11-21,RU Leads Poltrakt CE PL S/F Start 20.06.2026,inactive,,,,30,Dzienny,0,0,0,W toku,Kliknięcia z 7 dni lub wyświetlenia z 1 dnia
2025-11-21,2025-11-21,Leads RU Mrozek 100 eur,inactive,,,,10,Dzienny,0,0,0,W toku,Kliknięcia z 7 dni lub wyświetlenia z 1 dnia
2025-11-21,2025-11-21,Leads ENG Poltrakt Week/Cadence Poland,inactive,,,,20,Dzienny,0,0,0,W toku,Kliknięcia z 7 dni lub wyświetlenia z 1 dnia
2025-11-21,2025-11-21,PL Agency Ads Start 14.05.2026,inactive,,,,10,Dzienny,0,0,0,W toku,Kliknięcia z 7 dni lub wyświetlenia z 1 dnia
2025-11-21,2025-11-21,Poltrakt PL Magazynier,inactive,,,,5,Dzienny,0,0,0,W toku,Kliknięcia z 7 dni lub wyświetlenia z 1 dnia
2025-11-21,2025-11-21,Poltrakt Drivers CE Week/Full,inactive,,,,Użycie budżetu zestawu reklam,0,0,0,0,W toku,Kliknięcia z 7 dni lub wyświetlenia z 1 dnia
2025-11-21,2025-11-21,Poltrakt PL CE Italy/ pol leads,inactive,,,,11,Dzienny,0,0,0,W toku,Kliknięcia z 7 dni lub wyświetlenia z 1 dnia
2025-11-21,2025-11-21,Poltrakt PL CE Pol Leads,inactive,,,,7,Dzienny,0,0,0,W toku,Kliknięcia z 7 dni lub wyświetlenia z 1 dnia
2025-11-20,2025-11-20,Leads Agency PL,inactive,,,,10,Dzienny,0,0,0,W toku,Kliknięcia z 7 dni lub wyświetlenia z 1 dnia
2025-11-20,2025-11-20,Pracownik Magazynowy PL/ RU/ ENG Leads,inactive,,,,15,Dzienny,0,0,0,W toku,Kliknięcia z 7 dni lub wyświetlenia z 1 dnia
2025-11-20,2025-11-20,Leads RU Mrozek 100 eur,inactive,,,,10,Dzienny,0,0,0,W toku,Kliknięcia z 7 dni lub wyświetlenia z 1 dnia
2025-11-20,2025-11-20,Leads PL Dyspozytor Poltrakt,inactive,,,,10,Dzienny,0,0,0,W toku,Kliknięcia z 7 dni lub wyświetlenia z 1 dnia
2025-11-20,2025-11-20,Leads PL Dyspozytor Poltrakt,inactive,,,,10,Dzienny,0,0,0,W toku,Kliknięcia z 7 dni lub wyświetlenia z 1 dnia
2025-11-20,2025-11-20,PL Agency Ads,inactive,,,,10,Dzienny,0,0,0,W toku,Kliknięcia z 7 dni lub wyświetlenia z 1 dnia
2025-11-20,2025-11-20,RU Leads Poltrakt CE PL S/F Start 20.06.2026,inactive,,,,30,Dzienny,0,0,0,W toku,Kliknięcia z 7 dni lub wyświetlenia z 1 dnia
2025-11-20,2025-11-20,Leads RU Mrozek 100 eur,inactive,,,,10,Dzienny,0,0,0,W toku,Kliknięcia z 7 dni lub wyświetlenia z 1 dnia
2025-11-20,2025-11-20,Leads ENG Poltrakt Week/Cadence Poland,inactive,,,,20,Dzienny,0,0,0,W toku,Kliknięcia z 7 dni lub wyświetlenia z 1 dnia
2025-11-20,2025-11-20,PL Agency Ads Start 14.05.2026,inactive,,,,10,Dzienny,0,0,0,W toku,Kliknięcia z 7 dni lub wyświetlenia z 1 dnia
2025-11-20,2025-11-20,Poltrakt PL Magazynier,inactive,,,,5,Dzienny,0,0,0,W toku,Kliknięcia z 7 dni lub wyświetlenia z 1 dnia
2025-11-20,2025-11-20,Poltrakt Drivers CE Week/Full,inactive,,,,Użycie budżetu zestawu reklam,0,0,0,0,W toku,Kliknięcia z 7 dni lub wyświetlenia z 1 dnia
2025-11-20,2025-11-20,Poltrakt PL CE Italy/ pol leads,inactive,,,,11,Dzienny,0,0,0,W toku,Kliknięcia z 7 dni lub wyświetlenia z 1 dnia
2025-11-20,2025-11-20,Poltrakt PL CE Pol Leads,inactive,,,,7,Dzienny,0,0,0,W toku,Kliknięcia z 7 dni lub wyświetlenia z 1 dnia
2025-11-19,2025-11-19,Leads Agency PL,inactive,,,,10,Dzienny,0,0,0,W toku,Kliknięcia z 7 dni lub wyświetlenia z 1 dnia
2025-11-19,2025-11-19,Pracownik Magazynowy PL/ RU/ ENG Leads,inactive,,,,15,Dzienny,0,0,0,W toku,Kliknięcia z 7 dni lub wyświetlenia z 1 dnia
2025-11-19,2025-11-19,Leads RU Mrozek 100 eur,inactive,,,,10,Dzienny,0,0,0,W toku,Kliknięcia z 7 dni lub wyświetlenia z 1 dnia
2025-11-19,2025-11-19,Leads PL Dyspozytor Poltrakt,inactive,,,,10,Dzienny,0,0,0,W toku,Kliknięcia z 7 dni lub wyświetlenia z 1 dnia
2025-11-19,2025-11-19,Leads PL Dyspozytor Poltrakt,inactive,,,,10,Dzienny,0,0,0,W toku,Kliknięcia z 7 dni lub wyświetlenia z 1 dnia
2025-11-19,2025-11-19,PL Agency Ads,inactive,,,,10,Dzienny,0,0,0,W toku,Kliknięcia z 7 dni lub wyświetlenia z 1 dnia
2025-11-19,2025-11-19,RU Leads Poltrakt CE PL S/F Start 20.06.2026,inactive,,,,30,Dzienny,0,0,0,W toku,Kliknięcia z 7 dni lub wyświetlenia z 1 dnia
2025-11-19,2025-11-19,Leads RU Mrozek 100 eur,inactive,,,,10,Dzienny,0,0,0,W toku,Kliknięcia z 7 dni lub wyświetlenia z 1 dnia
2025-11-19,2025-11-19,Leads ENG Poltrakt Week/Cadence Poland,inactive,,,,20,Dzienny,0,0,0,W toku,Kliknięcia z 7 dni lub wyświetlenia z 1 dnia
2025-11-19,2025-11-19,PL Agency Ads Start 14.05.2026,inactive,,,,10,Dzienny,0,0,0,W toku,Kliknięcia z 7 dni lub wyświetlenia z 1 dnia
2025-11-19,2025-11-19,Poltrakt PL Magazynier,inactive,,,,5,Dzienny,0,0,0,W toku,Kliknięcia z 7 dni lub wyświetlenia z 1 dnia
2025-11-19,2025-11-19,Poltrakt Drivers CE Week/Full,inactive,,,,Użycie budżetu zestawu reklam,0,0,0,0,W toku,Kliknięcia z 7 dni lub wyświetlenia z 1 dnia
2025-11-19,2025-11-19,Poltrakt PL CE Italy/ pol leads,inactive,,,,11,Dzienny,0,0,0,W toku,Kliknięcia z 7 dni lub wyświetlenia z 1 dnia
2025-11-19,2025-11-19,Poltrakt PL CE Pol Leads,inactive,,,,7,Dzienny,0,0,0,W toku,Kliknięcia z 7 dni lub wyświetlenia z 1 dnia
2025-11-18,2025-11-18,Leads Agency PL,inactive,,,,10,Dzienny,0,0,0,W toku,Kliknięcia z 7 dni lub wyświetlenia z 1 dnia
2025-11-18,2025-11-18,Pracownik Magazynowy PL/ RU/ ENG Leads,inactive,,,,15,Dzienny,0,0,0,W toku,Kliknięcia z 7 dni lub wyświetlenia z 1 dnia
2025-11-18,2025-11-18,Leads RU Mrozek 100 eur,inactive,,,,10,Dzienny,0,0,0,W toku,Kliknięcia z 7 dni lub wyświetlenia z 1 dnia
2025-11-18,2025-11-18,Leads PL Dyspozytor Poltrakt,inactive,,,,10,Dzienny,0,0,0,W toku,Kliknięcia z 7 dni lub wyświetlenia z 1 dnia
2025-11-18,2025-11-18,Leads PL Dyspozytor Poltrakt,inactive,,,,10,Dzienny,0,0,0,W toku,Kliknięcia z 7 dni lub wyświetlenia z 1 dnia
2025-11-18,2025-11-18,PL Agency Ads,inactive,,,,10,Dzienny,0,0,0,W toku,Kliknięcia z 7 dni lub wyświetlenia z 1 dnia
2025-11-18,2025-11-18,RU Leads Poltrakt CE PL S/F Start 20.06.2026,inactive,,,,30,Dzienny,0,0,0,W toku,Kliknięcia z 7 dni lub wyświetlenia z 1 dnia
2025-11-18,2025-11-18,Leads RU Mrozek 100 eur,inactive,,,,10,Dzienny,0,0,0,W toku,Kliknięcia z 7 dni lub wyświetlenia z 1 dnia
2025-11-18,2025-11-18,Leads ENG Poltrakt Week/Cadence Poland,inactive,,,,20,Dzienny,0,0,0,W toku,Kliknięcia z 7 dni lub wyświetlenia z 1 dnia
2025-11-18,2025-11-18,PL Agency Ads Start 14.05.2026,inactive,,,,10,Dzienny,0,0,0,W toku,Kliknięcia z 7 dni lub wyświetlenia z 1 dnia
2025-11-18,2025-11-18,Poltrakt PL Magazynier,inactive,,,,5,Dzienny,0,0,0,W toku,Kliknięcia z 7 dni lub wyświetlenia z 1 dnia
2025-11-18,2025-11-18,Poltrakt Drivers CE Week/Full,inactive,,,,Użycie budżetu zestawu reklam,0,0,0,0,W toku,Kliknięcia z 7 dni lub wyświetlenia z 1 dnia
2025-11-18,2025-11-18,Poltrakt PL CE Italy/ pol leads,inactive,,,,11,Dzienny,0,0,0,W toku,Kliknięcia z 7 dni lub wyświetlenia z 1 dnia
2025-11-18,2025-11-18,Poltrakt PL CE Pol Leads,inactive,,,,7,Dzienny,0,0,0,W toku,Kliknięcia z 7 dni lub wyświetlenia z 1 dnia
2025-11-17,2025-11-17,Leads Agency PL,inactive,,,,10,Dzienny,0,0,0,W toku,Kliknięcia z 7 dni lub wyświetlenia z 1 dnia
2025-11-17,2025-11-17,Pracownik Magazynowy PL/ RU/ ENG Leads,inactive,,,,15,Dzienny,0,0,0,W toku,Kliknięcia z 7 dni lub wyświetlenia z 1 dnia
2025-11-17,2025-11-17,Leads RU Mrozek 100 eur,inactive,,,,10,Dzienny,0,0,0,W toku,Kliknięcia z 7 dni lub wyświetlenia z 1 dnia
2025-11-17,2025-11-17,Leads PL Dyspozytor Poltrakt,inactive,,,,10,Dzienny,0,0,0,W toku,Kliknięcia z 7 dni lub wyświetlenia z 1 dnia
2025-11-17,2025-11-17,Leads PL Dyspozytor Poltrakt,inactive,,,,10,Dzienny,0,0,0,W toku,Kliknięcia z 7 dni lub wyświetlenia z 1 dnia
2025-11-17,2025-11-17,PL Agency Ads,inactive,,,,10,Dzienny,0,0,0,W toku,Kliknięcia z 7 dni lub wyświetlenia z 1 dnia
2025-11-17,2025-11-17,RU Leads Poltrakt CE PL S/F Start 20.06.2026,inactive,,,,30,Dzienny,0,0,0,W toku,Kliknięcia z 7 dni lub wyświetlenia z 1 dnia
2025-11-17,2025-11-17,Leads RU Mrozek 100 eur,inactive,,,,10,Dzienny,0,0,0,W toku,Kliknięcia z 7 dni lub wyświetlenia z 1 dnia
2025-11-17,2025-11-17,Leads ENG Poltrakt Week/Cadence Poland,inactive,,,,20,Dzienny,0,0,0,W toku,Kliknięcia z 7 dni lub wyświetlenia z 1 dnia
2025-11-17,2025-11-17,PL Agency Ads Start 14.05.2026,inactive,,,,10,Dzienny,0,0,0,W toku,Kliknięcia z 7 dni lub wyświetlenia z 1 dnia
2025-11-17,2025-11-17,Poltrakt PL Magazynier,inactive,,,,5,Dzienny,0,0,0,W toku,Kliknięcia z 7 dni lub wyświetlenia z 1 dnia
2025-11-17,2025-11-17,Poltrakt Drivers CE Week/Full,inactive,,,,Użycie budżetu zestawu reklam,0,0,0,0,W toku,Kliknięcia z 7 dni lub wyświetlenia z 1 dnia
2025-11-17,2025-11-17,Poltrakt PL CE Italy/ pol leads,inactive,,,,11,Dzienny,0,0,0,W toku,Kliknięcia z 7 dni lub wyświetlenia z 1 dnia
2025-11-17,2025-11-17,Poltrakt PL CE Pol Leads,inactive,,,,7,Dzienny,0,0,0,W toku,Kliknięcia z 7 dni lub wyświetlenia z 1 dnia
2025-11-16,2025-11-16,Leads Agency PL,inactive,,,,10,Dzienny,0,0,0,W toku,Kliknięcia z 7 dni lub wyświetlenia z 1 dnia
2025-11-16,2025-11-16,Pracownik Magazynowy PL/ RU/ ENG Leads,inactive,,,,15,Dzienny,0,0,0,W toku,Kliknięcia z 7 dni lub wyświetlenia z 1 dnia
2025-11-16,2025-11-16,Leads RU Mrozek 100 eur,inactive,,,,10,Dzienny,0,0,0,W toku,Kliknięcia z 7 dni lub wyświetlenia z 1 dnia
2025-11-16,2025-11-16,Leads PL Dyspozytor Poltrakt,inactive,,,,10,Dzienny,0,0,0,W toku,Kliknięcia z 7 dni lub wyświetlenia z 1 dnia
2025-11-16,2025-11-16,Leads PL Dyspozytor Poltrakt,inactive,,,,10,Dzienny,0,0,0,W toku,Kliknięcia z 7 dni lub wyświetlenia z 1 dnia
2025-11-16,2025-11-16,PL Agency Ads,inactive,,,,10,Dzienny,0,0,0,W toku,Kliknięcia z 7 dni lub wyświetlenia z 1 dnia
2025-11-16,2025-11-16,RU Leads Poltrakt CE PL S/F Start 20.06.2026,inactive,,,,30,Dzienny,0,0,0,W toku,Kliknięcia z 7 dni lub wyświetlenia z 1 dnia
2025-11-16,2025-11-16,Leads RU Mrozek 100 eur,inactive,,,,10,Dzienny,0,0,0,W toku,Kliknięcia z 7 dni lub wyświetlenia z 1 dnia
2025-11-16,2025-11-16,Leads ENG Poltrakt Week/Cadence Poland,inactive,,,,20,Dzienny,0,0,0,W toku,Kliknięcia z 7 dni lub wyświetlenia z 1 dnia
2025-11-16,2025-11-16,PL Agency Ads Start 14.05.2026,inactive,,,,10,Dzienny,0,0,0,W toku,Kliknięcia z 7 dni lub wyświetlenia z 1 dnia
2025-11-16,2025-11-16,Poltrakt PL Magazynier,inactive,,,,5,Dzienny,0,0,0,W toku,Kliknięcia z 7 dni lub wyświetlenia z 1 dnia
2025-11-16,2025-11-16,Poltrakt Drivers CE Week/Full,inactive,,,,Użycie budżetu zestawu reklam,0,0,0,0,W toku,Kliknięcia z 7 dni lub wyświetlenia z 1 dnia
2025-11-16,2025-11-16,Poltrakt PL CE Italy/ pol leads,inactive,,,,11,Dzienny,0,0,0,W toku,Kliknięcia z 7 dni lub wyświetlenia z 1 dnia
2025-11-16,2025-11-16,Poltrakt PL CE Pol Leads,inactive,,,,7,Dzienny,0,0,0,W toku,Kliknięcia z 7 dni lub wyświetlenia z 1 dnia
2025-11-15,2025-11-15,Leads Agency PL,inactive,,,,10,Dzienny,0,0,0,W toku,Kliknięcia z 7 dni lub wyświetlenia z 1 dnia
2025-11-15,2025-11-15,Pracownik Magazynowy PL/ RU/ ENG Leads,inactive,,,,15,Dzienny,0,0,0,W toku,Kliknięcia z 7 dni lub wyświetlenia z 1 dnia
2025-11-15,2025-11-15,Leads RU Mrozek 100 eur,inactive,,,,10,Dzienny,0,0,0,W toku,Kliknięcia z 7 dni lub wyświetlenia z 1 dnia
2025-11-15,2025-11-15,Leads PL Dyspozytor Poltrakt,inactive,,,,10,Dzienny,0,0,0,W toku,Kliknięcia z 7 dni lub wyświetlenia z 1 dnia
2025-11-15,2025-11-15,Leads PL Dyspozytor Poltrakt,inactive,,,,10,Dzienny,0,0,0,W toku,Kliknięcia z 7 dni lub wyświetlenia z 1 dnia
2025-11-15,2025-11-15,PL Agency Ads,inactive,,,,10,Dzienny,0,0,0,W toku,Kliknięcia z 7 dni lub wyświetlenia z 1 dnia
2025-11-15,2025-11-15,RU Leads Poltrakt CE PL S/F Start 20.06.2026,inactive,,,,30,Dzienny,0,0,0,W toku,Kliknięcia z 7 dni lub wyświetlenia z 1 dnia
2025-11-15,2025-11-15,Leads RU Mrozek 100 eur,inactive,,,,10,Dzienny,0,0,0,W toku,Kliknięcia z 7 dni lub wyświetlenia z 1 dnia
2025-11-15,2025-11-15,Leads ENG Poltrakt Week/Cadence Poland,inactive,,,,20,Dzienny,0,0,0,W toku,Kliknięcia z 7 dni lub wyświetlenia z 1 dnia
2025-11-15,2025-11-15,PL Agency Ads Start 14.05.2026,inactive,,,,10,Dzienny,0,0,0,W toku,Kliknięcia z 7 dni lub wyświetlenia z 1 dnia
2025-11-15,2025-11-15,Poltrakt PL Magazynier,inactive,,,,5,Dzienny,0,0,0,W toku,Kliknięcia z 7 dni lub wyświetlenia z 1 dnia
2025-11-15,2025-11-15,Poltrakt Drivers CE Week/Full,inactive,,,,Użycie budżetu zestawu reklam,0,0,0,0,W toku,Kliknięcia z 7 dni lub wyświetlenia z 1 dnia
2025-11-15,2025-11-15,Poltrakt PL CE Italy/ pol leads,inactive,,,,11,Dzienny,0,0,0,W toku,Kliknięcia z 7 dni lub wyświetlenia z 1 dnia
2025-11-15,2025-11-15,Poltrakt PL CE Pol Leads,inactive,,,,7,Dzienny,0,0,0,W toku,Kliknięcia z 7 dni lub wyświetlenia z 1 dnia
2025-11-14,2025-11-14,Leads Agency PL,inactive,,,,10,Dzienny,0,0,0,W toku,Kliknięcia z 7 dni lub wyświetlenia z 1 dnia
2025-11-14,2025-11-14,Pracownik Magazynowy PL/ RU/ ENG Leads,inactive,,,,15,Dzienny,0,0,0,W toku,Kliknięcia z 7 dni lub wyświetlenia z 1 dnia
2025-11-14,2025-11-14,Leads RU Mrozek 100 eur,inactive,,,,10,Dzienny,0,0,0,W toku,Kliknięcia z 7 dni lub wyświetlenia z 1 dnia
2025-11-14,2025-11-14,Leads PL Dyspozytor Poltrakt,inactive,,,,10,Dzienny,0,0,0,W toku,Kliknięcia z 7 dni lub wyświetlenia z 1 dnia
2025-11-14,2025-11-14,Leads PL Dyspozytor Poltrakt,inactive,,,,10,Dzienny,0,0,0,W toku,Kliknięcia z 7 dni lub wyświetlenia z 1 dnia
2025-11-14,2025-11-14,PL Agency Ads,inactive,,,,10,Dzienny,0,0,0,W toku,Kliknięcia z 7 dni lub wyświetlenia z 1 dnia
2025-11-14,2025-11-14,RU Leads Poltrakt CE PL S/F Start 20.06.2026,inactive,,,,30,Dzienny,0,0,0,W toku,Kliknięcia z 7 dni lub wyświetlenia z 1 dnia
2025-11-14,2025-11-14,Leads RU Mrozek 100 eur,inactive,,,,10,Dzienny,0,0,0,W toku,Kliknięcia z 7 dni lub wyświetlenia z 1 dnia
2025-11-14,2025-11-14,Leads ENG Poltrakt Week/Cadence Poland,inactive,,,,20,Dzienny,0,0,0,W toku,Kliknięcia z 7 dni lub wyświetlenia z 1 dnia
2025-11-14,2025-11-14,PL Agency Ads Start 14.05.2026,inactive,,,,10,Dzienny,0,0,0,W toku,Kliknięcia z 7 dni lub wyświetlenia z 1 dnia
2025-11-14,2025-11-14,Poltrakt PL Magazynier,inactive,,,,5,Dzienny,0,0,0,W toku,Kliknięcia z 7 dni lub wyświetlenia z 1 dnia
2025-11-14,2025-11-14,Poltrakt Drivers CE Week/Full,inactive,,,,Użycie budżetu zestawu reklam,0,0,0,0,W toku,Kliknięcia z 7 dni lub wyświetlenia z 1 dnia
2025-11-14,2025-11-14,Poltrakt PL CE Italy/ pol leads,inactive,,,,11,Dzienny,0,0,0,W toku,Kliknięcia z 7 dni lub wyświetlenia z 1 dnia
2025-11-14,2025-11-14,Poltrakt PL CE Pol Leads,inactive,,,,7,Dzienny,0,0,0,W toku,Kliknięcia z 7 dni lub wyświetlenia z 1 dnia
2025-11-13,2025-11-13,Leads Agency PL,inactive,,,,10,Dzienny,0,0,0,W toku,Kliknięcia z 7 dni lub wyświetlenia z 1 dnia
2025-11-13,2025-11-13,Pracownik Magazynowy PL/ RU/ ENG Leads,inactive,,,,15,Dzienny,0,0,0,W toku,Kliknięcia z 7 dni lub wyświetlenia z 1 dnia
2025-11-13,2025-11-13,Leads RU Mrozek 100 eur,inactive,,,,10,Dzienny,0,0,0,W toku,Kliknięcia z 7 dni lub wyświetlenia z 1 dnia
2025-11-13,2025-11-13,Leads PL Dyspozytor Poltrakt,inactive,,,,10,Dzienny,0,0,0,W toku,Kliknięcia z 7 dni lub wyświetlenia z 1 dnia
2025-11-13,2025-11-13,Leads PL Dyspozytor Poltrakt,inactive,,,,10,Dzienny,0,0,0,W toku,Kliknięcia z 7 dni lub wyświetlenia z 1 dnia
2025-11-13,2025-11-13,PL Agency Ads,inactive,,,,10,Dzienny,0,0,0,W toku,Kliknięcia z 7 dni lub wyświetlenia z 1 dnia
2025-11-13,2025-11-13,RU Leads Poltrakt CE PL S/F Start 20.06.2026,inactive,,,,30,Dzienny,0,0,0,W toku,Kliknięcia z 7 dni lub wyświetlenia z 1 dnia
2025-11-13,2025-11-13,Leads RU Mrozek 100 eur,inactive,,,,10,Dzienny,0,0,0,W toku,Kliknięcia z 7 dni lub wyświetlenia z 1 dnia
2025-11-13,2025-11-13,Leads ENG Poltrakt Week/Cadence Poland,inactive,,,,20,Dzienny,0,0,0,W toku,Kliknięcia z 7 dni lub wyświetlenia z 1 dnia
2025-11-13,2025-11-13,PL Agency Ads Start 14.05.2026,inactive,,,,10,Dzienny,0,0,0,W toku,Kliknięcia z 7 dni lub wyświetlenia z 1 dnia
2025-11-13,2025-11-13,Poltrakt PL Magazynier,inactive,,,,5,Dzienny,0,0,0,W toku,Kliknięcia z 7 dni lub wyświetlenia z 1 dnia
2025-11-13,2025-11-13,Poltrakt Drivers CE Week/Full,inactive,,,,Użycie budżetu zestawu reklam,0,0,0,0,W toku,Kliknięcia z 7 dni lub wyświetlenia z 1 dnia
2025-11-13,2025-11-13,Poltrakt PL CE Italy/ pol leads,inactive,,,,11,Dzienny,0,0,0,W toku,Kliknięcia z 7 dni lub wyświetlenia z 1 dnia
2025-11-13,2025-11-13,Poltrakt PL CE Pol Leads,inactive,,,,7,Dzienny,0,0,0,W toku,Kliknięcia z 7 dni lub wyświetlenia z 1 dnia
2025-11-12,2025-11-12,Leads Agency PL,inactive,,,,10,Dzienny,0,0,0,W toku,Kliknięcia z 7 dni lub wyświetlenia z 1 dnia
2025-11-12,2025-11-12,Pracownik Magazynowy PL/ RU/ ENG Leads,inactive,,,,15,Dzienny,0,0,0,W toku,Kliknięcia z 7 dni lub wyświetlenia z 1 dnia
2025-11-12,2025-11-12,Leads RU Mrozek 100 eur,inactive,,,,10,Dzienny,0,0,0,W toku,Kliknięcia z 7 dni lub wyświetlenia z 1 dnia
2025-11-12,2025-11-12,Leads PL Dyspozytor Poltrakt,inactive,,,,10,Dzienny,0,0,0,W toku,Kliknięcia z 7 dni lub wyświetlenia z 1 dnia
2025-11-12,2025-11-12,Leads PL Dyspozytor Poltrakt,inactive,,,,10,Dzienny,0,0,0,W toku,Kliknięcia z 7 dni lub wyświetlenia z 1 dnia
2025-11-12,2025-11-12,PL Agency Ads,inactive,,,,10,Dzienny,0,0,0,W toku,Kliknięcia z 7 dni lub wyświetlenia z 1 dnia
2025-11-12,2025-11-12,RU Leads Poltrakt CE PL S/F Start 20.06.2026,inactive,,,,30,Dzienny,0,0,0,W toku,Kliknięcia z 7 dni lub wyświetlenia z 1 dnia
2025-11-12,2025-11-12,Leads RU Mrozek 100 eur,inactive,,,,10,Dzienny,0,0,0,W toku,Kliknięcia z 7 dni lub wyświetlenia z 1 dnia
2025-11-12,2025-11-12,Leads ENG Poltrakt Week/Cadence Poland,inactive,,,,20,Dzienny,0,0,0,W toku,Kliknięcia z 7 dni lub wyświetlenia z 1 dnia
2025-11-12,2025-11-12,PL Agency Ads Start 14.05.2026,inactive,,,,10,Dzienny,0,0,0,W toku,Kliknięcia z 7 dni lub wyświetlenia z 1 dnia
2025-11-12,2025-11-12,Poltrakt PL Magazynier,inactive,,,,5,Dzienny,0,0,0,W toku,Kliknięcia z 7 dni lub wyświetlenia z 1 dnia
2025-11-12,2025-11-12,Poltrakt Drivers CE Week/Full,inactive,,,,Użycie budżetu zestawu reklam,0,0,0,0,W toku,Kliknięcia z 7 dni lub wyświetlenia z 1 dnia
2025-11-12,2025-11-12,Poltrakt PL CE Italy/ pol leads,inactive,,,,11,Dzienny,0,0,0,W toku,Kliknięcia z 7 dni lub wyświetlenia z 1 dnia
2025-11-12,2025-11-12,Poltrakt PL CE Pol Leads,inactive,,,,7,Dzienny,0,0,0,W toku,Kliknięcia z 7 dni lub wyświetlenia z 1 dnia
2025-11-11,2025-11-11,Leads Agency PL,inactive,,,,10,Dzienny,0,0,0,W toku,Kliknięcia z 7 dni lub wyświetlenia z 1 dnia
2025-11-11,2025-11-11,Pracownik Magazynowy PL/ RU/ ENG Leads,inactive,,,,15,Dzienny,0,0,0,W toku,Kliknięcia z 7 dni lub wyświetlenia z 1 dnia
2025-11-11,2025-11-11,Leads RU Mrozek 100 eur,inactive,,,,10,Dzienny,0,0,0,W toku,Kliknięcia z 7 dni lub wyświetlenia z 1 dnia
2025-11-11,2025-11-11,Leads PL Dyspozytor Poltrakt,inactive,,,,10,Dzienny,0,0,0,W toku,Kliknięcia z 7 dni lub wyświetlenia z 1 dnia
2025-11-11,2025-11-11,Leads PL Dyspozytor Poltrakt,inactive,,,,10,Dzienny,0,0,0,W toku,Kliknięcia z 7 dni lub wyświetlenia z 1 dnia
2025-11-11,2025-11-11,PL Agency Ads,inactive,,,,10,Dzienny,0,0,0,W toku,Kliknięcia z 7 dni lub wyświetlenia z 1 dnia
2025-11-11,2025-11-11,RU Leads Poltrakt CE PL S/F Start 20.06.2026,inactive,,,,30,Dzienny,0,0,0,W toku,Kliknięcia z 7 dni lub wyświetlenia z 1 dnia
2025-11-11,2025-11-11,Leads RU Mrozek 100 eur,inactive,,,,10,Dzienny,0,0,0,W toku,Kliknięcia z 7 dni lub wyświetlenia z 1 dnia
2025-11-11,2025-11-11,Leads ENG Poltrakt Week/Cadence Poland,inactive,,,,20,Dzienny,0,0,0,W toku,Kliknięcia z 7 dni lub wyświetlenia z 1 dnia
2025-11-11,2025-11-11,PL Agency Ads Start 14.05.2026,inactive,,,,10,Dzienny,0,0,0,W toku,Kliknięcia z 7 dni lub wyświetlenia z 1 dnia
2025-11-11,2025-11-11,Poltrakt PL Magazynier,inactive,,,,5,Dzienny,0,0,0,W toku,Kliknięcia z 7 dni lub wyświetlenia z 1 dnia
2025-11-11,2025-11-11,Poltrakt Drivers CE Week/Full,inactive,,,,Użycie budżetu zestawu reklam,0,0,0,0,W toku,Kliknięcia z 7 dni lub wyświetlenia z 1 dnia
2025-11-11,2025-11-11,Poltrakt PL CE Italy/ pol leads,inactive,,,,11,Dzienny,0,0,0,W toku,Kliknięcia z 7 dni lub wyświetlenia z 1 dnia
2025-11-11,2025-11-11,Poltrakt PL CE Pol Leads,inactive,,,,7,Dzienny,0,0,0,W toku,Kliknięcia z 7 dni lub wyświetlenia z 1 dnia
2025-11-10,2025-11-10,Leads Agency PL,inactive,,,,10,Dzienny,0,0,0,W toku,Kliknięcia z 7 dni lub wyświetlenia z 1 dnia
2025-11-10,2025-11-10,Pracownik Magazynowy PL/ RU/ ENG Leads,inactive,,,,15,Dzienny,0,0,0,W toku,Kliknięcia z 7 dni lub wyświetlenia z 1 dnia
2025-11-10,2025-11-10,Leads RU Mrozek 100 eur,inactive,,,,10,Dzienny,0,0,0,W toku,Kliknięcia z 7 dni lub wyświetlenia z 1 dnia
2025-11-10,2025-11-10,Leads PL Dyspozytor Poltrakt,inactive,,,,10,Dzienny,0,0,0,W toku,Kliknięcia z 7 dni lub wyświetlenia z 1 dnia
2025-11-10,2025-11-10,Leads PL Dyspozytor Poltrakt,inactive,,,,10,Dzienny,0,0,0,W toku,Kliknięcia z 7 dni lub wyświetlenia z 1 dnia
2025-11-10,2025-11-10,PL Agency Ads,inactive,,,,10,Dzienny,0,0,0,W toku,Kliknięcia z 7 dni lub wyświetlenia z 1 dnia
2025-11-10,2025-11-10,RU Leads Poltrakt CE PL S/F Start 20.06.2026,inactive,,,,30,Dzienny,0,0,0,W toku,Kliknięcia z 7 dni lub wyświetlenia z 1 dnia
2025-11-10,2025-11-10,Leads RU Mrozek 100 eur,inactive,,,,10,Dzienny,0,0,0,W toku,Kliknięcia z 7 dni lub wyświetlenia z 1 dnia
2025-11-10,2025-11-10,Leads ENG Poltrakt Week/Cadence Poland,inactive,,,,20,Dzienny,0,0,0,W toku,Kliknięcia z 7 dni lub wyświetlenia z 1 dnia
2025-11-10,2025-11-10,PL Agency Ads Start 14.05.2026,inactive,,,,10,Dzienny,0,0,0,W toku,Kliknięcia z 7 dni lub wyświetlenia z 1 dnia
2025-11-10,2025-11-10,Poltrakt PL Magazynier,inactive,,,,5,Dzienny,0,0,0,W toku,Kliknięcia z 7 dni lub wyświetlenia z 1 dnia
2025-11-10,2025-11-10,Poltrakt Drivers CE Week/Full,inactive,,,,Użycie budżetu zestawu reklam,0,0,0,0,W toku,Kliknięcia z 7 dni lub wyświetlenia z 1 dnia
2025-11-10,2025-11-10,Poltrakt PL CE Italy/ pol leads,inactive,,,,11,Dzienny,0,0,0,W toku,Kliknięcia z 7 dni lub wyświetlenia z 1 dnia
2025-11-10,2025-11-10,Poltrakt PL CE Pol Leads,inactive,,,,7,Dzienny,0,0,0,W toku,Kliknięcia z 7 dni lub wyświetlenia z 1 dnia
2025-11-09,2025-11-09,Leads Agency PL,inactive,,,,10,Dzienny,0,0,0,W toku,Kliknięcia z 7 dni lub wyświetlenia z 1 dnia
2025-11-09,2025-11-09,Pracownik Magazynowy PL/ RU/ ENG Leads,inactive,,,,15,Dzienny,0,0,0,W toku,Kliknięcia z 7 dni lub wyświetlenia z 1 dnia
2025-11-09,2025-11-09,Leads RU Mrozek 100 eur,inactive,,,,10,Dzienny,0,0,0,W toku,Kliknięcia z 7 dni lub wyświetlenia z 1 dnia
2025-11-09,2025-11-09,Leads PL Dyspozytor Poltrakt,inactive,,,,10,Dzienny,0,0,0,W toku,Kliknięcia z 7 dni lub wyświetlenia z 1 dnia
2025-11-09,2025-11-09,Leads PL Dyspozytor Poltrakt,inactive,,,,10,Dzienny,0,0,0,W toku,Kliknięcia z 7 dni lub wyświetlenia z 1 dnia
2025-11-09,2025-11-09,PL Agency Ads,inactive,,,,10,Dzienny,0,0,0,W toku,Kliknięcia z 7 dni lub wyświetlenia z 1 dnia
2025-11-09,2025-11-09,RU Leads Poltrakt CE PL S/F Start 20.06.2026,inactive,,,,30,Dzienny,0,0,0,W toku,Kliknięcia z 7 dni lub wyświetlenia z 1 dnia
2025-11-09,2025-11-09,Leads RU Mrozek 100 eur,inactive,,,,10,Dzienny,0,0,0,W toku,Kliknięcia z 7 dni lub wyświetlenia z 1 dnia
2025-11-09,2025-11-09,Leads ENG Poltrakt Week/Cadence Poland,inactive,,,,20,Dzienny,0,0,0,W toku,Kliknięcia z 7 dni lub wyświetlenia z 1 dnia
2025-11-09,2025-11-09,PL Agency Ads Start 14.05.2026,inactive,,,,10,Dzienny,0,0,0,W toku,Kliknięcia z 7 dni lub wyświetlenia z 1 dnia
2025-11-09,2025-11-09,Poltrakt PL Magazynier,inactive,,,,5,Dzienny,0,0,0,W toku,Kliknięcia z 7 dni lub wyświetlenia z 1 dnia
2025-11-09,2025-11-09,Poltrakt Drivers CE Week/Full,inactive,,,,Użycie budżetu zestawu reklam,0,0,0,0,W toku,Kliknięcia z 7 dni lub wyświetlenia z 1 dnia
2025-11-09,2025-11-09,Poltrakt PL CE Italy/ pol leads,inactive,,,,11,Dzienny,0,0,0,W toku,Kliknięcia z 7 dni lub wyświetlenia z 1 dnia
2025-11-09,2025-11-09,Poltrakt PL CE Pol Leads,inactive,,,,7,Dzienny,0,0,0,W toku,Kliknięcia z 7 dni lub wyświetlenia z 1 dnia
2025-11-08,2025-11-08,Leads Agency PL,inactive,,,,10,Dzienny,0,0,0,W toku,Kliknięcia z 7 dni lub wyświetlenia z 1 dnia
2025-11-08,2025-11-08,Pracownik Magazynowy PL/ RU/ ENG Leads,inactive,,,,15,Dzienny,0,0,0,W toku,Kliknięcia z 7 dni lub wyświetlenia z 1 dnia
2025-11-08,2025-11-08,Leads RU Mrozek 100 eur,inactive,,,,10,Dzienny,0,0,0,W toku,Kliknięcia z 7 dni lub wyświetlenia z 1 dnia
2025-11-08,2025-11-08,Leads PL Dyspozytor Poltrakt,inactive,,,,10,Dzienny,0,0,0,W toku,Kliknięcia z 7 dni lub wyświetlenia z 1 dnia
2025-11-08,2025-11-08,Leads PL Dyspozytor Poltrakt,inactive,,,,10,Dzienny,0,0,0,W toku,Kliknięcia z 7 dni lub wyświetlenia z 1 dnia
2025-11-08,2025-11-08,PL Agency Ads,inactive,,,,10,Dzienny,0,0,0,W toku,Kliknięcia z 7 dni lub wyświetlenia z 1 dnia
2025-11-08,2025-11-08,RU Leads Poltrakt CE PL S/F Start 20.06.2026,inactive,,,,30,Dzienny,0,0,0,W toku,Kliknięcia z 7 dni lub wyświetlenia z 1 dnia
2025-11-08,2025-11-08,Leads RU Mrozek 100 eur,inactive,,,,10,Dzienny,0,0,0,W toku,Kliknięcia z 7 dni lub wyświetlenia z 1 dnia
2025-11-08,2025-11-08,Leads ENG Poltrakt Week/Cadence Poland,inactive,,,,20,Dzienny,0,0,0,W toku,Kliknięcia z 7 dni lub wyświetlenia z 1 dnia
2025-11-08,2025-11-08,PL Agency Ads Start 14.05.2026,inactive,,,,10,Dzienny,0,0,0,W toku,Kliknięcia z 7 dni lub wyświetlenia z 1 dnia
2025-11-08,2025-11-08,Poltrakt PL Magazynier,inactive,,,,5,Dzienny,0,0,0,W toku,Kliknięcia z 7 dni lub wyświetlenia z 1 dnia
2025-11-08,2025-11-08,Poltrakt Drivers CE Week/Full,inactive,,,,Użycie budżetu zestawu reklam,0,0,0,0,W toku,Kliknięcia z 7 dni lub wyświetlenia z 1 dnia
2025-11-08,2025-11-08,Poltrakt PL CE Italy/ pol leads,inactive,,,,11,Dzienny,0,0,0,W toku,Kliknięcia z 7 dni lub wyświetlenia z 1 dnia
2025-11-08,2025-11-08,Poltrakt PL CE Pol Leads,inactive,,,,7,Dzienny,0,0,0,W toku,Kliknięcia z 7 dni lub wyświetlenia z 1 dnia
2025-11-07,2025-11-07,Leads Agency PL,inactive,,,,10,Dzienny,0,0,0,W toku,Kliknięcia z 7 dni lub wyświetlenia z 1 dnia
2025-11-07,2025-11-07,Pracownik Magazynowy PL/ RU/ ENG Leads,inactive,,,,15,Dzienny,0,0,0,W toku,Kliknięcia z 7 dni lub wyświetlenia z 1 dnia
2025-11-07,2025-11-07,Leads RU Mrozek 100 eur,inactive,,,,10,Dzienny,0,0,0,W toku,Kliknięcia z 7 dni lub wyświetlenia z 1 dnia
2025-11-07,2025-11-07,Leads PL Dyspozytor Poltrakt,inactive,,,,10,Dzienny,0,0,0,W toku,Kliknięcia z 7 dni lub wyświetlenia z 1 dnia
2025-11-07,2025-11-07,Leads PL Dyspozytor Poltrakt,inactive,,,,10,Dzienny,0,0,0,W toku,Kliknięcia z 7 dni lub wyświetlenia z 1 dnia
2025-11-07,2025-11-07,PL Agency Ads,inactive,,,,10,Dzienny,0,0,0,W toku,Kliknięcia z 7 dni lub wyświetlenia z 1 dnia
2025-11-07,2025-11-07,RU Leads Poltrakt CE PL S/F Start 20.06.2026,inactive,,,,30,Dzienny,0,0,0,W toku,Kliknięcia z 7 dni lub wyświetlenia z 1 dnia
2025-11-07,2025-11-07,Leads RU Mrozek 100 eur,inactive,,,,10,Dzienny,0,0,0,W toku,Kliknięcia z 7 dni lub wyświetlenia z 1 dnia
2025-11-07,2025-11-07,Leads ENG Poltrakt Week/Cadence Poland,inactive,,,,20,Dzienny,0,0,0,W toku,Kliknięcia z 7 dni lub wyświetlenia z 1 dnia
2025-11-07,2025-11-07,PL Agency Ads Start 14.05.2026,inactive,,,,10,Dzienny,0,0,0,W toku,Kliknięcia z 7 dni lub wyświetlenia z 1 dnia
2025-11-07,2025-11-07,Poltrakt PL Magazynier,inactive,,,,5,Dzienny,0,0,0,W toku,Kliknięcia z 7 dni lub wyświetlenia z 1 dnia
2025-11-07,2025-11-07,Poltrakt Drivers CE Week/Full,inactive,,,,Użycie budżetu zestawu reklam,0,0,0,0,W toku,Kliknięcia z 7 dni lub wyświetlenia z 1 dnia
2025-11-07,2025-11-07,Poltrakt PL CE Italy/ pol leads,inactive,,,,11,Dzienny,0,0,0,W toku,Kliknięcia z 7 dni lub wyświetlenia z 1 dnia
2025-11-07,2025-11-07,Poltrakt PL CE Pol Leads,inactive,,,,7,Dzienny,0,0,0,W toku,Kliknięcia z 7 dni lub wyświetlenia z 1 dnia
2025-11-06,2025-11-06,Leads Agency PL,inactive,,,,10,Dzienny,0,0,0,W toku,Kliknięcia z 7 dni lub wyświetlenia z 1 dnia
2025-11-06,2025-11-06,Pracownik Magazynowy PL/ RU/ ENG Leads,inactive,,,,15,Dzienny,0,0,0,W toku,Kliknięcia z 7 dni lub wyświetlenia z 1 dnia
2025-11-06,2025-11-06,Leads RU Mrozek 100 eur,inactive,,,,10,Dzienny,0,0,0,W toku,Kliknięcia z 7 dni lub wyświetlenia z 1 dnia
2025-11-06,2025-11-06,Leads PL Dyspozytor Poltrakt,inactive,,,,10,Dzienny,0,0,0,W toku,Kliknięcia z 7 dni lub wyświetlenia z 1 dnia
2025-11-06,2025-11-06,Leads PL Dyspozytor Poltrakt,inactive,,,,10,Dzienny,0,0,0,W toku,Kliknięcia z 7 dni lub wyświetlenia z 1 dnia
2025-11-06,2025-11-06,PL Agency Ads,inactive,,,,10,Dzienny,0,0,0,W toku,Kliknięcia z 7 dni lub wyświetlenia z 1 dnia
2025-11-06,2025-11-06,RU Leads Poltrakt CE PL S/F Start 20.06.2026,inactive,,,,30,Dzienny,0,0,0,W toku,Kliknięcia z 7 dni lub wyświetlenia z 1 dnia
2025-11-06,2025-11-06,Leads RU Mrozek 100 eur,inactive,,,,10,Dzienny,0,0,0,W toku,Kliknięcia z 7 dni lub wyświetlenia z 1 dnia
2025-11-06,2025-11-06,Leads ENG Poltrakt Week/Cadence Poland,inactive,,,,20,Dzienny,0,0,0,W toku,Kliknięcia z 7 dni lub wyświetlenia z 1 dnia
2025-11-06,2025-11-06,PL Agency Ads Start 14.05.2026,inactive,,,,10,Dzienny,0,0,0,W toku,Kliknięcia z 7 dni lub wyświetlenia z 1 dnia
2025-11-06,2025-11-06,Poltrakt PL Magazynier,inactive,,,,5,Dzienny,0,0,0,W toku,Kliknięcia z 7 dni lub wyświetlenia z 1 dnia
2025-11-06,2025-11-06,Poltrakt Drivers CE Week/Full,inactive,,,,Użycie budżetu zestawu reklam,0,0,0,0,W toku,Kliknięcia z 7 dni lub wyświetlenia z 1 dnia
2025-11-06,2025-11-06,Poltrakt PL CE Italy/ pol leads,inactive,,,,11,Dzienny,0,0,0,W toku,Kliknięcia z 7 dni lub wyświetlenia z 1 dnia
2025-11-06,2025-11-06,Poltrakt PL CE Pol Leads,inactive,,,,7,Dzienny,0,0,0,W toku,Kliknięcia z 7 dni lub wyświetlenia z 1 dnia
2025-11-05,2025-11-05,Leads Agency PL,inactive,,,,10,Dzienny,0,0,0,W toku,Kliknięcia z 7 dni lub wyświetlenia z 1 dnia
2025-11-05,2025-11-05,Pracownik Magazynowy PL/ RU/ ENG Leads,inactive,,,,15,Dzienny,0,0,0,W toku,Kliknięcia z 7 dni lub wyświetlenia z 1 dnia
2025-11-05,2025-11-05,Leads RU Mrozek 100 eur,inactive,,,,10,Dzienny,0,0,0,W toku,Kliknięcia z 7 dni lub wyświetlenia z 1 dnia
2025-11-05,2025-11-05,Leads PL Dyspozytor Poltrakt,inactive,,,,10,Dzienny,0,0,0,W toku,Kliknięcia z 7 dni lub wyświetlenia z 1 dnia
2025-11-05,2025-11-05,Leads PL Dyspozytor Poltrakt,inactive,,,,10,Dzienny,0,0,0,W toku,Kliknięcia z 7 dni lub wyświetlenia z 1 dnia
2025-11-05,2025-11-05,PL Agency Ads,inactive,,,,10,Dzienny,0,0,0,W toku,Kliknięcia z 7 dni lub wyświetlenia z 1 dnia
2025-11-05,2025-11-05,RU Leads Poltrakt CE PL S/F Start 20.06.2026,inactive,,,,30,Dzienny,0,0,0,W toku,Kliknięcia z 7 dni lub wyświetlenia z 1 dnia
2025-11-05,2025-11-05,Leads RU Mrozek 100 eur,inactive,,,,10,Dzienny,0,0,0,W toku,Kliknięcia z 7 dni lub wyświetlenia z 1 dnia
2025-11-05,2025-11-05,Leads ENG Poltrakt Week/Cadence Poland,inactive,,,,20,Dzienny,0,0,0,W toku,Kliknięcia z 7 dni lub wyświetlenia z 1 dnia
2025-11-05,2025-11-05,PL Agency Ads Start 14.05.2026,inactive,,,,10,Dzienny,0,0,0,W toku,Kliknięcia z 7 dni lub wyświetlenia z 1 dnia
2025-11-05,2025-11-05,Poltrakt PL Magazynier,inactive,,,,5,Dzienny,0,0,0,W toku,Kliknięcia z 7 dni lub wyświetlenia z 1 dnia
2025-11-05,2025-11-05,Poltrakt Drivers CE Week/Full,inactive,,,,Użycie budżetu zestawu reklam,0,0,0,0,W toku,Kliknięcia z 7 dni lub wyświetlenia z 1 dnia
2025-11-05,2025-11-05,Poltrakt PL CE Italy/ pol leads,inactive,,,,11,Dzienny,0,0,0,W toku,Kliknięcia z 7 dni lub wyświetlenia z 1 dnia
2025-11-05,2025-11-05,Poltrakt PL CE Pol Leads,inactive,,,,7,Dzienny,0,0,0,W toku,Kliknięcia z 7 dni lub wyświetlenia z 1 dnia
2025-11-04,2025-11-04,Leads Agency PL,inactive,,,,10,Dzienny,0,0,0,W toku,Kliknięcia z 7 dni lub wyświetlenia z 1 dnia
2025-11-04,2025-11-04,Pracownik Magazynowy PL/ RU/ ENG Leads,inactive,,,,15,Dzienny,0,0,0,W toku,Kliknięcia z 7 dni lub wyświetlenia z 1 dnia
2025-11-04,2025-11-04,Leads RU Mrozek 100 eur,inactive,,,,10,Dzienny,0,0,0,W toku,Kliknięcia z 7 dni lub wyświetlenia z 1 dnia
2025-11-04,2025-11-04,Leads PL Dyspozytor Poltrakt,inactive,,,,10,Dzienny,0,0,0,W toku,Kliknięcia z 7 dni lub wyświetlenia z 1 dnia
2025-11-04,2025-11-04,Leads PL Dyspozytor Poltrakt,inactive,,,,10,Dzienny,0,0,0,W toku,Kliknięcia z 7 dni lub wyświetlenia z 1 dnia
2025-11-04,2025-11-04,PL Agency Ads,inactive,,,,10,Dzienny,0,0,0,W toku,Kliknięcia z 7 dni lub wyświetlenia z 1 dnia
2025-11-04,2025-11-04,RU Leads Poltrakt CE PL S/F Start 20.06.2026,inactive,,,,30,Dzienny,0,0,0,W toku,Kliknięcia z 7 dni lub wyświetlenia z 1 dnia
2025-11-04,2025-11-04,Leads RU Mrozek 100 eur,inactive,,,,10,Dzienny,0,0,0,W toku,Kliknięcia z 7 dni lub wyświetlenia z 1 dnia
2025-11-04,2025-11-04,Leads ENG Poltrakt Week/Cadence Poland,inactive,,,,20,Dzienny,0,0,0,W toku,Kliknięcia z 7 dni lub wyświetlenia z 1 dnia
2025-11-04,2025-11-04,PL Agency Ads Start 14.05.2026,inactive,,,,10,Dzienny,0,0,0,W toku,Kliknięcia z 7 dni lub wyświetlenia z 1 dnia
2025-11-04,2025-11-04,Poltrakt PL Magazynier,inactive,,,,5,Dzienny,0,0,0,W toku,Kliknięcia z 7 dni lub wyświetlenia z 1 dnia
2025-11-04,2025-11-04,Poltrakt Drivers CE Week/Full,inactive,,,,Użycie budżetu zestawu reklam,0,0,0,0,W toku,Kliknięcia z 7 dni lub wyświetlenia z 1 dnia
2025-11-04,2025-11-04,Poltrakt PL CE Italy/ pol leads,inactive,,,,11,Dzienny,0,0,0,W toku,Kliknięcia z 7 dni lub wyświetlenia z 1 dnia
2025-11-04,2025-11-04,Poltrakt PL CE Pol Leads,inactive,,,,7,Dzienny,0,0,0,W toku,Kliknięcia z 7 dni lub wyświetlenia z 1 dnia
2025-11-03,2025-11-03,Leads Agency PL,inactive,,,,10,Dzienny,0,0,0,W toku,Kliknięcia z 7 dni lub wyświetlenia z 1 dnia
2025-11-03,2025-11-03,Pracownik Magazynowy PL/ RU/ ENG Leads,inactive,,,,15,Dzienny,0,0,0,W toku,Kliknięcia z 7 dni lub wyświetlenia z 1 dnia
2025-11-03,2025-11-03,Leads RU Mrozek 100 eur,inactive,,,,10,Dzienny,0,0,0,W toku,Kliknięcia z 7 dni lub wyświetlenia z 1 dnia
2025-11-03,2025-11-03,Leads PL Dyspozytor Poltrakt,inactive,,,,10,Dzienny,0,0,0,W toku,Kliknięcia z 7 dni lub wyświetlenia z 1 dnia
2025-11-03,2025-11-03,Leads PL Dyspozytor Poltrakt,inactive,,,,10,Dzienny,0,0,0,W toku,Kliknięcia z 7 dni lub wyświetlenia z 1 dnia
2025-11-03,2025-11-03,PL Agency Ads,inactive,,,,10,Dzienny,0,0,0,W toku,Kliknięcia z 7 dni lub wyświetlenia z 1 dnia
2025-11-03,2025-11-03,RU Leads Poltrakt CE PL S/F Start 20.06.2026,inactive,,,,30,Dzienny,0,0,0,W toku,Kliknięcia z 7 dni lub wyświetlenia z 1 dnia
2025-11-03,2025-11-03,Leads RU Mrozek 100 eur,inactive,,,,10,Dzienny,0,0,0,W toku,Kliknięcia z 7 dni lub wyświetlenia z 1 dnia
2025-11-03,2025-11-03,Leads ENG Poltrakt Week/Cadence Poland,inactive,,,,20,Dzienny,0,0,0,W toku,Kliknięcia z 7 dni lub wyświetlenia z 1 dnia
2025-11-03,2025-11-03,PL Agency Ads Start 14.05.2026,inactive,,,,10,Dzienny,0,0,0,W toku,Kliknięcia z 7 dni lub wyświetlenia z 1 dnia
2025-11-03,2025-11-03,Poltrakt PL Magazynier,inactive,,,,5,Dzienny,0,0,0,W toku,Kliknięcia z 7 dni lub wyświetlenia z 1 dnia
2025-11-03,2025-11-03,Poltrakt Drivers CE Week/Full,inactive,,,,Użycie budżetu zestawu reklam,0,0,0,0,W toku,Kliknięcia z 7 dni lub wyświetlenia z 1 dnia
2025-11-03,2025-11-03,Poltrakt PL CE Italy/ pol leads,inactive,,,,11,Dzienny,0,0,0,W toku,Kliknięcia z 7 dni lub wyświetlenia z 1 dnia
2025-11-03,2025-11-03,Poltrakt PL CE Pol Leads,inactive,,,,7,Dzienny,0,0,0,W toku,Kliknięcia z 7 dni lub wyświetlenia z 1 dnia
2025-11-02,2025-11-02,Leads Agency PL,inactive,,,,10,Dzienny,0,0,0,W toku,Kliknięcia z 7 dni lub wyświetlenia z 1 dnia
2025-11-02,2025-11-02,Pracownik Magazynowy PL/ RU/ ENG Leads,inactive,,,,15,Dzienny,0,0,0,W toku,Kliknięcia z 7 dni lub wyświetlenia z 1 dnia
2025-11-02,2025-11-02,Leads RU Mrozek 100 eur,inactive,,,,10,Dzienny,0,0,0,W toku,Kliknięcia z 7 dni lub wyświetlenia z 1 dnia
2025-11-02,2025-11-02,Leads PL Dyspozytor Poltrakt,inactive,,,,10,Dzienny,0,0,0,W toku,Kliknięcia z 7 dni lub wyświetlenia z 1 dnia
2025-11-02,2025-11-02,Leads PL Dyspozytor Poltrakt,inactive,,,,10,Dzienny,0,0,0,W toku,Kliknięcia z 7 dni lub wyświetlenia z 1 dnia
2025-11-02,2025-11-02,PL Agency Ads,inactive,,,,10,Dzienny,0,0,0,W toku,Kliknięcia z 7 dni lub wyświetlenia z 1 dnia
2025-11-02,2025-11-02,RU Leads Poltrakt CE PL S/F Start 20.06.2026,inactive,,,,30,Dzienny,0,0,0,W toku,Kliknięcia z 7 dni lub wyświetlenia z 1 dnia
2025-11-02,2025-11-02,Leads RU Mrozek 100 eur,inactive,,,,10,Dzienny,0,0,0,W toku,Kliknięcia z 7 dni lub wyświetlenia z 1 dnia
2025-11-02,2025-11-02,Leads ENG Poltrakt Week/Cadence Poland,inactive,,,,20,Dzienny,0,0,0,W toku,Kliknięcia z 7 dni lub wyświetlenia z 1 dnia
2025-11-02,2025-11-02,PL Agency Ads Start 14.05.2026,inactive,,,,10,Dzienny,0,0,0,W toku,Kliknięcia z 7 dni lub wyświetlenia z 1 dnia
2025-11-02,2025-11-02,Poltrakt PL Magazynier,inactive,,,,5,Dzienny,0,0,0,W toku,Kliknięcia z 7 dni lub wyświetlenia z 1 dnia
2025-11-02,2025-11-02,Poltrakt Drivers CE Week/Full,inactive,,,,Użycie budżetu zestawu reklam,0,0,0,0,W toku,Kliknięcia z 7 dni lub wyświetlenia z 1 dnia
2025-11-02,2025-11-02,Poltrakt PL CE Italy/ pol leads,inactive,,,,11,Dzienny,0,0,0,W toku,Kliknięcia z 7 dni lub wyświetlenia z 1 dnia
2025-11-02,2025-11-02,Poltrakt PL CE Pol Leads,inactive,,,,7,Dzienny,0,0,0,W toku,Kliknięcia z 7 dni lub wyświetlenia z 1 dnia
2025-11-01,2025-11-01,Leads Agency PL,inactive,,,,10,Dzienny,0,0,0,W toku,Kliknięcia z 7 dni lub wyświetlenia z 1 dnia
2025-11-01,2025-11-01,Pracownik Magazynowy PL/ RU/ ENG Leads,inactive,,,,15,Dzienny,0,0,0,W toku,Kliknięcia z 7 dni lub wyświetlenia z 1 dnia
2025-11-01,2025-11-01,Leads RU Mrozek 100 eur,inactive,,,,10,Dzienny,0,0,0,W toku,Kliknięcia z 7 dni lub wyświetlenia z 1 dnia
2025-11-01,2025-11-01,Leads PL Dyspozytor Poltrakt,inactive,,,,10,Dzienny,0,0,0,W toku,Kliknięcia z 7 dni lub wyświetlenia z 1 dnia
2025-11-01,2025-11-01,Leads PL Dyspozytor Poltrakt,inactive,,,,10,Dzienny,0,0,0,W toku,Kliknięcia z 7 dni lub wyświetlenia z 1 dnia
2025-11-01,2025-11-01,PL Agency Ads,inactive,,,,10,Dzienny,0,0,0,W toku,Kliknięcia z 7 dni lub wyświetlenia z 1 dnia
2025-11-01,2025-11-01,RU Leads Poltrakt CE PL S/F Start 20.06.2026,inactive,,,,30,Dzienny,0,0,0,W toku,Kliknięcia z 7 dni lub wyświetlenia z 1 dnia
2025-11-01,2025-11-01,Leads RU Mrozek 100 eur,inactive,,,,10,Dzienny,0,0,0,W toku,Kliknięcia z 7 dni lub wyświetlenia z 1 dnia
2025-11-01,2025-11-01,Leads ENG Poltrakt Week/Cadence Poland,inactive,,,,20,Dzienny,0,0,0,W toku,Kliknięcia z 7 dni lub wyświetlenia z 1 dnia
2025-11-01,2025-11-01,PL Agency Ads Start 14.05.2026,inactive,,,,10,Dzienny,0,0,0,W toku,Kliknięcia z 7 dni lub wyświetlenia z 1 dnia
2025-11-01,2025-11-01,Poltrakt PL Magazynier,inactive,,,,5,Dzienny,0,0,0,W toku,Kliknięcia z 7 dni lub wyświetlenia z 1 dnia
2025-11-01,2025-11-01,Poltrakt Drivers CE Week/Full,inactive,,,,Użycie budżetu zestawu reklam,0,0,0,0,W toku,Kliknięcia z 7 dni lub wyświetlenia z 1 dnia
2025-11-01,2025-11-01,Poltrakt PL CE Italy/ pol leads,inactive,,,,11,Dzienny,0,0,0,W toku,Kliknięcia z 7 dni lub wyświetlenia z 1 dnia
2025-11-01,2025-11-01,Poltrakt PL CE Pol Leads,inactive,,,,7,Dzienny,0,0,0,W toku,Kliknięcia z 7 dni lub wyświetlenia z 1 dnia
2025-10-31,2025-10-31,Leads Agency PL,inactive,,,,10,Dzienny,0,0,0,W toku,Kliknięcia z 7 dni lub wyświetlenia z 1 dnia
2025-10-31,2025-10-31,Pracownik Magazynowy PL/ RU/ ENG Leads,inactive,,,,15,Dzienny,0,0,0,W toku,Kliknięcia z 7 dni lub wyświetlenia z 1 dnia
2025-10-31,2025-10-31,Leads RU Mrozek 100 eur,inactive,,,,10,Dzienny,0,0,0,W toku,Kliknięcia z 7 dni lub wyświetlenia z 1 dnia
2025-10-31,2025-10-31,Leads PL Dyspozytor Poltrakt,inactive,,,,10,Dzienny,0,0,0,W toku,Kliknięcia z 7 dni lub wyświetlenia z 1 dnia
2025-10-31,2025-10-31,Leads PL Dyspozytor Poltrakt,inactive,,,,10,Dzienny,0,0,0,W toku,Kliknięcia z 7 dni lub wyświetlenia z 1 dnia
2025-10-31,2025-10-31,PL Agency Ads,inactive,,,,10,Dzienny,0,0,0,W toku,Kliknięcia z 7 dni lub wyświetlenia z 1 dnia
2025-10-31,2025-10-31,RU Leads Poltrakt CE PL S/F Start 20.06.2026,inactive,,,,30,Dzienny,0,0,0,W toku,Kliknięcia z 7 dni lub wyświetlenia z 1 dnia
2025-10-31,2025-10-31,Leads RU Mrozek 100 eur,inactive,,,,10,Dzienny,0,0,0,W toku,Kliknięcia z 7 dni lub wyświetlenia z 1 dnia
2025-10-31,2025-10-31,Leads ENG Poltrakt Week/Cadence Poland,inactive,,,,20,Dzienny,0,0,0,W toku,Kliknięcia z 7 dni lub wyświetlenia z 1 dnia
2025-10-31,2025-10-31,PL Agency Ads Start 14.05.2026,inactive,,,,10,Dzienny,0,0,0,W toku,Kliknięcia z 7 dni lub wyświetlenia z 1 dnia
2025-10-31,2025-10-31,Poltrakt PL Magazynier,inactive,,,,5,Dzienny,0,0,0,W toku,Kliknięcia z 7 dni lub wyświetlenia z 1 dnia
2025-10-31,2025-10-31,Poltrakt Drivers CE Week/Full,inactive,,,,Użycie budżetu zestawu reklam,0,0,0,0,W toku,Kliknięcia z 7 dni lub wyświetlenia z 1 dnia
2025-10-31,2025-10-31,Poltrakt PL CE Italy/ pol leads,inactive,,,,11,Dzienny,0,0,0,W toku,Kliknięcia z 7 dni lub wyświetlenia z 1 dnia
2025-10-31,2025-10-31,Poltrakt PL CE Pol Leads,inactive,,,,7,Dzienny,0,0,0,W toku,Kliknięcia z 7 dni lub wyświetlenia z 1 dnia
2025-10-30,2025-10-30,Leads Agency PL,inactive,,,,10,Dzienny,0,0,0,W toku,Kliknięcia z 7 dni lub wyświetlenia z 1 dnia
2025-10-30,2025-10-30,Pracownik Magazynowy PL/ RU/ ENG Leads,inactive,,,,15,Dzienny,0,0,0,W toku,Kliknięcia z 7 dni lub wyświetlenia z 1 dnia
2025-10-30,2025-10-30,Leads RU Mrozek 100 eur,inactive,,,,10,Dzienny,0,0,0,W toku,Kliknięcia z 7 dni lub wyświetlenia z 1 dnia
2025-10-30,2025-10-30,Leads PL Dyspozytor Poltrakt,inactive,,,,10,Dzienny,0,0,0,W toku,Kliknięcia z 7 dni lub wyświetlenia z 1 dnia
2025-10-30,2025-10-30,Leads PL Dyspozytor Poltrakt,inactive,,,,10,Dzienny,0,0,0,W toku,Kliknięcia z 7 dni lub wyświetlenia z 1 dnia
2025-10-30,2025-10-30,PL Agency Ads,inactive,,,,10,Dzienny,0,0,0,W toku,Kliknięcia z 7 dni lub wyświetlenia z 1 dnia
2025-10-30,2025-10-30,RU Leads Poltrakt CE PL S/F Start 20.06.2026,inactive,,,,30,Dzienny,0,0,0,W toku,Kliknięcia z 7 dni lub wyświetlenia z 1 dnia
2025-10-30,2025-10-30,Leads RU Mrozek 100 eur,inactive,,,,10,Dzienny,0,0,0,W toku,Kliknięcia z 7 dni lub wyświetlenia z 1 dnia
2025-10-30,2025-10-30,Leads ENG Poltrakt Week/Cadence Poland,inactive,,,,20,Dzienny,0,0,0,W toku,Kliknięcia z 7 dni lub wyświetlenia z 1 dnia
2025-10-30,2025-10-30,PL Agency Ads Start 14.05.2026,inactive,,,,10,Dzienny,0,0,0,W toku,Kliknięcia z 7 dni lub wyświetlenia z 1 dnia
2025-10-30,2025-10-30,Poltrakt PL Magazynier,inactive,,,,5,Dzienny,0,0,0,W toku,Kliknięcia z 7 dni lub wyświetlenia z 1 dnia
2025-10-30,2025-10-30,Poltrakt Drivers CE Week/Full,inactive,,,,Użycie budżetu zestawu reklam,0,0,0,0,W toku,Kliknięcia z 7 dni lub wyświetlenia z 1 dnia
2025-10-30,2025-10-30,Poltrakt PL CE Italy/ pol leads,inactive,,,,11,Dzienny,0,0,0,W toku,Kliknięcia z 7 dni lub wyświetlenia z 1 dnia
2025-10-30,2025-10-30,Poltrakt PL CE Pol Leads,inactive,,,,7,Dzienny,0,0,0,W toku,Kliknięcia z 7 dni lub wyświetlenia z 1 dnia
2025-10-29,2025-10-29,Leads Agency PL,inactive,,,,10,Dzienny,0,0,0,W toku,Kliknięcia z 7 dni lub wyświetlenia z 1 dnia
2025-10-29,2025-10-29,Pracownik Magazynowy PL/ RU/ ENG Leads,inactive,,,,15,Dzienny,0,0,0,W toku,Kliknięcia z 7 dni lub wyświetlenia z 1 dnia
2025-10-29,2025-10-29,Leads RU Mrozek 100 eur,inactive,,,,10,Dzienny,0,0,0,W toku,Kliknięcia z 7 dni lub wyświetlenia z 1 dnia
2025-10-29,2025-10-29,Leads PL Dyspozytor Poltrakt,inactive,,,,10,Dzienny,0,0,0,W toku,Kliknięcia z 7 dni lub wyświetlenia z 1 dnia
2025-10-29,2025-10-29,Leads PL Dyspozytor Poltrakt,inactive,,,,10,Dzienny,0,0,0,W toku,Kliknięcia z 7 dni lub wyświetlenia z 1 dnia
2025-10-29,2025-10-29,PL Agency Ads,inactive,,,,10,Dzienny,0,0,0,W toku,Kliknięcia z 7 dni lub wyświetlenia z 1 dnia
2025-10-29,2025-10-29,RU Leads Poltrakt CE PL S/F Start 20.06.2026,inactive,,,,30,Dzienny,0,0,0,W toku,Kliknięcia z 7 dni lub wyświetlenia z 1 dnia
2025-10-29,2025-10-29,Leads RU Mrozek 100 eur,inactive,,,,10,Dzienny,0,0,0,W toku,Kliknięcia z 7 dni lub wyświetlenia z 1 dnia
2025-10-29,2025-10-29,Leads ENG Poltrakt Week/Cadence Poland,inactive,,,,20,Dzienny,0,0,0,W toku,Kliknięcia z 7 dni lub wyświetlenia z 1 dnia
2025-10-29,2025-10-29,PL Agency Ads Start 14.05.2026,inactive,,,,10,Dzienny,0,0,0,W toku,Kliknięcia z 7 dni lub wyświetlenia z 1 dnia
2025-10-29,2025-10-29,Poltrakt PL Magazynier,inactive,,,,5,Dzienny,0,0,0,W toku,Kliknięcia z 7 dni lub wyświetlenia z 1 dnia
2025-10-29,2025-10-29,Poltrakt Drivers CE Week/Full,inactive,,,,Użycie budżetu zestawu reklam,0,0,0,0,W toku,Kliknięcia z 7 dni lub wyświetlenia z 1 dnia
2025-10-29,2025-10-29,Poltrakt PL CE Italy/ pol leads,inactive,,,,11,Dzienny,0,0,0,W toku,Kliknięcia z 7 dni lub wyświetlenia z 1 dnia
2025-10-29,2025-10-29,Poltrakt PL CE Pol Leads,inactive,,,,7,Dzienny,0,0,0,W toku,Kliknięcia z 7 dni lub wyświetlenia z 1 dnia
2025-10-28,2025-10-28,Leads Agency PL,inactive,,,,10,Dzienny,0,0,0,W toku,Kliknięcia z 7 dni lub wyświetlenia z 1 dnia
2025-10-28,2025-10-28,Pracownik Magazynowy PL/ RU/ ENG Leads,inactive,,,,15,Dzienny,0,0,0,W toku,Kliknięcia z 7 dni lub wyświetlenia z 1 dnia
2025-10-28,2025-10-28,Leads RU Mrozek 100 eur,inactive,,,,10,Dzienny,0,0,0,W toku,Kliknięcia z 7 dni lub wyświetlenia z 1 dnia
2025-10-28,2025-10-28,Leads PL Dyspozytor Poltrakt,inactive,,,,10,Dzienny,0,0,0,W toku,Kliknięcia z 7 dni lub wyświetlenia z 1 dnia
2025-10-28,2025-10-28,Leads PL Dyspozytor Poltrakt,inactive,,,,10,Dzienny,0,0,0,W toku,Kliknięcia z 7 dni lub wyświetlenia z 1 dnia
2025-10-28,2025-10-28,PL Agency Ads,inactive,,,,10,Dzienny,0,0,0,W toku,Kliknięcia z 7 dni lub wyświetlenia z 1 dnia
2025-10-28,2025-10-28,RU Leads Poltrakt CE PL S/F Start 20.06.2026,inactive,,,,30,Dzienny,0,0,0,W toku,Kliknięcia z 7 dni lub wyświetlenia z 1 dnia
2025-10-28,2025-10-28,Leads RU Mrozek 100 eur,inactive,,,,10,Dzienny,0,0,0,W toku,Kliknięcia z 7 dni lub wyświetlenia z 1 dnia
2025-10-28,2025-10-28,Leads ENG Poltrakt Week/Cadence Poland,inactive,,,,20,Dzienny,0,0,0,W toku,Kliknięcia z 7 dni lub wyświetlenia z 1 dnia
2025-10-28,2025-10-28,PL Agency Ads Start 14.05.2026,inactive,,,,10,Dzienny,0,0,0,W toku,Kliknięcia z 7 dni lub wyświetlenia z 1 dnia
2025-10-28,2025-10-28,Poltrakt PL Magazynier,inactive,,,,5,Dzienny,0,0,0,W toku,Kliknięcia z 7 dni lub wyświetlenia z 1 dnia
2025-10-28,2025-10-28,Poltrakt Drivers CE Week/Full,inactive,,,,Użycie budżetu zestawu reklam,0,0,0,0,W toku,Kliknięcia z 7 dni lub wyświetlenia z 1 dnia
2025-10-28,2025-10-28,Poltrakt PL CE Italy/ pol leads,inactive,,,,11,Dzienny,0,0,0,W toku,Kliknięcia z 7 dni lub wyświetlenia z 1 dnia
2025-10-28,2025-10-28,Poltrakt PL CE Pol Leads,inactive,,,,7,Dzienny,0,0,0,W toku,Kliknięcia z 7 dni lub wyświetlenia z 1 dnia
2025-10-27,2025-10-27,Leads Agency PL,inactive,,,,10,Dzienny,0,0,0,W toku,Kliknięcia z 7 dni lub wyświetlenia z 1 dnia
2025-10-27,2025-10-27,Pracownik Magazynowy PL/ RU/ ENG Leads,inactive,,,,15,Dzienny,0,0,0,W toku,Kliknięcia z 7 dni lub wyświetlenia z 1 dnia
2025-10-27,2025-10-27,Leads RU Mrozek 100 eur,inactive,,,,10,Dzienny,0,0,0,W toku,Kliknięcia z 7 dni lub wyświetlenia z 1 dnia
2025-10-27,2025-10-27,Leads PL Dyspozytor Poltrakt,inactive,,,,10,Dzienny,0,0,0,W toku,Kliknięcia z 7 dni lub wyświetlenia z 1 dnia
2025-10-27,2025-10-27,Leads PL Dyspozytor Poltrakt,inactive,,,,10,Dzienny,0,0,0,W toku,Kliknięcia z 7 dni lub wyświetlenia z 1 dnia
2025-10-27,2025-10-27,PL Agency Ads,inactive,,,,10,Dzienny,0,0,0,W toku,Kliknięcia z 7 dni lub wyświetlenia z 1 dnia
2025-10-27,2025-10-27,RU Leads Poltrakt CE PL S/F Start 20.06.2026,inactive,,,,30,Dzienny,0,0,0,W toku,Kliknięcia z 7 dni lub wyświetlenia z 1 dnia
2025-10-27,2025-10-27,Leads RU Mrozek 100 eur,inactive,,,,10,Dzienny,0,0,0,W toku,Kliknięcia z 7 dni lub wyświetlenia z 1 dnia
2025-10-27,2025-10-27,Leads ENG Poltrakt Week/Cadence Poland,inactive,,,,20,Dzienny,0,0,0,W toku,Kliknięcia z 7 dni lub wyświetlenia z 1 dnia
2025-10-27,2025-10-27,PL Agency Ads Start 14.05.2026,inactive,,,,10,Dzienny,0,0,0,W toku,Kliknięcia z 7 dni lub wyświetlenia z 1 dnia
2025-10-27,2025-10-27,Poltrakt PL Magazynier,inactive,,,,5,Dzienny,0,0,0,W toku,Kliknięcia z 7 dni lub wyświetlenia z 1 dnia
2025-10-27,2025-10-27,Poltrakt Drivers CE Week/Full,inactive,,,,Użycie budżetu zestawu reklam,0,0,0,0,W toku,Kliknięcia z 7 dni lub wyświetlenia z 1 dnia
2025-10-27,2025-10-27,Poltrakt PL CE Italy/ pol leads,inactive,,,,11,Dzienny,0,0,0,W toku,Kliknięcia z 7 dni lub wyświetlenia z 1 dnia
2025-10-27,2025-10-27,Poltrakt PL CE Pol Leads,inactive,,,,7,Dzienny,0,0,0,W toku,Kliknięcia z 7 dni lub wyświetlenia z 1 dnia
2025-10-26,2025-10-26,Leads Agency PL,inactive,,,,10,Dzienny,0,0,0,W toku,Kliknięcia z 7 dni lub wyświetlenia z 1 dnia
2025-10-26,2025-10-26,Pracownik Magazynowy PL/ RU/ ENG Leads,inactive,,,,15,Dzienny,0,0,0,W toku,Kliknięcia z 7 dni lub wyświetlenia z 1 dnia
2025-10-26,2025-10-26,Leads RU Mrozek 100 eur,inactive,,,,10,Dzienny,0,0,0,W toku,Kliknięcia z 7 dni lub wyświetlenia z 1 dnia
2025-10-26,2025-10-26,Leads PL Dyspozytor Poltrakt,inactive,,,,10,Dzienny,0,0,0,W toku,Kliknięcia z 7 dni lub wyświetlenia z 1 dnia
2025-10-26,2025-10-26,Leads PL Dyspozytor Poltrakt,inactive,,,,10,Dzienny,0,0,0,W toku,Kliknięcia z 7 dni lub wyświetlenia z 1 dnia
2025-10-26,2025-10-26,PL Agency Ads,inactive,,,,10,Dzienny,0,0,0,W toku,Kliknięcia z 7 dni lub wyświetlenia z 1 dnia
2025-10-26,2025-10-26,RU Leads Poltrakt CE PL S/F Start 20.06.2026,inactive,,,,30,Dzienny,0,0,0,W toku,Kliknięcia z 7 dni lub wyświetlenia z 1 dnia
2025-10-26,2025-10-26,Leads RU Mrozek 100 eur,inactive,,,,10,Dzienny,0,0,0,W toku,Kliknięcia z 7 dni lub wyświetlenia z 1 dnia
2025-10-26,2025-10-26,Leads ENG Poltrakt Week/Cadence Poland,inactive,,,,20,Dzienny,0,0,0,W toku,Kliknięcia z 7 dni lub wyświetlenia z 1 dnia
2025-10-26,2025-10-26,PL Agency Ads Start 14.05.2026,inactive,,,,10,Dzienny,0,0,0,W toku,Kliknięcia z 7 dni lub wyświetlenia z 1 dnia
2025-10-26,2025-10-26,Poltrakt PL Magazynier,inactive,,,,5,Dzienny,0,0,0,W toku,Kliknięcia z 7 dni lub wyświetlenia z 1 dnia
2025-10-26,2025-10-26,Poltrakt Drivers CE Week/Full,inactive,,,,Użycie budżetu zestawu reklam,0,0,0,0,W toku,Kliknięcia z 7 dni lub wyświetlenia z 1 dnia
2025-10-26,2025-10-26,Poltrakt PL CE Italy/ pol leads,inactive,,,,11,Dzienny,0,0,0,W toku,Kliknięcia z 7 dni lub wyświetlenia z 1 dnia
2025-10-26,2025-10-26,Poltrakt PL CE Pol Leads,inactive,,,,7,Dzienny,0,0,0,W toku,Kliknięcia z 7 dni lub wyświetlenia z 1 dnia
2025-10-25,2025-10-25,Leads Agency PL,inactive,,,,10,Dzienny,0,0,0,W toku,Kliknięcia z 7 dni lub wyświetlenia z 1 dnia
2025-10-25,2025-10-25,Pracownik Magazynowy PL/ RU/ ENG Leads,inactive,,,,15,Dzienny,0,0,0,W toku,Kliknięcia z 7 dni lub wyświetlenia z 1 dnia
2025-10-25,2025-10-25,Leads RU Mrozek 100 eur,inactive,,,,10,Dzienny,0,0,0,W toku,Kliknięcia z 7 dni lub wyświetlenia z 1 dnia
2025-10-25,2025-10-25,Leads PL Dyspozytor Poltrakt,inactive,,,,10,Dzienny,0,0,0,W toku,Kliknięcia z 7 dni lub wyświetlenia z 1 dnia
2025-10-25,2025-10-25,Leads PL Dyspozytor Poltrakt,inactive,,,,10,Dzienny,0,0,0,W toku,Kliknięcia z 7 dni lub wyświetlenia z 1 dnia
2025-10-25,2025-10-25,PL Agency Ads,inactive,,,,10,Dzienny,0,0,0,W toku,Kliknięcia z 7 dni lub wyświetlenia z 1 dnia
2025-10-25,2025-10-25,RU Leads Poltrakt CE PL S/F Start 20.06.2026,inactive,,,,30,Dzienny,0,0,0,W toku,Kliknięcia z 7 dni lub wyświetlenia z 1 dnia
2025-10-25,2025-10-25,Leads RU Mrozek 100 eur,inactive,,,,10,Dzienny,0,0,0,W toku,Kliknięcia z 7 dni lub wyświetlenia z 1 dnia
2025-10-25,2025-10-25,Leads ENG Poltrakt Week/Cadence Poland,inactive,,,,20,Dzienny,0,0,0,W toku,Kliknięcia z 7 dni lub wyświetlenia z 1 dnia
2025-10-25,2025-10-25,PL Agency Ads Start 14.05.2026,inactive,,,,10,Dzienny,0,0,0,W toku,Kliknięcia z 7 dni lub wyświetlenia z 1 dnia
2025-10-25,2025-10-25,Poltrakt PL Magazynier,inactive,,,,5,Dzienny,0,0,0,W toku,Kliknięcia z 7 dni lub wyświetlenia z 1 dnia
2025-10-25,2025-10-25,Poltrakt Drivers CE Week/Full,inactive,,,,Użycie budżetu zestawu reklam,0,0,0,0,W toku,Kliknięcia z 7 dni lub wyświetlenia z 1 dnia
2025-10-25,2025-10-25,Poltrakt PL CE Italy/ pol leads,inactive,,,,11,Dzienny,0,0,0,W toku,Kliknięcia z 7 dni lub wyświetlenia z 1 dnia
2025-10-25,2025-10-25,Poltrakt PL CE Pol Leads,inactive,,,,7,Dzienny,0,0,0,W toku,Kliknięcia z 7 dni lub wyświetlenia z 1 dnia
2025-10-24,2025-10-24,Leads Agency PL,inactive,,,,10,Dzienny,0,0,0,W toku,Kliknięcia z 7 dni lub wyświetlenia z 1 dnia
2025-10-24,2025-10-24,Pracownik Magazynowy PL/ RU/ ENG Leads,inactive,,,,15,Dzienny,0,0,0,W toku,Kliknięcia z 7 dni lub wyświetlenia z 1 dnia
2025-10-24,2025-10-24,Leads RU Mrozek 100 eur,inactive,,,,10,Dzienny,0,0,0,W toku,Kliknięcia z 7 dni lub wyświetlenia z 1 dnia
2025-10-24,2025-10-24,Leads PL Dyspozytor Poltrakt,inactive,,,,10,Dzienny,0,0,0,W toku,Kliknięcia z 7 dni lub wyświetlenia z 1 dnia
2025-10-24,2025-10-24,Leads PL Dyspozytor Poltrakt,inactive,,,,10,Dzienny,0,0,0,W toku,Kliknięcia z 7 dni lub wyświetlenia z 1 dnia
2025-10-24,2025-10-24,PL Agency Ads,inactive,,,,10,Dzienny,0,0,0,W toku,Kliknięcia z 7 dni lub wyświetlenia z 1 dnia
2025-10-24,2025-10-24,RU Leads Poltrakt CE PL S/F Start 20.06.2026,inactive,,,,30,Dzienny,0,0,0,W toku,Kliknięcia z 7 dni lub wyświetlenia z 1 dnia
2025-10-24,2025-10-24,Leads RU Mrozek 100 eur,inactive,,,,10,Dzienny,0,0,0,W toku,Kliknięcia z 7 dni lub wyświetlenia z 1 dnia
2025-10-24,2025-10-24,Leads ENG Poltrakt Week/Cadence Poland,inactive,,,,20,Dzienny,0,0,0,W toku,Kliknięcia z 7 dni lub wyświetlenia z 1 dnia
2025-10-24,2025-10-24,PL Agency Ads Start 14.05.2026,inactive,,,,10,Dzienny,0,0,0,W toku,Kliknięcia z 7 dni lub wyświetlenia z 1 dnia
2025-10-24,2025-10-24,Poltrakt PL Magazynier,inactive,,,,5,Dzienny,0,0,0,W toku,Kliknięcia z 7 dni lub wyświetlenia z 1 dnia
2025-10-24,2025-10-24,Poltrakt Drivers CE Week/Full,inactive,,,,Użycie budżetu zestawu reklam,0,0,0,0,W toku,Kliknięcia z 7 dni lub wyświetlenia z 1 dnia
2025-10-24,2025-10-24,Poltrakt PL CE Italy/ pol leads,inactive,,,,11,Dzienny,0,0,0,W toku,Kliknięcia z 7 dni lub wyświetlenia z 1 dnia
2025-10-24,2025-10-24,Poltrakt PL CE Pol Leads,inactive,,,,7,Dzienny,0,0,0,W toku,Kliknięcia z 7 dni lub wyświetlenia z 1 dnia
2025-10-23,2025-10-23,Leads Agency PL,inactive,,,,10,Dzienny,0,0,0,W toku,Kliknięcia z 7 dni lub wyświetlenia z 1 dnia
2025-10-23,2025-10-23,Pracownik Magazynowy PL/ RU/ ENG Leads,inactive,,,,15,Dzienny,0,0,0,W toku,Kliknięcia z 7 dni lub wyświetlenia z 1 dnia
2025-10-23,2025-10-23,Leads RU Mrozek 100 eur,inactive,,,,10,Dzienny,0,0,0,W toku,Kliknięcia z 7 dni lub wyświetlenia z 1 dnia
2025-10-23,2025-10-23,Leads PL Dyspozytor Poltrakt,inactive,,,,10,Dzienny,0,0,0,W toku,Kliknięcia z 7 dni lub wyświetlenia z 1 dnia
2025-10-23,2025-10-23,Leads PL Dyspozytor Poltrakt,inactive,,,,10,Dzienny,0,0,0,W toku,Kliknięcia z 7 dni lub wyświetlenia z 1 dnia
2025-10-23,2025-10-23,PL Agency Ads,inactive,,,,10,Dzienny,0,0,0,W toku,Kliknięcia z 7 dni lub wyświetlenia z 1 dnia
2025-10-23,2025-10-23,RU Leads Poltrakt CE PL S/F Start 20.06.2026,inactive,,,,30,Dzienny,0,0,0,W toku,Kliknięcia z 7 dni lub wyświetlenia z 1 dnia
2025-10-23,2025-10-23,Leads RU Mrozek 100 eur,inactive,,,,10,Dzienny,0,0,0,W toku,Kliknięcia z 7 dni lub wyświetlenia z 1 dnia
2025-10-23,2025-10-23,Leads ENG Poltrakt Week/Cadence Poland,inactive,,,,20,Dzienny,0,0,0,W toku,Kliknięcia z 7 dni lub wyświetlenia z 1 dnia
2025-10-23,2025-10-23,PL Agency Ads Start 14.05.2026,inactive,,,,10,Dzienny,0,0,0,W toku,Kliknięcia z 7 dni lub wyświetlenia z 1 dnia
2025-10-23,2025-10-23,Poltrakt PL Magazynier,inactive,,,,5,Dzienny,0,0,0,W toku,Kliknięcia z 7 dni lub wyświetlenia z 1 dnia
2025-10-23,2025-10-23,Poltrakt Drivers CE Week/Full,inactive,,,,Użycie budżetu zestawu reklam,0,0,0,0,W toku,Kliknięcia z 7 dni lub wyświetlenia z 1 dnia
2025-10-23,2025-10-23,Poltrakt PL CE Italy/ pol leads,inactive,,,,11,Dzienny,0,0,0,W toku,Kliknięcia z 7 dni lub wyświetlenia z 1 dnia
2025-10-23,2025-10-23,Poltrakt PL CE Pol Leads,inactive,,,,7,Dzienny,0,0,0,W toku,Kliknięcia z 7 dni lub wyświetlenia z 1 dnia
2025-10-22,2025-10-22,Leads Agency PL,inactive,,,,10,Dzienny,0,0,0,W toku,Kliknięcia z 7 dni lub wyświetlenia z 1 dnia
2025-10-22,2025-10-22,Pracownik Magazynowy PL/ RU/ ENG Leads,inactive,,,,15,Dzienny,0,0,0,W toku,Kliknięcia z 7 dni lub wyświetlenia z 1 dnia
2025-10-22,2025-10-22,Leads RU Mrozek 100 eur,inactive,,,,10,Dzienny,0,0,0,W toku,Kliknięcia z 7 dni lub wyświetlenia z 1 dnia
2025-10-22,2025-10-22,Leads PL Dyspozytor Poltrakt,inactive,,,,10,Dzienny,0,0,0,W toku,Kliknięcia z 7 dni lub wyświetlenia z 1 dnia
2025-10-22,2025-10-22,Leads PL Dyspozytor Poltrakt,inactive,,,,10,Dzienny,0,0,0,W toku,Kliknięcia z 7 dni lub wyświetlenia z 1 dnia
2025-10-22,2025-10-22,PL Agency Ads,inactive,,,,10,Dzienny,0,0,0,W toku,Kliknięcia z 7 dni lub wyświetlenia z 1 dnia
2025-10-22,2025-10-22,RU Leads Poltrakt CE PL S/F Start 20.06.2026,inactive,,,,30,Dzienny,0,0,0,W toku,Kliknięcia z 7 dni lub wyświetlenia z 1 dnia
2025-10-22,2025-10-22,Leads RU Mrozek 100 eur,inactive,,,,10,Dzienny,0,0,0,W toku,Kliknięcia z 7 dni lub wyświetlenia z 1 dnia
2025-10-22,2025-10-22,Leads ENG Poltrakt Week/Cadence Poland,inactive,,,,20,Dzienny,0,0,0,W toku,Kliknięcia z 7 dni lub wyświetlenia z 1 dnia
2025-10-22,2025-10-22,PL Agency Ads Start 14.05.2026,inactive,,,,10,Dzienny,0,0,0,W toku,Kliknięcia z 7 dni lub wyświetlenia z 1 dnia
2025-10-22,2025-10-22,Poltrakt PL Magazynier,inactive,,,,5,Dzienny,0,0,0,W toku,Kliknięcia z 7 dni lub wyświetlenia z 1 dnia
2025-10-22,2025-10-22,Poltrakt Drivers CE Week/Full,inactive,,,,Użycie budżetu zestawu reklam,0,0,0,0,W toku,Kliknięcia z 7 dni lub wyświetlenia z 1 dnia
2025-10-22,2025-10-22,Poltrakt PL CE Italy/ pol leads,inactive,,,,11,Dzienny,0,0,0,W toku,Kliknięcia z 7 dni lub wyświetlenia z 1 dnia
2025-10-22,2025-10-22,Poltrakt PL CE Pol Leads,inactive,,,,7,Dzienny,0,0,0,W toku,Kliknięcia z 7 dni lub wyświetlenia z 1 dnia
2025-10-21,2025-10-21,Leads Agency PL,inactive,,,,10,Dzienny,0,0,0,W toku,Kliknięcia z 7 dni lub wyświetlenia z 1 dnia
2025-10-21,2025-10-21,Pracownik Magazynowy PL/ RU/ ENG Leads,inactive,,,,15,Dzienny,0,0,0,W toku,Kliknięcia z 7 dni lub wyświetlenia z 1 dnia
2025-10-21,2025-10-21,Leads RU Mrozek 100 eur,inactive,,,,10,Dzienny,0,0,0,W toku,Kliknięcia z 7 dni lub wyświetlenia z 1 dnia
2025-10-21,2025-10-21,Leads PL Dyspozytor Poltrakt,inactive,,,,10,Dzienny,0,0,0,W toku,Kliknięcia z 7 dni lub wyświetlenia z 1 dnia
2025-10-21,2025-10-21,Leads PL Dyspozytor Poltrakt,inactive,,,,10,Dzienny,0,0,0,W toku,Kliknięcia z 7 dni lub wyświetlenia z 1 dnia
2025-10-21,2025-10-21,PL Agency Ads,inactive,,,,10,Dzienny,0,0,0,W toku,Kliknięcia z 7 dni lub wyświetlenia z 1 dnia
2025-10-21,2025-10-21,RU Leads Poltrakt CE PL S/F Start 20.06.2026,inactive,,,,30,Dzienny,0,0,0,W toku,Kliknięcia z 7 dni lub wyświetlenia z 1 dnia
2025-10-21,2025-10-21,Leads RU Mrozek 100 eur,inactive,,,,10,Dzienny,0,0,0,W toku,Kliknięcia z 7 dni lub wyświetlenia z 1 dnia
2025-10-21,2025-10-21,Leads ENG Poltrakt Week/Cadence Poland,inactive,,,,20,Dzienny,0,0,0,W toku,Kliknięcia z 7 dni lub wyświetlenia z 1 dnia
2025-10-21,2025-10-21,PL Agency Ads Start 14.05.2026,inactive,,,,10,Dzienny,0,0,0,W toku,Kliknięcia z 7 dni lub wyświetlenia z 1 dnia
2025-10-21,2025-10-21,Poltrakt PL Magazynier,inactive,,,,5,Dzienny,0,0,0,W toku,Kliknięcia z 7 dni lub wyświetlenia z 1 dnia
2025-10-21,2025-10-21,Poltrakt Drivers CE Week/Full,inactive,,,,Użycie budżetu zestawu reklam,0,0,0,0,W toku,Kliknięcia z 7 dni lub wyświetlenia z 1 dnia
2025-10-21,2025-10-21,Poltrakt PL CE Italy/ pol leads,inactive,,,,11,Dzienny,0,0,0,W toku,Kliknięcia z 7 dni lub wyświetlenia z 1 dnia
2025-10-21,2025-10-21,Poltrakt PL CE Pol Leads,inactive,,,,7,Dzienny,0,0,0,W toku,Kliknięcia z 7 dni lub wyświetlenia z 1 dnia
2025-10-20,2025-10-20,Leads Agency PL,inactive,,,,10,Dzienny,0,0,0,W toku,Kliknięcia z 7 dni lub wyświetlenia z 1 dnia
2025-10-20,2025-10-20,Pracownik Magazynowy PL/ RU/ ENG Leads,inactive,,,,15,Dzienny,0,0,0,W toku,Kliknięcia z 7 dni lub wyświetlenia z 1 dnia
2025-10-20,2025-10-20,Leads RU Mrozek 100 eur,inactive,,,,10,Dzienny,0,0,0,W toku,Kliknięcia z 7 dni lub wyświetlenia z 1 dnia
2025-10-20,2025-10-20,Leads PL Dyspozytor Poltrakt,inactive,,,,10,Dzienny,0,0,0,W toku,Kliknięcia z 7 dni lub wyświetlenia z 1 dnia
2025-10-20,2025-10-20,Leads PL Dyspozytor Poltrakt,inactive,,,,10,Dzienny,0,0,0,W toku,Kliknięcia z 7 dni lub wyświetlenia z 1 dnia
2025-10-20,2025-10-20,PL Agency Ads,inactive,,,,10,Dzienny,0,0,0,W toku,Kliknięcia z 7 dni lub wyświetlenia z 1 dnia
2025-10-20,2025-10-20,RU Leads Poltrakt CE PL S/F Start 20.06.2026,inactive,,,,30,Dzienny,0,0,0,W toku,Kliknięcia z 7 dni lub wyświetlenia z 1 dnia
2025-10-20,2025-10-20,Leads RU Mrozek 100 eur,inactive,,,,10,Dzienny,0,0,0,W toku,Kliknięcia z 7 dni lub wyświetlenia z 1 dnia
2025-10-20,2025-10-20,Leads ENG Poltrakt Week/Cadence Poland,inactive,,,,20,Dzienny,0,0,0,W toku,Kliknięcia z 7 dni lub wyświetlenia z 1 dnia
2025-10-20,2025-10-20,PL Agency Ads Start 14.05.2026,inactive,,,,10,Dzienny,0,0,0,W toku,Kliknięcia z 7 dni lub wyświetlenia z 1 dnia
2025-10-20,2025-10-20,Poltrakt PL Magazynier,inactive,,,,5,Dzienny,0,0,0,W toku,Kliknięcia z 7 dni lub wyświetlenia z 1 dnia
2025-10-20,2025-10-20,Poltrakt Drivers CE Week/Full,inactive,,,,Użycie budżetu zestawu reklam,0,0,0,0,W toku,Kliknięcia z 7 dni lub wyświetlenia z 1 dnia
2025-10-20,2025-10-20,Poltrakt PL CE Italy/ pol leads,inactive,,,,11,Dzienny,0,0,0,W toku,Kliknięcia z 7 dni lub wyświetlenia z 1 dnia
2025-10-20,2025-10-20,Poltrakt PL CE Pol Leads,inactive,,,,7,Dzienny,0,0,0,W toku,Kliknięcia z 7 dni lub wyświetlenia z 1 dnia
2025-10-19,2025-10-19,Leads Agency PL,inactive,,,,10,Dzienny,0,0,0,W toku,Kliknięcia z 7 dni lub wyświetlenia z 1 dnia
2025-10-19,2025-10-19,Pracownik Magazynowy PL/ RU/ ENG Leads,inactive,,,,15,Dzienny,0,0,0,W toku,Kliknięcia z 7 dni lub wyświetlenia z 1 dnia
2025-10-19,2025-10-19,Leads RU Mrozek 100 eur,inactive,,,,10,Dzienny,0,0,0,W toku,Kliknięcia z 7 dni lub wyświetlenia z 1 dnia
2025-10-19,2025-10-19,Leads PL Dyspozytor Poltrakt,inactive,,,,10,Dzienny,0,0,0,W toku,Kliknięcia z 7 dni lub wyświetlenia z 1 dnia
2025-10-19,2025-10-19,Leads PL Dyspozytor Poltrakt,inactive,,,,10,Dzienny,0,0,0,W toku,Kliknięcia z 7 dni lub wyświetlenia z 1 dnia
2025-10-19,2025-10-19,PL Agency Ads,inactive,,,,10,Dzienny,0,0,0,W toku,Kliknięcia z 7 dni lub wyświetlenia z 1 dnia
2025-10-19,2025-10-19,RU Leads Poltrakt CE PL S/F Start 20.06.2026,inactive,,,,30,Dzienny,0,0,0,W toku,Kliknięcia z 7 dni lub wyświetlenia z 1 dnia
2025-10-19,2025-10-19,Leads RU Mrozek 100 eur,inactive,,,,10,Dzienny,0,0,0,W toku,Kliknięcia z 7 dni lub wyświetlenia z 1 dnia
2025-10-19,2025-10-19,Leads ENG Poltrakt Week/Cadence Poland,inactive,,,,20,Dzienny,0,0,0,W toku,Kliknięcia z 7 dni lub wyświetlenia z 1 dnia
2025-10-19,2025-10-19,PL Agency Ads Start 14.05.2026,inactive,,,,10,Dzienny,0,0,0,W toku,Kliknięcia z 7 dni lub wyświetlenia z 1 dnia
2025-10-19,2025-10-19,Poltrakt PL Magazynier,inactive,,,,5,Dzienny,0,0,0,W toku,Kliknięcia z 7 dni lub wyświetlenia z 1 dnia
2025-10-19,2025-10-19,Poltrakt Drivers CE Week/Full,inactive,,,,Użycie budżetu zestawu reklam,0,0,0,0,W toku,Kliknięcia z 7 dni lub wyświetlenia z 1 dnia
2025-10-19,2025-10-19,Poltrakt PL CE Italy/ pol leads,inactive,,,,11,Dzienny,0,0,0,W toku,Kliknięcia z 7 dni lub wyświetlenia z 1 dnia
2025-10-19,2025-10-19,Poltrakt PL CE Pol Leads,inactive,,,,7,Dzienny,0,0,0,W toku,Kliknięcia z 7 dni lub wyświetlenia z 1 dnia
2025-10-18,2025-10-18,Leads Agency PL,inactive,,,,10,Dzienny,0,0,0,W toku,Kliknięcia z 7 dni lub wyświetlenia z 1 dnia
2025-10-18,2025-10-18,Pracownik Magazynowy PL/ RU/ ENG Leads,inactive,,,,15,Dzienny,0,0,0,W toku,Kliknięcia z 7 dni lub wyświetlenia z 1 dnia
2025-10-18,2025-10-18,Leads RU Mrozek 100 eur,inactive,,,,10,Dzienny,0,0,0,W toku,Kliknięcia z 7 dni lub wyświetlenia z 1 dnia
2025-10-18,2025-10-18,Leads PL Dyspozytor Poltrakt,inactive,,,,10,Dzienny,0,0,0,W toku,Kliknięcia z 7 dni lub wyświetlenia z 1 dnia
2025-10-18,2025-10-18,Leads PL Dyspozytor Poltrakt,inactive,,,,10,Dzienny,0,0,0,W toku,Kliknięcia z 7 dni lub wyświetlenia z 1 dnia
2025-10-18,2025-10-18,PL Agency Ads,inactive,,,,10,Dzienny,0,0,0,W toku,Kliknięcia z 7 dni lub wyświetlenia z 1 dnia
2025-10-18,2025-10-18,RU Leads Poltrakt CE PL S/F Start 20.06.2026,inactive,,,,30,Dzienny,0,0,0,W toku,Kliknięcia z 7 dni lub wyświetlenia z 1 dnia
2025-10-18,2025-10-18,Leads RU Mrozek 100 eur,inactive,,,,10,Dzienny,0,0,0,W toku,Kliknięcia z 7 dni lub wyświetlenia z 1 dnia
2025-10-18,2025-10-18,Leads ENG Poltrakt Week/Cadence Poland,inactive,,,,20,Dzienny,0,0,0,W toku,Kliknięcia z 7 dni lub wyświetlenia z 1 dnia
2025-10-18,2025-10-18,PL Agency Ads Start 14.05.2026,inactive,,,,10,Dzienny,0,0,0,W toku,Kliknięcia z 7 dni lub wyświetlenia z 1 dnia
2025-10-18,2025-10-18,Poltrakt PL Magazynier,inactive,,,,5,Dzienny,0,0,0,W toku,Kliknięcia z 7 dni lub wyświetlenia z 1 dnia
2025-10-18,2025-10-18,Poltrakt Drivers CE Week/Full,inactive,,,,Użycie budżetu zestawu reklam,0,0,0,0,W toku,Kliknięcia z 7 dni lub wyświetlenia z 1 dnia
2025-10-18,2025-10-18,Poltrakt PL CE Italy/ pol leads,inactive,,,,11,Dzienny,0,0,0,W toku,Kliknięcia z 7 dni lub wyświetlenia z 1 dnia
2025-10-18,2025-10-18,Poltrakt PL CE Pol Leads,inactive,,,,7,Dzienny,0,0,0,W toku,Kliknięcia z 7 dni lub wyświetlenia z 1 dnia
2025-10-17,2025-10-17,Leads Agency PL,inactive,,,,10,Dzienny,0,0,0,W toku,Kliknięcia z 7 dni lub wyświetlenia z 1 dnia
2025-10-17,2025-10-17,Pracownik Magazynowy PL/ RU/ ENG Leads,inactive,,,,15,Dzienny,0,0,0,W toku,Kliknięcia z 7 dni lub wyświetlenia z 1 dnia
2025-10-17,2025-10-17,Leads RU Mrozek 100 eur,inactive,,,,10,Dzienny,0,0,0,W toku,Kliknięcia z 7 dni lub wyświetlenia z 1 dnia
2025-10-17,2025-10-17,Leads PL Dyspozytor Poltrakt,inactive,,,,10,Dzienny,0,0,0,W toku,Kliknięcia z 7 dni lub wyświetlenia z 1 dnia
2025-10-17,2025-10-17,Leads PL Dyspozytor Poltrakt,inactive,,,,10,Dzienny,0,0,0,W toku,Kliknięcia z 7 dni lub wyświetlenia z 1 dnia
2025-10-17,2025-10-17,PL Agency Ads,inactive,,,,10,Dzienny,0,0,0,W toku,Kliknięcia z 7 dni lub wyświetlenia z 1 dnia
2025-10-17,2025-10-17,RU Leads Poltrakt CE PL S/F Start 20.06.2026,inactive,,,,30,Dzienny,0,0,0,W toku,Kliknięcia z 7 dni lub wyświetlenia z 1 dnia
2025-10-17,2025-10-17,Leads RU Mrozek 100 eur,inactive,,,,10,Dzienny,0,0,0,W toku,Kliknięcia z 7 dni lub wyświetlenia z 1 dnia
2025-10-17,2025-10-17,Leads ENG Poltrakt Week/Cadence Poland,inactive,,,,20,Dzienny,0,0,0,W toku,Kliknięcia z 7 dni lub wyświetlenia z 1 dnia
2025-10-17,2025-10-17,PL Agency Ads Start 14.05.2026,inactive,,,,10,Dzienny,0,0,0,W toku,Kliknięcia z 7 dni lub wyświetlenia z 1 dnia
2025-10-17,2025-10-17,Poltrakt PL Magazynier,inactive,,,,5,Dzienny,0,0,0,W toku,Kliknięcia z 7 dni lub wyświetlenia z 1 dnia
2025-10-17,2025-10-17,Poltrakt Drivers CE Week/Full,inactive,,,,Użycie budżetu zestawu reklam,0,0,0,0,W toku,Kliknięcia z 7 dni lub wyświetlenia z 1 dnia
2025-10-17,2025-10-17,Poltrakt PL CE Italy/ pol leads,inactive,,,,11,Dzienny,0,0,0,W toku,Kliknięcia z 7 dni lub wyświetlenia z 1 dnia
2025-10-17,2025-10-17,Poltrakt PL CE Pol Leads,inactive,,,,7,Dzienny,0,0,0,W toku,Kliknięcia z 7 dni lub wyświetlenia z 1 dnia
2025-10-16,2025-10-16,Leads Agency PL,inactive,,,,10,Dzienny,0,0,0,W toku,Kliknięcia z 7 dni lub wyświetlenia z 1 dnia
2025-10-16,2025-10-16,Pracownik Magazynowy PL/ RU/ ENG Leads,inactive,,,,15,Dzienny,0,0,0,W toku,Kliknięcia z 7 dni lub wyświetlenia z 1 dnia
2025-10-16,2025-10-16,Leads RU Mrozek 100 eur,inactive,,,,10,Dzienny,0,0,0,W toku,Kliknięcia z 7 dni lub wyświetlenia z 1 dnia
2025-10-16,2025-10-16,Leads PL Dyspozytor Poltrakt,inactive,,,,10,Dzienny,0,0,0,W toku,Kliknięcia z 7 dni lub wyświetlenia z 1 dnia
2025-10-16,2025-10-16,Leads PL Dyspozytor Poltrakt,inactive,,,,10,Dzienny,0,0,0,W toku,Kliknięcia z 7 dni lub wyświetlenia z 1 dnia
2025-10-16,2025-10-16,PL Agency Ads,inactive,,,,10,Dzienny,0,0,0,W toku,Kliknięcia z 7 dni lub wyświetlenia z 1 dnia
2025-10-16,2025-10-16,RU Leads Poltrakt CE PL S/F Start 20.06.2026,inactive,,,,30,Dzienny,0,0,0,W toku,Kliknięcia z 7 dni lub wyświetlenia z 1 dnia
2025-10-16,2025-10-16,Leads RU Mrozek 100 eur,inactive,,,,10,Dzienny,0,0,0,W toku,Kliknięcia z 7 dni lub wyświetlenia z 1 dnia
2025-10-16,2025-10-16,Leads ENG Poltrakt Week/Cadence Poland,inactive,,,,20,Dzienny,0,0,0,W toku,Kliknięcia z 7 dni lub wyświetlenia z 1 dnia
2025-10-16,2025-10-16,PL Agency Ads Start 14.05.2026,inactive,,,,10,Dzienny,0,0,0,W toku,Kliknięcia z 7 dni lub wyświetlenia z 1 dnia
2025-10-16,2025-10-16,Poltrakt PL Magazynier,inactive,,,,5,Dzienny,0,0,0,W toku,Kliknięcia z 7 dni lub wyświetlenia z 1 dnia
2025-10-16,2025-10-16,Poltrakt Drivers CE Week/Full,inactive,,,,Użycie budżetu zestawu reklam,0,0,0,0,W toku,Kliknięcia z 7 dni lub wyświetlenia z 1 dnia
2025-10-16,2025-10-16,Poltrakt PL CE Italy/ pol leads,inactive,,,,11,Dzienny,0,0,0,W toku,Kliknięcia z 7 dni lub wyświetlenia z 1 dnia
2025-10-16,2025-10-16,Poltrakt PL CE Pol Leads,inactive,,,,7,Dzienny,0,0,0,W toku,Kliknięcia z 7 dni lub wyświetlenia z 1 dnia
2025-10-15,2025-10-15,Leads Agency PL,inactive,,,,10,Dzienny,0,0,0,W toku,Kliknięcia z 7 dni lub wyświetlenia z 1 dnia
2025-10-15,2025-10-15,Pracownik Magazynowy PL/ RU/ ENG Leads,inactive,,,,15,Dzienny,0,0,0,W toku,Kliknięcia z 7 dni lub wyświetlenia z 1 dnia
2025-10-15,2025-10-15,Leads RU Mrozek 100 eur,inactive,,,,10,Dzienny,0,0,0,W toku,Kliknięcia z 7 dni lub wyświetlenia z 1 dnia
2025-10-15,2025-10-15,Leads PL Dyspozytor Poltrakt,inactive,,,,10,Dzienny,0,0,0,W toku,Kliknięcia z 7 dni lub wyświetlenia z 1 dnia
2025-10-15,2025-10-15,Leads PL Dyspozytor Poltrakt,inactive,,,,10,Dzienny,0,0,0,W toku,Kliknięcia z 7 dni lub wyświetlenia z 1 dnia
2025-10-15,2025-10-15,PL Agency Ads,inactive,,,,10,Dzienny,0,0,0,W toku,Kliknięcia z 7 dni lub wyświetlenia z 1 dnia
2025-10-15,2025-10-15,RU Leads Poltrakt CE PL S/F Start 20.06.2026,inactive,,,,30,Dzienny,0,0,0,W toku,Kliknięcia z 7 dni lub wyświetlenia z 1 dnia
2025-10-15,2025-10-15,Leads RU Mrozek 100 eur,inactive,,,,10,Dzienny,0,0,0,W toku,Kliknięcia z 7 dni lub wyświetlenia z 1 dnia
2025-10-15,2025-10-15,Leads ENG Poltrakt Week/Cadence Poland,inactive,,,,20,Dzienny,0,0,0,W toku,Kliknięcia z 7 dni lub wyświetlenia z 1 dnia
2025-10-15,2025-10-15,PL Agency Ads Start 14.05.2026,inactive,,,,10,Dzienny,0,0,0,W toku,Kliknięcia z 7 dni lub wyświetlenia z 1 dnia
2025-10-15,2025-10-15,Poltrakt PL Magazynier,inactive,,,,5,Dzienny,0,0,0,W toku,Kliknięcia z 7 dni lub wyświetlenia z 1 dnia
2025-10-15,2025-10-15,Poltrakt Drivers CE Week/Full,inactive,,,,Użycie budżetu zestawu reklam,0,0,0,0,W toku,Kliknięcia z 7 dni lub wyświetlenia z 1 dnia
2025-10-15,2025-10-15,Poltrakt PL CE Italy/ pol leads,inactive,,,,11,Dzienny,0,0,0,W toku,Kliknięcia z 7 dni lub wyświetlenia z 1 dnia
2025-10-15,2025-10-15,Poltrakt PL CE Pol Leads,inactive,,,,7,Dzienny,0,0,0,W toku,Kliknięcia z 7 dni lub wyświetlenia z 1 dnia
2025-10-14,2025-10-14,Leads Agency PL,inactive,,,,10,Dzienny,0,0,0,W toku,Kliknięcia z 7 dni lub wyświetlenia z 1 dnia
2025-10-14,2025-10-14,Pracownik Magazynowy PL/ RU/ ENG Leads,inactive,,,,15,Dzienny,0,0,0,W toku,Kliknięcia z 7 dni lub wyświetlenia z 1 dnia
2025-10-14,2025-10-14,Leads RU Mrozek 100 eur,inactive,,,,10,Dzienny,0,0,0,W toku,Kliknięcia z 7 dni lub wyświetlenia z 1 dnia
2025-10-14,2025-10-14,Leads PL Dyspozytor Poltrakt,inactive,,,,10,Dzienny,0,0,0,W toku,Kliknięcia z 7 dni lub wyświetlenia z 1 dnia
2025-10-14,2025-10-14,Leads PL Dyspozytor Poltrakt,inactive,,,,10,Dzienny,0,0,0,W toku,Kliknięcia z 7 dni lub wyświetlenia z 1 dnia
2025-10-14,2025-10-14,PL Agency Ads,inactive,,,,10,Dzienny,0,0,0,W toku,Kliknięcia z 7 dni lub wyświetlenia z 1 dnia
2025-10-14,2025-10-14,RU Leads Poltrakt CE PL S/F Start 20.06.2026,inactive,,,,30,Dzienny,0,0,0,W toku,Kliknięcia z 7 dni lub wyświetlenia z 1 dnia
2025-10-14,2025-10-14,Leads RU Mrozek 100 eur,inactive,,,,10,Dzienny,0,0,0,W toku,Kliknięcia z 7 dni lub wyświetlenia z 1 dnia
2025-10-14,2025-10-14,Leads ENG Poltrakt Week/Cadence Poland,inactive,,,,20,Dzienny,0,0,0,W toku,Kliknięcia z 7 dni lub wyświetlenia z 1 dnia
2025-10-14,2025-10-14,PL Agency Ads Start 14.05.2026,inactive,,,,10,Dzienny,0,0,0,W toku,Kliknięcia z 7 dni lub wyświetlenia z 1 dnia
2025-10-14,2025-10-14,Poltrakt PL Magazynier,inactive,,,,5,Dzienny,0,0,0,W toku,Kliknięcia z 7 dni lub wyświetlenia z 1 dnia
2025-10-14,2025-10-14,Poltrakt Drivers CE Week/Full,inactive,,,,Użycie budżetu zestawu reklam,0,0,0,0,W toku,Kliknięcia z 7 dni lub wyświetlenia z 1 dnia
2025-10-14,2025-10-14,Poltrakt PL CE Italy/ pol leads,inactive,,,,11,Dzienny,0,0,0,W toku,Kliknięcia z 7 dni lub wyświetlenia z 1 dnia
2025-10-14,2025-10-14,Poltrakt PL CE Pol Leads,inactive,,,,7,Dzienny,0,0,0,W toku,Kliknięcia z 7 dni lub wyświetlenia z 1 dnia
2025-10-13,2025-10-13,Leads Agency PL,inactive,,,,10,Dzienny,0,0,0,W toku,Kliknięcia z 7 dni lub wyświetlenia z 1 dnia
2025-10-13,2025-10-13,Pracownik Magazynowy PL/ RU/ ENG Leads,inactive,,,,15,Dzienny,0,0,0,W toku,Kliknięcia z 7 dni lub wyświetlenia z 1 dnia
2025-10-13,2025-10-13,Leads RU Mrozek 100 eur,inactive,,,,10,Dzienny,0,0,0,W toku,Kliknięcia z 7 dni lub wyświetlenia z 1 dnia
2025-10-13,2025-10-13,Leads PL Dyspozytor Poltrakt,inactive,,,,10,Dzienny,0,0,0,W toku,Kliknięcia z 7 dni lub wyświetlenia z 1 dnia
2025-10-13,2025-10-13,Leads PL Dyspozytor Poltrakt,inactive,,,,10,Dzienny,0,0,0,W toku,Kliknięcia z 7 dni lub wyświetlenia z 1 dnia
2025-10-13,2025-10-13,PL Agency Ads,inactive,,,,10,Dzienny,0,0,0,W toku,Kliknięcia z 7 dni lub wyświetlenia z 1 dnia
2025-10-13,2025-10-13,RU Leads Poltrakt CE PL S/F Start 20.06.2026,inactive,,,,30,Dzienny,0,0,0,W toku,Kliknięcia z 7 dni lub wyświetlenia z 1 dnia
2025-10-13,2025-10-13,Leads RU Mrozek 100 eur,inactive,,,,10,Dzienny,0,0,0,W toku,Kliknięcia z 7 dni lub wyświetlenia z 1 dnia
2025-10-13,2025-10-13,Leads ENG Poltrakt Week/Cadence Poland,inactive,,,,20,Dzienny,0,0,0,W toku,Kliknięcia z 7 dni lub wyświetlenia z 1 dnia
2025-10-13,2025-10-13,PL Agency Ads Start 14.05.2026,inactive,,,,10,Dzienny,0,0,0,W toku,Kliknięcia z 7 dni lub wyświetlenia z 1 dnia
2025-10-13,2025-10-13,Poltrakt PL Magazynier,inactive,,,,5,Dzienny,0,0,0,W toku,Kliknięcia z 7 dni lub wyświetlenia z 1 dnia
2025-10-13,2025-10-13,Poltrakt Drivers CE Week/Full,inactive,,,,Użycie budżetu zestawu reklam,0,0,0,0,W toku,Kliknięcia z 7 dni lub wyświetlenia z 1 dnia
2025-10-13,2025-10-13,Poltrakt PL CE Italy/ pol leads,inactive,,,,11,Dzienny,0,0,0,W toku,Kliknięcia z 7 dni lub wyświetlenia z 1 dnia
2025-10-13,2025-10-13,Poltrakt PL CE Pol Leads,inactive,,,,7,Dzienny,0,0,0,W toku,Kliknięcia z 7 dni lub wyświetlenia z 1 dnia
2025-10-12,2025-10-12,Leads Agency PL,inactive,,,,10,Dzienny,0,0,0,W toku,Kliknięcia z 7 dni lub wyświetlenia z 1 dnia
2025-10-12,2025-10-12,Pracownik Magazynowy PL/ RU/ ENG Leads,inactive,,,,15,Dzienny,0,0,0,W toku,Kliknięcia z 7 dni lub wyświetlenia z 1 dnia
2025-10-12,2025-10-12,Leads RU Mrozek 100 eur,inactive,,,,10,Dzienny,0,0,0,W toku,Kliknięcia z 7 dni lub wyświetlenia z 1 dnia
2025-10-12,2025-10-12,Leads PL Dyspozytor Poltrakt,inactive,,,,10,Dzienny,0,0,0,W toku,Kliknięcia z 7 dni lub wyświetlenia z 1 dnia
2025-10-12,2025-10-12,Leads PL Dyspozytor Poltrakt,inactive,,,,10,Dzienny,0,0,0,W toku,Kliknięcia z 7 dni lub wyświetlenia z 1 dnia
2025-10-12,2025-10-12,PL Agency Ads,inactive,,,,10,Dzienny,0,0,0,W toku,Kliknięcia z 7 dni lub wyświetlenia z 1 dnia
2025-10-12,2025-10-12,RU Leads Poltrakt CE PL S/F Start 20.06.2026,inactive,,,,30,Dzienny,0,0,0,W toku,Kliknięcia z 7 dni lub wyświetlenia z 1 dnia
2025-10-12,2025-10-12,Leads RU Mrozek 100 eur,inactive,,,,10,Dzienny,0,0,0,W toku,Kliknięcia z 7 dni lub wyświetlenia z 1 dnia
2025-10-12,2025-10-12,Leads ENG Poltrakt Week/Cadence Poland,inactive,,,,20,Dzienny,0,0,0,W toku,Kliknięcia z 7 dni lub wyświetlenia z 1 dnia
2025-10-12,2025-10-12,PL Agency Ads Start 14.05.2026,inactive,,,,10,Dzienny,0,0,0,W toku,Kliknięcia z 7 dni lub wyświetlenia z 1 dnia
2025-10-12,2025-10-12,Poltrakt PL Magazynier,inactive,,,,5,Dzienny,0,0,0,W toku,Kliknięcia z 7 dni lub wyświetlenia z 1 dnia
2025-10-12,2025-10-12,Poltrakt Drivers CE Week/Full,inactive,,,,Użycie budżetu zestawu reklam,0,0,0,0,W toku,Kliknięcia z 7 dni lub wyświetlenia z 1 dnia
2025-10-12,2025-10-12,Poltrakt PL CE Italy/ pol leads,inactive,,,,11,Dzienny,0,0,0,W toku,Kliknięcia z 7 dni lub wyświetlenia z 1 dnia
2025-10-12,2025-10-12,Poltrakt PL CE Pol Leads,inactive,,,,7,Dzienny,0,0,0,W toku,Kliknięcia z 7 dni lub wyświetlenia z 1 dnia
2025-10-11,2025-10-11,Leads Agency PL,inactive,,,,10,Dzienny,0,0,0,W toku,Kliknięcia z 7 dni lub wyświetlenia z 1 dnia
2025-10-11,2025-10-11,Pracownik Magazynowy PL/ RU/ ENG Leads,inactive,,,,15,Dzienny,0,0,0,W toku,Kliknięcia z 7 dni lub wyświetlenia z 1 dnia
2025-10-11,2025-10-11,Leads RU Mrozek 100 eur,inactive,,,,10,Dzienny,0,0,0,W toku,Kliknięcia z 7 dni lub wyświetlenia z 1 dnia
2025-10-11,2025-10-11,Leads PL Dyspozytor Poltrakt,inactive,,,,10,Dzienny,0,0,0,W toku,Kliknięcia z 7 dni lub wyświetlenia z 1 dnia
2025-10-11,2025-10-11,Leads PL Dyspozytor Poltrakt,inactive,,,,10,Dzienny,0,0,0,W toku,Kliknięcia z 7 dni lub wyświetlenia z 1 dnia
2025-10-11,2025-10-11,PL Agency Ads,inactive,,,,10,Dzienny,0,0,0,W toku,Kliknięcia z 7 dni lub wyświetlenia z 1 dnia
2025-10-11,2025-10-11,RU Leads Poltrakt CE PL S/F Start 20.06.2026,inactive,,,,30,Dzienny,0,0,0,W toku,Kliknięcia z 7 dni lub wyświetlenia z 1 dnia
2025-10-11,2025-10-11,Leads RU Mrozek 100 eur,inactive,,,,10,Dzienny,0,0,0,W toku,Kliknięcia z 7 dni lub wyświetlenia z 1 dnia
2025-10-11,2025-10-11,Leads ENG Poltrakt Week/Cadence Poland,inactive,,,,20,Dzienny,0,0,0,W toku,Kliknięcia z 7 dni lub wyświetlenia z 1 dnia
2025-10-11,2025-10-11,PL Agency Ads Start 14.05.2026,inactive,,,,10,Dzienny,0,0,0,W toku,Kliknięcia z 7 dni lub wyświetlenia z 1 dnia
2025-10-11,2025-10-11,Poltrakt PL Magazynier,inactive,,,,5,Dzienny,0,0,0,W toku,Kliknięcia z 7 dni lub wyświetlenia z 1 dnia
2025-10-11,2025-10-11,Poltrakt Drivers CE Week/Full,inactive,,,,Użycie budżetu zestawu reklam,0,0,0,0,W toku,Kliknięcia z 7 dni lub wyświetlenia z 1 dnia
2025-10-11,2025-10-11,Poltrakt PL CE Italy/ pol leads,inactive,,,,11,Dzienny,0,0,0,W toku,Kliknięcia z 7 dni lub wyświetlenia z 1 dnia
2025-10-11,2025-10-11,Poltrakt PL CE Pol Leads,inactive,,,,7,Dzienny,0,0,0,W toku,Kliknięcia z 7 dni lub wyświetlenia z 1 dnia
2025-10-10,2025-10-10,Leads Agency PL,inactive,,,,10,Dzienny,0,0,0,W toku,Kliknięcia z 7 dni lub wyświetlenia z 1 dnia
2025-10-10,2025-10-10,Pracownik Magazynowy PL/ RU/ ENG Leads,inactive,,,,15,Dzienny,0,0,0,W toku,Kliknięcia z 7 dni lub wyświetlenia z 1 dnia
2025-10-10,2025-10-10,Leads RU Mrozek 100 eur,inactive,,,,10,Dzienny,0,0,0,W toku,Kliknięcia z 7 dni lub wyświetlenia z 1 dnia
2025-10-10,2025-10-10,Leads PL Dyspozytor Poltrakt,inactive,,,,10,Dzienny,0,0,0,W toku,Kliknięcia z 7 dni lub wyświetlenia z 1 dnia
2025-10-10,2025-10-10,Leads PL Dyspozytor Poltrakt,inactive,,,,10,Dzienny,0,0,0,W toku,Kliknięcia z 7 dni lub wyświetlenia z 1 dnia
2025-10-10,2025-10-10,PL Agency Ads,inactive,,,,10,Dzienny,0,0,0,W toku,Kliknięcia z 7 dni lub wyświetlenia z 1 dnia
2025-10-10,2025-10-10,RU Leads Poltrakt CE PL S/F Start 20.06.2026,inactive,,,,30,Dzienny,0,0,0,W toku,Kliknięcia z 7 dni lub wyświetlenia z 1 dnia
2025-10-10,2025-10-10,Leads RU Mrozek 100 eur,inactive,,,,10,Dzienny,0,0,0,W toku,Kliknięcia z 7 dni lub wyświetlenia z 1 dnia
2025-10-10,2025-10-10,Leads ENG Poltrakt Week/Cadence Poland,inactive,,,,20,Dzienny,0,0,0,W toku,Kliknięcia z 7 dni lub wyświetlenia z 1 dnia
2025-10-10,2025-10-10,PL Agency Ads Start 14.05.2026,inactive,,,,10,Dzienny,0,0,0,W toku,Kliknięcia z 7 dni lub wyświetlenia z 1 dnia
2025-10-10,2025-10-10,Poltrakt PL Magazynier,inactive,,,,5,Dzienny,0,0,0,W toku,Kliknięcia z 7 dni lub wyświetlenia z 1 dnia
2025-10-10,2025-10-10,Poltrakt Drivers CE Week/Full,inactive,,,,Użycie budżetu zestawu reklam,0,0,0,0,W toku,Kliknięcia z 7 dni lub wyświetlenia z 1 dnia
2025-10-10,2025-10-10,Poltrakt PL CE Italy/ pol leads,inactive,,,,11,Dzienny,0,0,0,W toku,Kliknięcia z 7 dni lub wyświetlenia z 1 dnia
2025-10-10,2025-10-10,Poltrakt PL CE Pol Leads,inactive,,,,7,Dzienny,0,0,0,W toku,Kliknięcia z 7 dni lub wyświetlenia z 1 dnia
2025-10-09,2025-10-09,Leads Agency PL,inactive,,,,10,Dzienny,0,0,0,W toku,Kliknięcia z 7 dni lub wyświetlenia z 1 dnia
2025-10-09,2025-10-09,Pracownik Magazynowy PL/ RU/ ENG Leads,inactive,,,,15,Dzienny,0,0,0,W toku,Kliknięcia z 7 dni lub wyświetlenia z 1 dnia
2025-10-09,2025-10-09,Leads RU Mrozek 100 eur,inactive,,,,10,Dzienny,0,0,0,W toku,Kliknięcia z 7 dni lub wyświetlenia z 1 dnia
2025-10-09,2025-10-09,Leads PL Dyspozytor Poltrakt,inactive,,,,10,Dzienny,0,0,0,W toku,Kliknięcia z 7 dni lub wyświetlenia z 1 dnia
2025-10-09,2025-10-09,Leads PL Dyspozytor Poltrakt,inactive,,,,10,Dzienny,0,0,0,W toku,Kliknięcia z 7 dni lub wyświetlenia z 1 dnia
2025-10-09,2025-10-09,PL Agency Ads,inactive,,,,10,Dzienny,0,0,0,W toku,Kliknięcia z 7 dni lub wyświetlenia z 1 dnia
2025-10-09,2025-10-09,RU Leads Poltrakt CE PL S/F Start 20.06.2026,inactive,,,,30,Dzienny,0,0,0,W toku,Kliknięcia z 7 dni lub wyświetlenia z 1 dnia
2025-10-09,2025-10-09,Leads RU Mrozek 100 eur,inactive,,,,10,Dzienny,0,0,0,W toku,Kliknięcia z 7 dni lub wyświetlenia z 1 dnia
2025-10-09,2025-10-09,Leads ENG Poltrakt Week/Cadence Poland,inactive,,,,20,Dzienny,0,0,0,W toku,Kliknięcia z 7 dni lub wyświetlenia z 1 dnia
2025-10-09,2025-10-09,PL Agency Ads Start 14.05.2026,inactive,,,,10,Dzienny,0,0,0,W toku,Kliknięcia z 7 dni lub wyświetlenia z 1 dnia
2025-10-09,2025-10-09,Poltrakt PL Magazynier,inactive,,,,5,Dzienny,0,0,0,W toku,Kliknięcia z 7 dni lub wyświetlenia z 1 dnia
2025-10-09,2025-10-09,Poltrakt Drivers CE Week/Full,inactive,,,,Użycie budżetu zestawu reklam,0,0,0,0,W toku,Kliknięcia z 7 dni lub wyświetlenia z 1 dnia
2025-10-09,2025-10-09,Poltrakt PL CE Italy/ pol leads,inactive,,,,11,Dzienny,0,0,0,W toku,Kliknięcia z 7 dni lub wyświetlenia z 1 dnia
2025-10-09,2025-10-09,Poltrakt PL CE Pol Leads,inactive,,,,7,Dzienny,0,0,0,W toku,Kliknięcia z 7 dni lub wyświetlenia z 1 dnia
2025-10-08,2025-10-08,Leads Agency PL,inactive,,,,10,Dzienny,0,0,0,W toku,Kliknięcia z 7 dni lub wyświetlenia z 1 dnia
2025-10-08,2025-10-08,Pracownik Magazynowy PL/ RU/ ENG Leads,inactive,,,,15,Dzienny,0,0,0,W toku,Kliknięcia z 7 dni lub wyświetlenia z 1 dnia
2025-10-08,2025-10-08,Leads RU Mrozek 100 eur,inactive,,,,10,Dzienny,0,0,0,W toku,Kliknięcia z 7 dni lub wyświetlenia z 1 dnia
2025-10-08,2025-10-08,Leads PL Dyspozytor Poltrakt,inactive,,,,10,Dzienny,0,0,0,W toku,Kliknięcia z 7 dni lub wyświetlenia z 1 dnia
2025-10-08,2025-10-08,Leads PL Dyspozytor Poltrakt,inactive,,,,10,Dzienny,0,0,0,W toku,Kliknięcia z 7 dni lub wyświetlenia z 1 dnia
2025-10-08,2025-10-08,PL Agency Ads,inactive,,,,10,Dzienny,0,0,0,W toku,Kliknięcia z 7 dni lub wyświetlenia z 1 dnia
2025-10-08,2025-10-08,RU Leads Poltrakt CE PL S/F Start 20.06.2026,inactive,,,,30,Dzienny,0,0,0,W toku,Kliknięcia z 7 dni lub wyświetlenia z 1 dnia
2025-10-08,2025-10-08,Leads RU Mrozek 100 eur,inactive,,,,10,Dzienny,0,0,0,W toku,Kliknięcia z 7 dni lub wyświetlenia z 1 dnia
2025-10-08,2025-10-08,Leads ENG Poltrakt Week/Cadence Poland,inactive,,,,20,Dzienny,0,0,0,W toku,Kliknięcia z 7 dni lub wyświetlenia z 1 dnia
2025-10-08,2025-10-08,PL Agency Ads Start 14.05.2026,inactive,,,,10,Dzienny,0,0,0,W toku,Kliknięcia z 7 dni lub wyświetlenia z 1 dnia
2025-10-08,2025-10-08,Poltrakt PL Magazynier,inactive,,,,5,Dzienny,0,0,0,W toku,Kliknięcia z 7 dni lub wyświetlenia z 1 dnia
2025-10-08,2025-10-08,Poltrakt Drivers CE Week/Full,inactive,,,,Użycie budżetu zestawu reklam,0,0,0,0,W toku,Kliknięcia z 7 dni lub wyświetlenia z 1 dnia
2025-10-08,2025-10-08,Poltrakt PL CE Italy/ pol leads,inactive,,,,11,Dzienny,0,0,0,W toku,Kliknięcia z 7 dni lub wyświetlenia z 1 dnia
2025-10-08,2025-10-08,Poltrakt PL CE Pol Leads,inactive,,,,7,Dzienny,0,0,0,W toku,Kliknięcia z 7 dni lub wyświetlenia z 1 dnia
2025-10-07,2025-10-07,Leads Agency PL,inactive,,,,10,Dzienny,0,0,0,W toku,Kliknięcia z 7 dni lub wyświetlenia z 1 dnia
2025-10-07,2025-10-07,Pracownik Magazynowy PL/ RU/ ENG Leads,inactive,,,,15,Dzienny,0,0,0,W toku,Kliknięcia z 7 dni lub wyświetlenia z 1 dnia
2025-10-07,2025-10-07,Leads RU Mrozek 100 eur,inactive,,,,10,Dzienny,0,0,0,W toku,Kliknięcia z 7 dni lub wyświetlenia z 1 dnia
2025-10-07,2025-10-07,Leads PL Dyspozytor Poltrakt,inactive,,,,10,Dzienny,0,0,0,W toku,Kliknięcia z 7 dni lub wyświetlenia z 1 dnia
2025-10-07,2025-10-07,Leads PL Dyspozytor Poltrakt,inactive,,,,10,Dzienny,0,0,0,W toku,Kliknięcia z 7 dni lub wyświetlenia z 1 dnia
2025-10-07,2025-10-07,PL Agency Ads,inactive,,,,10,Dzienny,0,0,0,W toku,Kliknięcia z 7 dni lub wyświetlenia z 1 dnia
2025-10-07,2025-10-07,RU Leads Poltrakt CE PL S/F Start 20.06.2026,inactive,,,,30,Dzienny,0,0,0,W toku,Kliknięcia z 7 dni lub wyświetlenia z 1 dnia
2025-10-07,2025-10-07,Leads RU Mrozek 100 eur,inactive,,,,10,Dzienny,0,0,0,W toku,Kliknięcia z 7 dni lub wyświetlenia z 1 dnia
2025-10-07,2025-10-07,Leads ENG Poltrakt Week/Cadence Poland,inactive,,,,20,Dzienny,0,0,0,W toku,Kliknięcia z 7 dni lub wyświetlenia z 1 dnia
2025-10-07,2025-10-07,PL Agency Ads Start 14.05.2026,inactive,,,,10,Dzienny,0,0,0,W toku,Kliknięcia z 7 dni lub wyświetlenia z 1 dnia
2025-10-07,2025-10-07,Poltrakt PL Magazynier,inactive,,,,5,Dzienny,0,0,0,W toku,Kliknięcia z 7 dni lub wyświetlenia z 1 dnia
2025-10-07,2025-10-07,Poltrakt Drivers CE Week/Full,inactive,,,,Użycie budżetu zestawu reklam,0,0,0,0,W toku,Kliknięcia z 7 dni lub wyświetlenia z 1 dnia
2025-10-07,2025-10-07,Poltrakt PL CE Italy/ pol leads,inactive,,,,11,Dzienny,0,0,0,W toku,Kliknięcia z 7 dni lub wyświetlenia z 1 dnia
2025-10-07,2025-10-07,Poltrakt PL CE Pol Leads,inactive,,,,7,Dzienny,0,0,0,W toku,Kliknięcia z 7 dni lub wyświetlenia z 1 dnia
2025-10-06,2025-10-06,Leads Agency PL,inactive,,,,10,Dzienny,0,0,0,W toku,Kliknięcia z 7 dni lub wyświetlenia z 1 dnia
2025-10-06,2025-10-06,Pracownik Magazynowy PL/ RU/ ENG Leads,inactive,,,,15,Dzienny,0,0,0,W toku,Kliknięcia z 7 dni lub wyświetlenia z 1 dnia
2025-10-06,2025-10-06,Leads RU Mrozek 100 eur,inactive,,,,10,Dzienny,0,0,0,W toku,Kliknięcia z 7 dni lub wyświetlenia z 1 dnia
2025-10-06,2025-10-06,Leads PL Dyspozytor Poltrakt,inactive,,,,10,Dzienny,0,0,0,W toku,Kliknięcia z 7 dni lub wyświetlenia z 1 dnia
2025-10-06,2025-10-06,Leads PL Dyspozytor Poltrakt,inactive,,,,10,Dzienny,0,0,0,W toku,Kliknięcia z 7 dni lub wyświetlenia z 1 dnia
2025-10-06,2025-10-06,PL Agency Ads,inactive,,,,10,Dzienny,0,0,0,W toku,Kliknięcia z 7 dni lub wyświetlenia z 1 dnia
2025-10-06,2025-10-06,RU Leads Poltrakt CE PL S/F Start 20.06.2026,inactive,,,,30,Dzienny,0,0,0,W toku,Kliknięcia z 7 dni lub wyświetlenia z 1 dnia
2025-10-06,2025-10-06,Leads RU Mrozek 100 eur,inactive,,,,10,Dzienny,0,0,0,W toku,Kliknięcia z 7 dni lub wyświetlenia z 1 dnia
2025-10-06,2025-10-06,Leads ENG Poltrakt Week/Cadence Poland,inactive,,,,20,Dzienny,0,0,0,W toku,Kliknięcia z 7 dni lub wyświetlenia z 1 dnia
2025-10-06,2025-10-06,PL Agency Ads Start 14.05.2026,inactive,,,,10,Dzienny,0,0,0,W toku,Kliknięcia z 7 dni lub wyświetlenia z 1 dnia
2025-10-06,2025-10-06,Poltrakt PL Magazynier,inactive,,,,5,Dzienny,0,0,0,W toku,Kliknięcia z 7 dni lub wyświetlenia z 1 dnia
2025-10-06,2025-10-06,Poltrakt Drivers CE Week/Full,inactive,,,,Użycie budżetu zestawu reklam,0,0,0,0,W toku,Kliknięcia z 7 dni lub wyświetlenia z 1 dnia
2025-10-06,2025-10-06,Poltrakt PL CE Italy/ pol leads,inactive,,,,11,Dzienny,0,0,0,W toku,Kliknięcia z 7 dni lub wyświetlenia z 1 dnia
2025-10-06,2025-10-06,Poltrakt PL CE Pol Leads,inactive,,,,7,Dzienny,0,0,0,W toku,Kliknięcia z 7 dni lub wyświetlenia z 1 dnia
2025-10-05,2025-10-05,Leads Agency PL,inactive,,,,10,Dzienny,0,0,0,W toku,Kliknięcia z 7 dni lub wyświetlenia z 1 dnia
2025-10-05,2025-10-05,Pracownik Magazynowy PL/ RU/ ENG Leads,inactive,,,,15,Dzienny,0,0,0,W toku,Kliknięcia z 7 dni lub wyświetlenia z 1 dnia
2025-10-05,2025-10-05,Leads RU Mrozek 100 eur,inactive,,,,10,Dzienny,0,0,0,W toku,Kliknięcia z 7 dni lub wyświetlenia z 1 dnia
2025-10-05,2025-10-05,Leads PL Dyspozytor Poltrakt,inactive,,,,10,Dzienny,0,0,0,W toku,Kliknięcia z 7 dni lub wyświetlenia z 1 dnia
2025-10-05,2025-10-05,Leads PL Dyspozytor Poltrakt,inactive,,,,10,Dzienny,0,0,0,W toku,Kliknięcia z 7 dni lub wyświetlenia z 1 dnia
2025-10-05,2025-10-05,PL Agency Ads,inactive,,,,10,Dzienny,0,0,0,W toku,Kliknięcia z 7 dni lub wyświetlenia z 1 dnia
2025-10-05,2025-10-05,RU Leads Poltrakt CE PL S/F Start 20.06.2026,inactive,,,,30,Dzienny,0,0,0,W toku,Kliknięcia z 7 dni lub wyświetlenia z 1 dnia
2025-10-05,2025-10-05,Leads RU Mrozek 100 eur,inactive,,,,10,Dzienny,0,0,0,W toku,Kliknięcia z 7 dni lub wyświetlenia z 1 dnia
2025-10-05,2025-10-05,Leads ENG Poltrakt Week/Cadence Poland,inactive,,,,20,Dzienny,0,0,0,W toku,Kliknięcia z 7 dni lub wyświetlenia z 1 dnia
2025-10-05,2025-10-05,PL Agency Ads Start 14.05.2026,inactive,,,,10,Dzienny,0,0,0,W toku,Kliknięcia z 7 dni lub wyświetlenia z 1 dnia
2025-10-05,2025-10-05,Poltrakt PL Magazynier,inactive,,,,5,Dzienny,0,0,0,W toku,Kliknięcia z 7 dni lub wyświetlenia z 1 dnia
2025-10-05,2025-10-05,Poltrakt Drivers CE Week/Full,inactive,,,,Użycie budżetu zestawu reklam,0,0,0,0,W toku,Kliknięcia z 7 dni lub wyświetlenia z 1 dnia
2025-10-05,2025-10-05,Poltrakt PL CE Italy/ pol leads,inactive,,,,11,Dzienny,0,0,0,W toku,Kliknięcia z 7 dni lub wyświetlenia z 1 dnia
2025-10-05,2025-10-05,Poltrakt PL CE Pol Leads,inactive,,,,7,Dzienny,0,0,0,W toku,Kliknięcia z 7 dni lub wyświetlenia z 1 dnia
2025-10-04,2025-10-04,Leads Agency PL,inactive,,,,10,Dzienny,0,0,0,W toku,Kliknięcia z 7 dni lub wyświetlenia z 1 dnia
2025-10-04,2025-10-04,Pracownik Magazynowy PL/ RU/ ENG Leads,inactive,,,,15,Dzienny,0,0,0,W toku,Kliknięcia z 7 dni lub wyświetlenia z 1 dnia
2025-10-04,2025-10-04,Leads RU Mrozek 100 eur,inactive,,,,10,Dzienny,0,0,0,W toku,Kliknięcia z 7 dni lub wyświetlenia z 1 dnia
2025-10-04,2025-10-04,Leads PL Dyspozytor Poltrakt,inactive,,,,10,Dzienny,0,0,0,W toku,Kliknięcia z 7 dni lub wyświetlenia z 1 dnia
2025-10-04,2025-10-04,Leads PL Dyspozytor Poltrakt,inactive,,,,10,Dzienny,0,0,0,W toku,Kliknięcia z 7 dni lub wyświetlenia z 1 dnia
2025-10-04,2025-10-04,PL Agency Ads,inactive,,,,10,Dzienny,0,0,0,W toku,Kliknięcia z 7 dni lub wyświetlenia z 1 dnia
2025-10-04,2025-10-04,RU Leads Poltrakt CE PL S/F Start 20.06.2026,inactive,,,,30,Dzienny,0,0,0,W toku,Kliknięcia z 7 dni lub wyświetlenia z 1 dnia
2025-10-04,2025-10-04,Leads RU Mrozek 100 eur,inactive,,,,10,Dzienny,0,0,0,W toku,Kliknięcia z 7 dni lub wyświetlenia z 1 dnia
2025-10-04,2025-10-04,Leads ENG Poltrakt Week/Cadence Poland,inactive,,,,20,Dzienny,0,0,0,W toku,Kliknięcia z 7 dni lub wyświetlenia z 1 dnia
2025-10-04,2025-10-04,PL Agency Ads Start 14.05.2026,inactive,,,,10,Dzienny,0,0,0,W toku,Kliknięcia z 7 dni lub wyświetlenia z 1 dnia
2025-10-04,2025-10-04,Poltrakt PL Magazynier,inactive,,,,5,Dzienny,0,0,0,W toku,Kliknięcia z 7 dni lub wyświetlenia z 1 dnia
2025-10-04,2025-10-04,Poltrakt Drivers CE Week/Full,inactive,,,,Użycie budżetu zestawu reklam,0,0,0,0,W toku,Kliknięcia z 7 dni lub wyświetlenia z 1 dnia
2025-10-04,2025-10-04,Poltrakt PL CE Italy/ pol leads,inactive,,,,11,Dzienny,0,0,0,W toku,Kliknięcia z 7 dni lub wyświetlenia z 1 dnia
2025-10-04,2025-10-04,Poltrakt PL CE Pol Leads,inactive,,,,7,Dzienny,0,0,0,W toku,Kliknięcia z 7 dni lub wyświetlenia z 1 dnia
2025-10-03,2025-10-03,Leads Agency PL,inactive,,,,10,Dzienny,0,0,0,W toku,Kliknięcia z 7 dni lub wyświetlenia z 1 dnia
2025-10-03,2025-10-03,Pracownik Magazynowy PL/ RU/ ENG Leads,inactive,,,,15,Dzienny,0,0,0,W toku,Kliknięcia z 7 dni lub wyświetlenia z 1 dnia
2025-10-03,2025-10-03,Leads RU Mrozek 100 eur,inactive,,,,10,Dzienny,0,0,0,W toku,Kliknięcia z 7 dni lub wyświetlenia z 1 dnia
2025-10-03,2025-10-03,Leads PL Dyspozytor Poltrakt,inactive,,,,10,Dzienny,0,0,0,W toku,Kliknięcia z 7 dni lub wyświetlenia z 1 dnia
2025-10-03,2025-10-03,Leads PL Dyspozytor Poltrakt,inactive,,,,10,Dzienny,0,0,0,W toku,Kliknięcia z 7 dni lub wyświetlenia z 1 dnia
2025-10-03,2025-10-03,PL Agency Ads,inactive,,,,10,Dzienny,0,0,0,W toku,Kliknięcia z 7 dni lub wyświetlenia z 1 dnia
2025-10-03,2025-10-03,RU Leads Poltrakt CE PL S/F Start 20.06.2026,inactive,,,,30,Dzienny,0,0,0,W toku,Kliknięcia z 7 dni lub wyświetlenia z 1 dnia
2025-10-03,2025-10-03,Leads RU Mrozek 100 eur,inactive,,,,10,Dzienny,0,0,0,W toku,Kliknięcia z 7 dni lub wyświetlenia z 1 dnia
2025-10-03,2025-10-03,Leads ENG Poltrakt Week/Cadence Poland,inactive,,,,20,Dzienny,0,0,0,W toku,Kliknięcia z 7 dni lub wyświetlenia z 1 dnia
2025-10-03,2025-10-03,PL Agency Ads Start 14.05.2026,inactive,,,,10,Dzienny,0,0,0,W toku,Kliknięcia z 7 dni lub wyświetlenia z 1 dnia
2025-10-03,2025-10-03,Poltrakt PL Magazynier,inactive,,,,5,Dzienny,0,0,0,W toku,Kliknięcia z 7 dni lub wyświetlenia z 1 dnia
2025-10-03,2025-10-03,Poltrakt Drivers CE Week/Full,inactive,,,,Użycie budżetu zestawu reklam,0,0,0,0,W toku,Kliknięcia z 7 dni lub wyświetlenia z 1 dnia
2025-10-03,2025-10-03,Poltrakt PL CE Italy/ pol leads,inactive,,,,11,Dzienny,0,0,0,W toku,Kliknięcia z 7 dni lub wyświetlenia z 1 dnia
2025-10-03,2025-10-03,Poltrakt PL CE Pol Leads,inactive,,,,7,Dzienny,0,0,0,W toku,Kliknięcia z 7 dni lub wyświetlenia z 1 dnia
2025-10-02,2025-10-02,Leads Agency PL,inactive,,,,10,Dzienny,0,0,0,W toku,Kliknięcia z 7 dni lub wyświetlenia z 1 dnia
2025-10-02,2025-10-02,Pracownik Magazynowy PL/ RU/ ENG Leads,inactive,,,,15,Dzienny,0,0,0,W toku,Kliknięcia z 7 dni lub wyświetlenia z 1 dnia
2025-10-02,2025-10-02,Leads RU Mrozek 100 eur,inactive,,,,10,Dzienny,0,0,0,W toku,Kliknięcia z 7 dni lub wyświetlenia z 1 dnia
2025-10-02,2025-10-02,Leads PL Dyspozytor Poltrakt,inactive,,,,10,Dzienny,0,0,0,W toku,Kliknięcia z 7 dni lub wyświetlenia z 1 dnia
2025-10-02,2025-10-02,Leads PL Dyspozytor Poltrakt,inactive,,,,10,Dzienny,0,0,0,W toku,Kliknięcia z 7 dni lub wyświetlenia z 1 dnia
2025-10-02,2025-10-02,PL Agency Ads,inactive,,,,10,Dzienny,0,0,0,W toku,Kliknięcia z 7 dni lub wyświetlenia z 1 dnia
2025-10-02,2025-10-02,RU Leads Poltrakt CE PL S/F Start 20.06.2026,inactive,,,,30,Dzienny,0,0,0,W toku,Kliknięcia z 7 dni lub wyświetlenia z 1 dnia
2025-10-02,2025-10-02,Leads RU Mrozek 100 eur,inactive,,,,10,Dzienny,0,0,0,W toku,Kliknięcia z 7 dni lub wyświetlenia z 1 dnia
2025-10-02,2025-10-02,Leads ENG Poltrakt Week/Cadence Poland,inactive,,,,20,Dzienny,0,0,0,W toku,Kliknięcia z 7 dni lub wyświetlenia z 1 dnia
2025-10-02,2025-10-02,PL Agency Ads Start 14.05.2026,inactive,,,,10,Dzienny,0,0,0,W toku,Kliknięcia z 7 dni lub wyświetlenia z 1 dnia
2025-10-02,2025-10-02,Poltrakt PL Magazynier,inactive,,,,5,Dzienny,0,0,0,W toku,Kliknięcia z 7 dni lub wyświetlenia z 1 dnia
2025-10-02,2025-10-02,Poltrakt Drivers CE Week/Full,inactive,,,,Użycie budżetu zestawu reklam,0,0,0,0,W toku,Kliknięcia z 7 dni lub wyświetlenia z 1 dnia
2025-10-02,2025-10-02,Poltrakt PL CE Italy/ pol leads,inactive,,,,11,Dzienny,0,0,0,W toku,Kliknięcia z 7 dni lub wyświetlenia z 1 dnia
2025-10-02,2025-10-02,Poltrakt PL CE Pol Leads,inactive,,,,7,Dzienny,0,0,0,W toku,Kliknięcia z 7 dni lub wyświetlenia z 1 dnia
2025-10-01,2025-10-01,Leads Agency PL,inactive,,,,10,Dzienny,0,0,0,W toku,Kliknięcia z 7 dni lub wyświetlenia z 1 dnia
2025-10-01,2025-10-01,Pracownik Magazynowy PL/ RU/ ENG Leads,inactive,,,,15,Dzienny,0,0,0,W toku,Kliknięcia z 7 dni lub wyświetlenia z 1 dnia
2025-10-01,2025-10-01,Leads RU Mrozek 100 eur,inactive,,,,10,Dzienny,0,0,0,W toku,Kliknięcia z 7 dni lub wyświetlenia z 1 dnia
2025-10-01,2025-10-01,Leads PL Dyspozytor Poltrakt,inactive,,,,10,Dzienny,0,0,0,W toku,Kliknięcia z 7 dni lub wyświetlenia z 1 dnia
2025-10-01,2025-10-01,Leads PL Dyspozytor Poltrakt,inactive,,,,10,Dzienny,0,0,0,W toku,Kliknięcia z 7 dni lub wyświetlenia z 1 dnia
2025-10-01,2025-10-01,PL Agency Ads,inactive,,,,10,Dzienny,0,0,0,W toku,Kliknięcia z 7 dni lub wyświetlenia z 1 dnia
2025-10-01,2025-10-01,RU Leads Poltrakt CE PL S/F Start 20.06.2026,inactive,,,,30,Dzienny,0,0,0,W toku,Kliknięcia z 7 dni lub wyświetlenia z 1 dnia
2025-10-01,2025-10-01,Leads RU Mrozek 100 eur,inactive,,,,10,Dzienny,0,0,0,W toku,Kliknięcia z 7 dni lub wyświetlenia z 1 dnia
2025-10-01,2025-10-01,Leads ENG Poltrakt Week/Cadence Poland,inactive,,,,20,Dzienny,0,0,0,W toku,Kliknięcia z 7 dni lub wyświetlenia z 1 dnia
2025-10-01,2025-10-01,PL Agency Ads Start 14.05.2026,inactive,,,,10,Dzienny,0,0,0,W toku,Kliknięcia z 7 dni lub wyświetlenia z 1 dnia
2025-10-01,2025-10-01,Poltrakt PL Magazynier,inactive,,,,5,Dzienny,0,0,0,W toku,Kliknięcia z 7 dni lub wyświetlenia z 1 dnia
2025-10-01,2025-10-01,Poltrakt Drivers CE Week/Full,inactive,,,,Użycie budżetu zestawu reklam,0,0,0,0,W toku,Kliknięcia z 7 dni lub wyświetlenia z 1 dnia
2025-10-01,2025-10-01,Poltrakt PL CE Italy/ pol leads,inactive,,,,11,Dzienny,0,0,0,W toku,Kliknięcia z 7 dni lub wyświetlenia z 1 dnia
2025-10-01,2025-10-01,Poltrakt PL CE Pol Leads,inactive,,,,7,Dzienny,0,0,0,W toku,Kliknięcia z 7 dni lub wyświetlenia z 1 dnia